-- Generated by ../../script/webservice_test_data.pl

SET client_min_messages TO 'warning';

DELETE FROM release_group_primary_type;
DELETE FROM release_status;

-- Helper quasi-entities language, script, area
INSERT INTO language (frequency, id, iso_code_1, iso_code_2b, iso_code_2t, iso_code_3, name) VALUES (2, 120, 'en', 'eng', 'eng', 'eng', 'English');
INSERT INTO language (frequency, id, iso_code_1, iso_code_2b, iso_code_2t, iso_code_3, name) VALUES (2, 198, 'ja', 'jpn', 'jpn', 'jpn', 'Japanese');

INSERT INTO script (frequency, id, iso_code, iso_number, name) VALUES (4, 28, 'Latn', '215', 'Latin');
INSERT INTO script (frequency, id, iso_code, iso_number, name) VALUES (4, 85, 'Jpan', '413', 'Japanese');

INSERT INTO area_type (id, name) VALUES (1, 'Country');
INSERT INTO area (id, gid, name, type) VALUES
  ( 13, '106e0bec-b638-3b37-b731-f53d507dc00e', 'Australia', 1),
  ( 81, '85752fda-13c4-31a3-bee5-0e5cb1f51dad', 'Germany', 1),
  (107, '2db42837-c832-3c27-b4a3-08198f75693c', 'Japan', 1),
  (150, 'ef1b7cc0-cd26-36f4-8ea0-04d9623786c7', 'Netherlands', 1),
  (221, '8a754a16-0027-3a29-b6d7-2b40ea0481ed', 'United Kingdom', 1),
  (222, '489ce91b-6658-3307-9877-795b68554c98', 'United States', 1),
  (241, '89a675c2-3e37-3518-b83c-418bad59a85a', 'Europe', 1);
INSERT INTO country_area (area) VALUES ( 13), ( 81), (107), (150), (221), (222), (241);
INSERT INTO iso_3166_1 (area, code) VALUES ( 13, 'AU'), ( 81, 'DE'), (107, 'JP'), (150, 'NL'), (221, 'GB'), (222, 'US'), (241, 'XE');

INSERT INTO link_attribute_type (id, root, gid, name, description) VALUES
    (14, 14, '0abd7f04-5e28-425b-956f-94789d9bcbe2', 'instrument', 'This attribute describes the possible instruments that can be captured as part of a performance.'),
    (229, 14, '63021302-86cd-4aee-80df-2270d54f4978', 'guitar', ''),
    (788, 788, 'a59c5830-5ec7-38fe-9a21-c7ea54f6650a', 'number', 'This attribute indicates the number of a work in a series.');

INSERT INTO link_text_attribute_type (attribute_type) VALUES (788);

-- Types, statuses, etc.
INSERT INTO artist_type (id, name) VALUES (1, 'Person');
INSERT INTO artist_type (id, name) VALUES (2, 'Group');

INSERT INTO instrument_type (id, name) VALUES (1, 'Wind instrument');

INSERT INTO gender (id, name) VALUES (2, 'Female');

INSERT INTO label_type (id, name) VALUES (1, 'Distributor');
INSERT INTO label_type (id, name) VALUES (4, 'Original Production');
INSERT INTO label_type (id, name) VALUES (6, 'Reissue Production');
INSERT INTO label_type (id, name) VALUES (7, 'Publisher');

INSERT INTO place_type (id, name) VALUES (1, 'Venue');

INSERT INTO series_type (id, name, entity_type, parent, description) VALUES
    (4, 'Work', 'work', NULL, 'Indicates that the series is of works.'),
    (5, 'Catalogue', 'work', 4, 'Indicates that the series is a works catalogue.');

INSERT INTO series_ordering_type (id, name, description) VALUES
    (1, 'Automatic', 'Sorts the items in the series automatically by their number attributes, using a natural sort order.'),
    (2, 'Manual', 'Allows for manually setting the position of each item in the series.');

INSERT INTO work_type (id, name) VALUES (17, 'Song');

INSERT INTO release_status (id, name) VALUES (1, 'Official');
INSERT INTO release_status (id, name) VALUES (2, 'Promotion');
INSERT INTO release_status (id, name) VALUES (4, 'Pseudo-Release');

INSERT INTO medium_format (child_order, has_discids, id, name, parent, year) VALUES (0, '1', 1, 'CD', NULL, 1982);
INSERT INTO medium_format (child_order, has_discids, id, name, parent, year) VALUES (4, '0', 2, 'DVD', NULL, 1995);
INSERT INTO medium_format (child_order, has_discids, id, name, parent, year) VALUES (7, '0', 6, 'MiniDisc', NULL, 1992);
INSERT INTO medium_format (child_order, has_discids, id, name, parent, year) VALUES (1, '0', 7, 'Vinyl', NULL, 1895);

INSERT INTO cover_art_archive.image_type (mime_type, suffix) VALUES ('image/jpeg', 'jpg');
INSERT INTO cover_art_archive.art_type (id, name) VALUES (1, 'Front');

INSERT INTO release_group_primary_type (id, name) VALUES (1, 'Album');
INSERT INTO release_group_primary_type (id, name) VALUES (2, 'Single');
INSERT INTO release_group_primary_type (id, name) VALUES (3, 'EP');
INSERT INTO release_group_primary_type (id, name) VALUES (6, 'Spokenword');
INSERT INTO release_group_primary_type (id, name) VALUES (9, 'Live');

INSERT INTO release_group_secondary_type (id, name) VALUES (1, 'Remix');

-- URLs

INSERT INTO url (id, edits_pending, gid, last_updated, url) VALUES (151, 0, '4d4e9596-bde1-4f0c-93d5-16377ce7e89d', '2011-01-18 16:23:38+00', 'http://www.corporationblend.com/');
INSERT INTO url (id, edits_pending, gid, last_updated, url) VALUES (567, 0, '59c2f422-d40f-4ba0-9061-5738ca826036', '2011-01-18 16:23:38+00', 'http://www.thechemicalbrothers.com/');
INSERT INTO url (id, edits_pending, gid, last_updated, url) VALUES (845, 0, '3ce58cd4-092f-409f-9739-36dda741e9d2', '2011-01-18 16:23:38+00', 'http://www.badreligion.com/');
INSERT INTO url (id, edits_pending, gid, last_updated, url) VALUES (862, 0, '7e11affa-53be-4435-b8bc-d63ab29878f7', '2011-01-18 16:23:38+00', 'http://en.wikipedia.org/wiki/Bad_Religion');
INSERT INTO url (id, edits_pending, gid, last_updated, url) VALUES (2414, 0, '22cdca4c-b77a-4ccd-926b-75e8bdc75876', '2011-01-18 16:23:38+00', 'http://www.ledzeppelin.com/');
INSERT INTO url (id, edits_pending, gid, last_updated, url) VALUES (2734, 0, 'cce0f9b5-ba68-4fd6-8e63-8af583d95ab7', '2011-01-18 16:23:38+00', 'http://en.wikipedia.org/wiki/Led_Zeppelin');
INSERT INTO url (id, edits_pending, gid, last_updated, url) VALUES (2943, 0, '28eac461-c5e2-4c39-bfc6-10699e769036', '2011-01-18 16:23:38+00', 'http://en.wikipedia.org/wiki/The_Chemical_Brothers');
INSERT INTO url (id, edits_pending, gid, last_updated, url) VALUES (3905, 0, '53975436-4db9-4fd6-a6c1-0082a388e99b', '2011-01-18 16:23:38+00', 'http://musicmoz.org/Bands_and_Artists/C/Chemical_Brothers, _The/');
INSERT INTO url (id, edits_pending, gid, last_updated, url) VALUES (4117, 0, '6e2d4586-30d7-4407-b970-35e7d27e1588', '2011-01-18 16:23:38+00', 'http://musicmoz.org/Bands_and_Artists/L/Led_Zeppelin/');
INSERT INTO url (id, edits_pending, gid, last_updated, url) VALUES (4576, 0, '5cbfd2f0-9b67-458b-ae7a-b6276ab79216', '2011-01-18 16:23:38+00', 'http://www.discogs.com/artist/Bad+Religion');
INSERT INTO url (id, edits_pending, gid, last_updated, url) VALUES (4577, 0, 'd71a606a-13e7-492a-996c-86c1b9807d50', '2011-01-18 16:23:38+00', 'http://www.thebrpage.net/');
INSERT INTO url (id, edits_pending, gid, last_updated, url) VALUES (5017, 0, 'a1e956d4-3468-43f0-a11a-8bad38bff9b1', '2011-01-18 16:23:38+00', 'http://de.wikipedia.org/wiki/Bad_Religion');
INSERT INTO url (id, edits_pending, gid, last_updated, url) VALUES (6731, 0, '6231f330-ee60-4af3-962e-471c6d7e8850', '2011-01-18 16:23:38+00', 'http://musicmoz.org/Bands_and_Artists/B/Bad_Religion/');
INSERT INTO url (id, edits_pending, gid, last_updated, url) VALUES (8714, 0, '8ceabec6-1705-4c8f-b112-e51df55b9ded', '2011-01-18 16:23:38+00', 'http://en.wikipedia.org/wiki/Houses_of_the_Holy');
INSERT INTO url (id, edits_pending, gid, last_updated, url) VALUES (8720, 0, '1471f357-8b80-40a2-96c2-8f3b44452fc9', '2011-01-18 16:23:38+00', 'http://www.discogs.com/artist/Led+Zeppelin');
INSERT INTO url (id, edits_pending, gid, last_updated, url) VALUES (12091, 0, '3b238153-9e67-4a57-9dff-2dac4926d4e1', '2011-01-18 16:23:38+00', 'http://www.discogs.com/artist/Chemical+Brothers, +The');
INSERT INTO url (id, edits_pending, gid, last_updated, url) VALUES (13319, 0, 'ad62d328-5b80-4190-a3a8-dfedadcbff37', '2011-01-18 16:23:38+00', 'http://en.wikipedia.org/wiki/B.B._King');
INSERT INTO url (id, edits_pending, gid, last_updated, url) VALUES (13741, 0, '8083ab36-19c2-4fd6-a80c-f62146692ab4', '2011-01-18 16:23:38+00', 'http://www.avexnet.or.jp/boa');
INSERT INTO url (id, edits_pending, gid, last_updated, url) VALUES (13742, 0, '4ea9e636-4a29-4aa1-899d-63ff8d2a432c', '2011-01-18 16:23:38+00', 'http://en.wikipedia.org/wiki/BoA');
INSERT INTO url (id, edits_pending, gid, last_updated, url) VALUES (14418, 0, 'b16e50c9-ac7d-4415-848f-1b682800cd98', '2011-01-18 16:23:38+00', 'http://www.m-flo.com/');
INSERT INTO url (id, edits_pending, gid, last_updated, url) VALUES (14419, 0, '53872af0-973a-45fb-82b5-af25974b1feb', '2011-01-18 16:23:38+00', 'http://en.wikipedia.org/wiki/M-flo');
INSERT INTO url (id, edits_pending, gid, last_updated, url) VALUES (17013, 0, '46451ddc-464a-4b12-8f66-581cd37f77ef', '2011-01-18 16:23:38+00', 'http://www.toshiba-emi.co.jp/chems/');
INSERT INTO url (id, edits_pending, gid, last_updated, url) VALUES (24048, 0, '2665145a-4474-4c57-97d1-c0299048177a', '2011-01-18 16:23:38+00', 'http://www.mop2001.com/bag.html');
INSERT INTO url (id, edits_pending, gid, last_updated, url) VALUES (28273, 0, 'ab2e7401-900d-4baf-b91b-f7062c29cc48', '2011-01-18 16:23:38+00', 'http://www.discogs.com/artist/Andy+C');
INSERT INTO url (id, edits_pending, gid, last_updated, url) VALUES (30977, 0, '6182d305-abff-4cd1-b0a5-8bf8501b86a6', '2011-01-18 16:23:38+00', 'http://www.discogs.com/artist/M-flo');
INSERT INTO url (id, edits_pending, gid, last_updated, url) VALUES (71412, 0, '463210f0-8e30-4601-8189-bc29c17a8498', '2011-01-18 16:23:38+00', 'http://www.amazon.co.jp/gp/product/B00005LA6G');
INSERT INTO url (id, edits_pending, gid, last_updated, url) VALUES (76927, 0, 'f0586c6b-32fa-46db-925a-417f27c62c74', '2011-01-18 16:23:38+00', 'http://www.chemical-brothers.de/');
INSERT INTO url (id, edits_pending, gid, last_updated, url) VALUES (80267, 0, '06b2ffd2-a4b6-492d-a598-583e8816353f', '2011-01-18 16:23:38+00', 'http://www.amazon.co.jp/gp/product/B0000YGBSG');
INSERT INTO url (id, edits_pending, gid, last_updated, url) VALUES (81849, 0, 'e04c2e41-b0e8-46c0-8d18-e837865bc855', '2011-01-18 16:23:38+00', 'http://www.amazon.co.jp/gp/product/B0000YG9NS');
INSERT INTO url (id, edits_pending, gid, last_updated, url) VALUES (93917, 0, 'dbfb9fc2-04ca-44ea-99ab-503af37e61d6', '2011-01-18 16:23:38+00', 'http://www.discogs.com/artist/Sub+Focus');
INSERT INTO url (id, edits_pending, gid, last_updated, url) VALUES (98095, 0, '485014ae-c803-47dd-9ebb-661e7a2f4ee4', '2011-01-18 16:23:38+00', 'http://www.discogs.com/artist/Mindscape+(2)');
INSERT INTO url (id, edits_pending, gid, last_updated, url) VALUES (107027, 0, '4352f6d5-77d6-4bd9-b4cd-ca32b099ed63', '2011-01-18 16:23:38+00', 'http://www.commercialsuicide.org/');
INSERT INTO url (id, edits_pending, gid, last_updated, url) VALUES (118623, 0, '844bbc95-cfad-4a03-a152-b465e76a0f92', '2011-01-18 16:23:38+00', 'http://en.wikipedia.org/wiki/Surrender_(The_Chemical_Brothers_album)');
INSERT INTO url (id, edits_pending, gid, last_updated, url) VALUES (132428, 0, '9d85918b-801f-4aca-88b1-e25af855375f', '2011-01-18 16:23:38+00', 'http://www.wedlockmusic.com/');
INSERT INTO url (id, edits_pending, gid, last_updated, url) VALUES (132657, 0, '3bb5140d-3f59-4b80-8a18-5a87a4f652c3', '2011-01-18 16:23:38+00', 'http://www.discogs.com/artist/Wedlock+(2)');
INSERT INTO url (id, edits_pending, gid, last_updated, url) VALUES (148610, 0, '4ca59a36-fdb2-4920-bce3-7cdc3b4e9b88', '2011-01-18 16:23:38+00', 'http://www.discogs.com/release/388320');
INSERT INTO url (id, edits_pending, gid, last_updated, url) VALUES (148611, 0, '9b32097b-09e8-48a8-a43f-544bdec3558a', '2011-01-18 16:23:38+00', 'http://www.amazon.com/gp/product/B000002IX5');
INSERT INTO url (id, edits_pending, gid, last_updated, url) VALUES (148612, 0, 'f395dbeb-f15a-4083-b825-56d5445a885f', '2011-01-18 16:23:38+00', 'http://en.wikipedia.org/wiki/Recipe_for_Hate');
INSERT INTO url (id, edits_pending, gid, last_updated, url) VALUES (149960, 0, '0bd23ae2-cd25-4ad8-9cc1-614765760c28', '2011-01-18 16:23:38+00', 'http://mu-mo.net/id/m-flo/');
INSERT INTO url (id, edits_pending, gid, last_updated, url) VALUES (151485, 0, '4d37d15b-edb4-4fd4-9359-17f7aef71d74', '2011-01-18 16:23:38+00', 'http://en.wikipedia.org/wiki/Plone_(band)');
INSERT INTO url (id, edits_pending, gid, last_updated, url) VALUES (151488, 0, '886cd436-d599-4d7f-8f78-fb5b45334176', '2011-01-18 16:23:38+00', 'http://en.wikipedia.org/wiki/For_Beginner_Piano');
INSERT INTO url (id, edits_pending, gid, last_updated, url) VALUES (151489, 0, '440e9a25-aec5-48ff-8579-c82d320971ac', '2011-01-18 16:23:38+00', 'http://www.discogs.com/artist/Plone');
INSERT INTO url (id, edits_pending, gid, last_updated, url) VALUES (151497, 0, 'b8dcbe2e-95ed-433e-9f70-3ec373ea19b0', '2011-01-18 16:23:38+00', 'http://www.discogs.com/release/30895');
INSERT INTO url (id, edits_pending, gid, last_updated, url) VALUES (151929, 0, '187960af-c1b1-4220-ae94-9b92ff6b7a04', '2011-01-18 16:23:38+00', 'http://ja.wikipedia.org/wiki/M-flo');
INSERT INTO url (id, edits_pending, gid, last_updated, url) VALUES (164730, 0, 'dba4407e-275b-46a3-94b7-addd279137a3', '2011-01-18 16:23:38+00', 'http://www.imdb.com/name/nm0454475/');
INSERT INTO url (id, edits_pending, gid, last_updated, url) VALUES (164731, 0, '49c9a51b-22f5-43d9-a50b-f42c49232a47', '2011-01-18 16:23:38+00', 'http://www.discogs.com/artist/B.B.+King');
INSERT INTO url (id, edits_pending, gid, last_updated, url) VALUES (164732, 0, 'c8c600e5-a993-4671-9210-e07dedf84d27', '2011-01-18 16:23:38+00', 'http://www.bbking.com/');
INSERT INTO url (id, edits_pending, gid, last_updated, url) VALUES (172029, 0, 'c428631a-30c2-4d22-95e9-6de3934d196f', '2011-01-18 16:23:38+00', 'http://www.discogs.com/release/1480');
INSERT INTO url (id, edits_pending, gid, last_updated, url) VALUES (177282, 0, 'decacbb6-c2d7-4d07-8576-fd60f2392fc0', '2011-01-18 16:23:38+00', 'http://www.discogs.com/release/1722');
INSERT INTO url (id, edits_pending, gid, last_updated, url) VALUES (181389, 0, '03e3d0be-d336-447e-b7da-06d0adcd15cd', '2011-01-18 16:23:38+00', 'http://www.discogs.com/artist/DJ+Distance');
INSERT INTO url (id, edits_pending, gid, last_updated, url) VALUES (181390, 0, '51094842-c68d-44f9-88d2-551b9379286f', '2011-01-18 16:23:38+00', 'http://www.discogs.com/release/910147');
INSERT INTO url (id, edits_pending, gid, last_updated, url) VALUES (187454, 0, '94d69df8-1ee2-4750-93da-d3c7ef212e0d', '2011-01-18 16:23:38+00', 'http://www.discogs.com/label/Avex+Trax');
INSERT INTO url (id, edits_pending, gid, last_updated, url) VALUES (187469, 0, '0a5808ac-72c3-423e-b926-455234aaff81', '2011-01-18 16:23:38+00', 'http://en.wikipedia.org/wiki/Atlantic_Records');
INSERT INTO url (id, edits_pending, gid, last_updated, url) VALUES (187787, 0, '24eff79c-3efb-4fd7-a062-7517d5216f2a', '2011-01-18 16:23:38+00', 'http://www.astralwerks.com/');
INSERT INTO url (id, edits_pending, gid, last_updated, url) VALUES (187944, 0, 'b4ce3a3c-772f-4670-a1bc-8b3f1ad678e6', '2011-01-18 16:23:38+00', 'http://www.discogs.com/label/Hospital+Records');
INSERT INTO url (id, edits_pending, gid, last_updated, url) VALUES (188046, 0, '76adb2e0-c0ab-4b19-8644-e79db9ae808c', '2011-01-18 16:23:38+00', 'http://en.wikipedia.org/wiki/Virgin_Records');
INSERT INTO url (id, edits_pending, gid, last_updated, url) VALUES (188047, 0, '2a8b4b95-d9b6-4e54-9136-5b8c72dc4141', '2011-01-18 16:23:38+00', 'http://www.virginrecords.com/');
INSERT INTO url (id, edits_pending, gid, last_updated, url) VALUES (188070, 0, 'e5b1f047-cb7b-40f4-be94-4e182830ae3d', '2011-01-18 16:23:38+00', 'http://www.warprecords.com/');
INSERT INTO url (id, edits_pending, gid, last_updated, url) VALUES (188071, 0, '3e92ef96-b756-49c3-a2a3-91ced66c21ec', '2011-01-18 16:23:38+00', 'http://avexnet.jp/');
INSERT INTO url (id, edits_pending, gid, last_updated, url) VALUES (188095, 0, '47169a19-0d92-4f09-a3a8-32b2501c2073', '2011-01-18 16:23:38+00', 'http://www.atlanticrecords.com/');
INSERT INTO url (id, edits_pending, gid, last_updated, url) VALUES (188096, 0, 'f1ff9e6b-c9b5-4b21-b0c4-6c46e7103894', '2011-01-18 16:23:38+00', 'http://www.bsnpubs.com/atlantic/');
INSERT INTO url (id, edits_pending, gid, last_updated, url) VALUES (188097, 0, 'e927be72-9190-49fa-8cc4-003167495810', '2011-01-18 16:23:38+00', 'http://www.bsnpubs.com/atlantic/atlanticstory.html');
INSERT INTO url (id, edits_pending, gid, last_updated, url) VALUES (188115, 0, 'd8b2f37b-a8f9-432c-adec-99ed002862b5', '2011-01-18 16:23:38+00', 'http://www.discogs.com/label/Atlantic');
INSERT INTO url (id, edits_pending, gid, last_updated, url) VALUES (188140, 0, 'a0305239-3af2-48e5-8e9e-1ebf9d3270b6', '2011-01-18 16:23:38+00', 'http://en.wikipedia.org/wiki/Epitaph_Records');
INSERT INTO url (id, edits_pending, gid, last_updated, url) VALUES (188141, 0, '76a4435f-9bab-4c38-9a4a-272d942d0a72', '2011-01-18 16:23:38+00', 'http://www.epitaph.com/');
INSERT INTO url (id, edits_pending, gid, last_updated, url) VALUES (188281, 0, '81142be6-2361-463b-b049-f124a0c6b9d7', '2011-01-18 16:23:38+00', 'http://en.wikipedia.org/wiki/MCA_Records');
INSERT INTO url (id, edits_pending, gid, last_updated, url) VALUES (188540, 0, '8111fc77-6286-42d3-9ab1-58b6bccf71bc', '2011-01-18 16:23:38+00', 'http://www.discogs.com/label/Warp+Records');
INSERT INTO url (id, edits_pending, gid, last_updated, url) VALUES (189172, 0, '5e2a097f-e7fe-43f8-95bc-1a35cc2c2ab0', '2011-01-18 16:23:38+00', 'http://www.discogs.com/label/EastWest+Records+America');
INSERT INTO url (id, edits_pending, gid, last_updated, url) VALUES (189173, 0, 'c8bfa4b7-c7f8-46fd-a838-54490000a311', '2011-01-18 16:23:38+00', 'http://www.eastwestrock.com/');
INSERT INTO url (id, edits_pending, gid, last_updated, url) VALUES (190234, 0, '7e234e7f-c05d-4342-a766-6cc0a10b5105', '2011-01-18 16:23:38+00', 'http://www.discogs.com/label/Planet+Mu');
INSERT INTO url (id, edits_pending, gid, last_updated, url) VALUES (190240, 0, 'b1e4dffa-1274-4ed6-907a-c23951acb583', '2011-01-18 16:23:38+00', 'http://www.planet-mu.com/');
INSERT INTO url (id, edits_pending, gid, last_updated, url) VALUES (190241, 0, 'ab8c9682-1721-4a4f-aab6-63c72ff7794b', '2011-01-18 16:23:38+00', 'http://www.myspace.com/childrenofthemu');
INSERT INTO url (id, edits_pending, gid, last_updated, url) VALUES (191818, 0, '8157b386-6c5b-46b3-9f28-652221068605', '2011-01-18 16:23:38+00', 'http://www.myspace.com/astralwerks');
INSERT INTO url (id, edits_pending, gid, last_updated, url) VALUES (191819, 0, '17569994-16c4-482a-8fe7-3851115985ed', '2011-01-18 16:23:38+00', 'http://www.discogs.com/label/Astralwerks');
INSERT INTO url (id, edits_pending, gid, last_updated, url) VALUES (192298, 0, '503bee09-9392-4bbe-8e7d-b514dc7ab801', '2011-01-18 16:23:38+00', 'http://www.discogs.com/label/RAM+Records');
INSERT INTO url (id, edits_pending, gid, last_updated, url) VALUES (192299, 0, '9fab9df3-7fea-471a-8815-6740bcf50afe', '2011-01-18 16:23:38+00', 'http://www.ramrecords.co.uk/');
INSERT INTO url (id, edits_pending, gid, last_updated, url) VALUES (192791, 0, '7ada5185-3d21-46c4-bc45-2b968fc125ef', '2011-01-18 16:23:38+00', 'http://www.discogs.com/label/Virgin');
INSERT INTO url (id, edits_pending, gid, last_updated, url) VALUES (193591, 0, '0fcb8ff3-a764-4344-8dfc-4866de20a712', '2011-01-18 16:23:38+00', 'http://jazzdisco.org/atlantic/');
INSERT INTO url (id, edits_pending, gid, last_updated, url) VALUES (194146, 0, '27adde25-743a-4b92-bb16-fc1b00179166', '2011-01-18 16:23:38+00', 'http://www.discogs.com/label/Matador');
INSERT INTO url (id, edits_pending, gid, last_updated, url) VALUES (194156, 0, 'ebb5fcec-30f3-41af-a7ed-5bd77adadab6', '2011-01-18 16:23:38+00', 'http://en.wikipedia.org/wiki/Astralwerks');
INSERT INTO url (id, edits_pending, gid, last_updated, url) VALUES (194658, 0, 'f6fea25e-d879-412d-a41e-dc5f9ef674f0', '2011-01-18 16:23:38+00', 'http://upload.wikimedia.org/wikipedia/en/c/c1/Epitaph_Records_logo.jpg');
INSERT INTO url (id, edits_pending, gid, last_updated, url) VALUES (194973, 0, '4e5f8e53-a6fc-46e2-8fe4-2b3192be57e1', '2011-01-18 16:23:38+00', 'http://en.wikipedia.org/wiki/Rhythm_Zone');
INSERT INTO url (id, edits_pending, gid, last_updated, url) VALUES (194975, 0, 'baaf9d35-392a-407a-b1bb-564015b146c6', '2011-01-18 16:23:38+00', 'http://www.discogs.com/label/Rhythm+Zone');
INSERT INTO url (id, edits_pending, gid, last_updated, url) VALUES (194976, 0, 'e697226c-7752-47d5-9192-5722babd9c32', '2011-01-18 16:23:38+00', 'http://ja.wikipedia.org/wiki/Rhythm_zone');
INSERT INTO url (id, edits_pending, gid, last_updated, url) VALUES (195250, 0, 'a35fac8e-11c7-4001-8990-fa6a13fa0878', '2011-01-18 16:23:38+00', 'http://www.discogs.com/label/Freestyle+Dust');
INSERT INTO url (id, edits_pending, gid, last_updated, url) VALUES (195251, 0, '97248598-7b73-40a0-8595-452dc0bb76e0', '2011-01-18 16:23:38+00', 'http://en.wikipedia.org/wiki/Freestyle_Dust');
INSERT INTO url (id, edits_pending, gid, last_updated, url) VALUES (196160, 0, '0a2529b9-ad26-4a81-aa1d-a9636cc76a86', '2011-01-18 16:23:38+00', 'http://ja.wikipedia.org/wiki/Avex_trax');
INSERT INTO url (id, edits_pending, gid, last_updated, url) VALUES (197281, 0, '66ff4ddb-349b-412d-b660-826d6db0c2c9', '2011-01-18 16:23:38+00', 'http://www.amazon.co.uk/gp/product/B000KJTG6K');
INSERT INTO url (id, edits_pending, gid, last_updated, url) VALUES (197521, 0, 'e20922ba-dba2-4531-8c78-a308bb451d64', '2011-01-18 16:23:38+00', 'http://en.wikipedia.org/wiki/Mobile_Fidelity_Sound_Lab');
INSERT INTO url (id, edits_pending, gid, last_updated, url) VALUES (197683, 0, 'c12f925c-bebd-4969-bbfe-a919ffd25cf4', '2011-01-18 16:23:38+00', 'http://www.discogs.com/label/Frequency');
INSERT INTO url (id, edits_pending, gid, last_updated, url) VALUES (198087, 0, '00b52c9c-c175-4e59-8eae-66ee1c367fac', '2011-01-18 16:23:38+00', 'http://www.amazon.com/gp/product/B000002J0B');
INSERT INTO url (id, edits_pending, gid, last_updated, url) VALUES (198425, 0, 'd9240223-b6af-4dfd-9603-04596dc1ba67', '2011-01-18 16:23:38+00', 'http://www.discogs.com/label/Virgin+Records+(Japan)');
INSERT INTO url (id, edits_pending, gid, last_updated, url) VALUES (199936, 0, 'cebe2c3f-06d2-43cc-8538-6f69546e2c78', '2011-01-18 16:23:38+00', 'http://www.hospitalrecords.com/');
INSERT INTO url (id, edits_pending, gid, last_updated, url) VALUES (201512, 0, '5881f38c-7169-4946-84e2-afae51de2408', '2011-01-18 16:23:38+00', 'http://www.mofi.com/');
INSERT INTO url (id, edits_pending, gid, last_updated, url) VALUES (203616, 0, '4587e1d1-66ea-420c-a145-67d3faf8166b', '2011-01-18 16:23:38+00', 'http://www.discogs.com/artist/SKC');
INSERT INTO url (id, edits_pending, gid, last_updated, url) VALUES (205022, 0, '0f07a034-6d5a-414f-823f-b37569ac8058', '2011-01-18 16:23:38+00', 'http://ko.wikipedia.org/wiki/%EB%B3%B4%EC%95%84');
INSERT INTO url (id, edits_pending, gid, last_updated, url) VALUES (205030, 0, 'f8507caa-9caa-44fc-83d0-68c78d2b9798', '2011-01-18 16:23:38+00', 'http://boa.iple.com/');
INSERT INTO url (id, edits_pending, gid, last_updated, url) VALUES (210458, 0, '015397f3-7d2e-4fa7-866b-203f71821075', '2011-01-18 16:23:38+00', 'http://wmg.jp/');
INSERT INTO url (id, edits_pending, gid, last_updated, url) VALUES (210459, 0, 'e87c10cf-4557-4a00-baf2-084592e7a235', '2011-01-18 16:23:38+00', 'http://ja.wikipedia.org/wiki/%E3%83%AF%E3%83%BC%E3%83%8A%E3%83%BC%E3%83%9F%E3%83%A5%E3%83%BC%E3%82%B8%E3%83%83%E3%82%AF%E3%83%BB%E3%82%B8%E3%83%A3%E3%83%91%E3%83%B3');
INSERT INTO url (id, edits_pending, gid, last_updated, url) VALUES (211985, 0, '17f36294-d7b5-4427-8ecd-3b44373b7a3d', '2011-01-18 16:23:38+00', 'http://www.matadorrecords.com/');
INSERT INTO url (id, edits_pending, gid, last_updated, url) VALUES (211986, 0, 'd5ffde38-9907-49cc-bab0-66d6360cf762', '2011-01-18 16:23:38+00', 'http://en.wikipedia.org/wiki/Matador_Records');
INSERT INTO url (id, edits_pending, gid, last_updated, url) VALUES (215816, 0, '39bd7363-bc71-4a4f-acc6-7d130b47b30d', '2011-01-18 16:23:38+00', 'http://www.discogs.com/artist/Chris.Su');
INSERT INTO url (id, edits_pending, gid, last_updated, url) VALUES (216601, 0, 'f019584a-33d3-4e05-856f-6177c2861902', '2011-01-18 16:23:38+00', 'http://www.discogs.com/label/ABC+Records');
INSERT INTO url (id, edits_pending, gid, last_updated, url) VALUES (216602, 0, '29790e05-42fd-4d9e-833a-404a40ccfed4', '2011-01-18 16:23:38+00', 'http://www.bsnpubs.com/abc/');
INSERT INTO url (id, edits_pending, gid, last_updated, url) VALUES (217313, 0, '2ca5725d-032b-40a6-a92c-f96a9f0b5db9', '2011-01-18 16:23:38+00', 'http://www.acerecords.co.uk/');
INSERT INTO url (id, edits_pending, gid, last_updated, url) VALUES (219565, 0, 'a2deb60a-7833-4bf2-abfd-bcf3b02a313a', '2011-01-18 16:23:38+00', 'http://www.amazon.co.uk/gp/product/B00000J8EK');
INSERT INTO url (id, edits_pending, gid, last_updated, url) VALUES (219569, 0, '76f18f41-5ed1-4d6f-bfbe-1a5a1d5d51ad', '2011-01-18 16:23:38+00', 'http://www.discogs.com/release/136452');
INSERT INTO url (id, edits_pending, gid, last_updated, url) VALUES (227782, 0, 'bf204d01-90a7-43a0-aa24-ebac3016d066', '2011-01-18 16:23:38+00', 'http://en.wikipedia.org/wiki/ABC_Records');
INSERT INTO url (id, edits_pending, gid, last_updated, url) VALUES (228559, 0, 'ed9d2928-6b91-4214-8b85-898c4d1131f6', '2011-01-18 16:23:38+00', 'http://www.classicrecords.com/');
INSERT INTO url (id, edits_pending, gid, last_updated, url) VALUES (239030, 0, 'f1c7bb9f-119b-4601-8691-a945abedcd7e', '2011-01-18 16:23:38+00', 'http://www.discogs.com/release/169487');
INSERT INTO url (id, edits_pending, gid, last_updated, url) VALUES (250562, 0, '82a66f54-4d15-4151-af1d-24534b278bc3', '2011-01-18 16:23:38+00', 'http://www.collectable-records.ru/groups/collect_labels/virgin/index.htm');
INSERT INTO url (id, edits_pending, gid, last_updated, url) VALUES (252353, 0, '30d312d4-80bd-4f99-bb84-260f1be912db', '2011-01-18 16:23:38+00', 'http://en.wikipedia.org/wiki/Hospital_Records');
INSERT INTO url (id, edits_pending, gid, last_updated, url) VALUES (263365, 0, '75f62298-a981-4264-a042-035cb305082e', '2011-01-18 16:23:38+00', 'http://en.wikipedia.org/wiki/Love_and_Honesty');
INSERT INTO url (id, edits_pending, gid, last_updated, url) VALUES (272299, 0, 'ce53cf82-192a-4d0a-af0b-57d6c51ba7d0', '2011-01-18 16:23:38+00', 'http://en.wikipedia.org/wiki/Warp_(record_label)');
INSERT INTO url (id, edits_pending, gid, last_updated, url) VALUES (272300, 0, '771564bf-98a8-4afc-b891-78d353a799b7', '2011-01-18 16:23:38+00', 'http://en.wikipedia.org/wiki/Zetima');
INSERT INTO url (id, edits_pending, gid, last_updated, url) VALUES (272431, 0, '7066ac0c-2162-4a78-8d98-90336c86570a', '2011-01-18 16:23:38+00', 'http://en.wikipedia.org/wiki/Planet_Mu');
INSERT INTO url (id, edits_pending, gid, last_updated, url) VALUES (280534, 0, '5ae9d0f1-0813-406b-8d8b-edc8f70d872b', '2011-01-18 16:23:38+00', 'http://www.discogs.com/label/MCA+Records');
INSERT INTO url (id, edits_pending, gid, last_updated, url) VALUES (283347, 0, '63e0c87e-f997-4e36-b995-d65c504e067e', '2011-01-18 16:23:38+00', 'http://www.discogs.com/release/557777');
INSERT INTO url (id, edits_pending, gid, last_updated, url) VALUES (293562, 0, '3be09bc3-4093-4a00-b417-68a114d19f3b', '2011-01-18 16:23:38+00', 'http://www.myspace.com/thechemicalbrothers');
INSERT INTO url (id, edits_pending, gid, last_updated, url) VALUES (293951, 0, 'c7ae109b-47e5-403b-8b04-2bd691d6e4b4', '2011-01-18 16:23:38+00', 'http://www.amazon.de/gp/product/B00003W1QB');
INSERT INTO url (id, edits_pending, gid, last_updated, url) VALUES (293952, 0, '38afae11-d1ea-4378-8d70-3a979b52c2a8', '2011-01-18 16:23:38+00', 'http://www.discogs.com/release/6390');
INSERT INTO url (id, edits_pending, gid, last_updated, url) VALUES (304383, 0, '7320f9ca-85ed-4b56-98c3-ea7a9891a48b', '2011-01-18 16:23:38+00', 'http://www.matadorrecords.com/releases/discography.html');
INSERT INTO url (id, edits_pending, gid, last_updated, url) VALUES (312133, 0, '27bbe3aa-111e-42ec-8b1e-f38e09bdb410', '2011-01-18 16:23:38+00', 'http://www.discogs.com/label/Commercial+Suicide');
INSERT INTO url (id, edits_pending, gid, last_updated, url) VALUES (314780, 0, 'b1011050-812e-4dd9-bf7f-3cb5880a269e', '2011-01-18 16:23:38+00', 'http://www.imdb.com/name/nm0496389/');
INSERT INTO url (id, edits_pending, gid, last_updated, url) VALUES (315339, 0, '7826c740-8483-4df3-8784-169228bf90b5', '2011-01-18 16:23:38+00', 'http://www.myspace.com/badreligion');
INSERT INTO url (id, edits_pending, gid, last_updated, url) VALUES (315340, 0, '1b2479c6-c056-443b-bd97-beecf9931ab8', '2011-01-18 16:23:38+00', 'http://www.purevolume.com/badreligion');
INSERT INTO url (id, edits_pending, gid, last_updated, url) VALUES (315341, 0, 'd433def5-3316-42d0-9b8f-6d6e0d16bcdb', '2011-01-18 16:23:38+00', 'http://www.imdb.com/name/nm1137815/');
INSERT INTO url (id, edits_pending, gid, last_updated, url) VALUES (323033, 0, '8d192e68-5b82-4d40-a185-0f12f1a6d772', '2011-01-18 16:23:38+00', 'http://www.discogs.com/release/229361');
INSERT INTO url (id, edits_pending, gid, last_updated, url) VALUES (329915, 0, '88a86917-4a07-4c3e-a178-66336da53a9e', '2011-01-18 16:23:38+00', 'http://en.wikipedia.org/wiki/Andy_C');
INSERT INTO url (id, edits_pending, gid, last_updated, url) VALUES (336227, 0, 'd50a6a58-837e-4d6f-80fb-921bc637f31c', '2011-01-18 16:23:38+00', 'http://www.discogs.com/release/388694');
INSERT INTO url (id, edits_pending, gid, last_updated, url) VALUES (337590, 0, '43ae7c11-bd48-439f-b072-1d7e75ae173d', '2011-01-18 16:23:38+00', 'http://www.rolldabeats.com/label/commercial_suicide');
INSERT INTO url (id, edits_pending, gid, last_updated, url) VALUES (339078, 0, '3cc9f46c-1285-4bd6-8ea7-34aeb2904955', '2011-01-18 16:23:38+00', 'http://www.amazon.com/gp/product/B0015XAAY2');
INSERT INTO url (id, edits_pending, gid, last_updated, url) VALUES (339083, 0, '63fd101e-6c01-489e-911f-68e42e6989a7', '2011-01-18 16:23:38+00', 'http://www.cdbaby.com/wedlock6');
INSERT INTO url (id, edits_pending, gid, last_updated, url) VALUES (344826, 0, '5868e33a-1981-4e16-bcef-efe31382405b', '2011-01-18 16:23:38+00', 'http://zh.wikipedia.org/wiki/Zetima');
INSERT INTO url (id, edits_pending, gid, last_updated, url) VALUES (344840, 0, '6ac9bcf5-9a31-4751-becb-31fbfe61dbf8', '2011-01-18 16:23:38+00', 'http://www.discogs.com/label/Zetima');
INSERT INTO url (id, edits_pending, gid, last_updated, url) VALUES (345264, 0, '67f1db18-9049-4792-8e56-97b6984623aa', '2011-01-18 16:23:38+00', 'http://www.amazon.com/gp/product/B00000J8EK');
INSERT INTO url (id, edits_pending, gid, last_updated, url) VALUES (355925, 0, 'ffb35cb5-2d7c-4fe2-8d67-c35ab7135793', '2011-01-18 16:23:38+00', 'http://www.amazon.com/gp/product/B000002P72');
INSERT INTO url (id, edits_pending, gid, last_updated, url) VALUES (366634, 0, '4bd8ba69-ac05-444d-be17-4ea037f5d09f', '2011-01-18 16:23:38+00', 'http://www.amazon.com/gp/product/B00001IVAI');
INSERT INTO url (id, edits_pending, gid, last_updated, url) VALUES (415041, 0, 'e0b6a049-b34f-4b7f-bfc8-834c20d2b8e1', '2011-01-18 16:23:38+00', 'http://www.discogs.com/artist/SKC+%26+Bratwa');
INSERT INTO url (id, edits_pending, gid, last_updated, url) VALUES (415535, 0, 'acde4783-92da-4d5a-bc2a-248985710b9e', '2011-01-18 16:23:38+00', 'http://www.amazon.co.uk/gp/product/B00000JKRG');
INSERT INTO url (id, edits_pending, gid, last_updated, url) VALUES (415537, 0, '0cff5556-c152-4b98-b2a5-0a105e462069', '2011-01-18 16:23:38+00', 'http://www.discogs.com/release/9132');
INSERT INTO url (id, edits_pending, gid, last_updated, url) VALUES (425366, 0, '0ddd6241-b380-45b1-a389-ce70381f39c6', '2011-01-18 16:23:38+00', 'http://www.vjez.com/');
INSERT INTO url (id, edits_pending, gid, last_updated, url) VALUES (431688, 0, '2453d00f-78b8-4a08-82ac-0300d4f1499e', '2011-01-18 16:23:38+00', 'http://www.discogs.com/release/395727');
INSERT INTO url (id, edits_pending, gid, last_updated, url) VALUES (445083, 0, '2a545d02-5447-4f16-a9c5-6239d98ea3f0', '2011-01-18 16:23:38+00', 'http://rzn.jp/');
INSERT INTO url (id, edits_pending, gid, last_updated, url) VALUES (447788, 0, '8510282a-1127-4092-94bc-d93c3a44344e', '2011-01-18 16:23:38+00', 'http://en.wikipedia.org/wiki/Sub_Focus');
INSERT INTO url (id, edits_pending, gid, last_updated, url) VALUES (447789, 0, '92b16c7b-78df-40d9-a941-c59860d0701e', '2011-01-18 16:23:38+00', 'http://www.myspace.com/subfocus');
INSERT INTO url (id, edits_pending, gid, last_updated, url) VALUES (447790, 0, '98e8fa6d-c976-4b50-ad82-684f64ab5ca1', '2011-01-18 16:23:38+00', 'http://www.myspace.com/ramrecordsltd');
INSERT INTO url (id, edits_pending, gid, last_updated, url) VALUES (447791, 0, '78c34a6e-4022-43b7-a727-cc30d9e3b46d', '2011-01-18 16:23:38+00', 'http://en.wikipedia.org/wiki/Ram_Records_(UK)');
INSERT INTO url (id, edits_pending, gid, last_updated, url) VALUES (455097, 0, 'ee9ecb85-3b60-4977-96aa-79385ccd385d', '2011-01-18 16:23:38+00', 'http://en.wikipedia.org/wiki/Ace_Records_(UK)');
INSERT INTO url (id, edits_pending, gid, last_updated, url) VALUES (455886, 0, '624e45b7-9b84-4c71-8d7a-9606dfcb5a4d', '2011-01-18 16:23:38+00', 'http://ja.wikipedia.org/wiki/BoA');
INSERT INTO url (id, edits_pending, gid, last_updated, url) VALUES (458872, 0, 'a995b005-124d-4384-bb4b-cd67968c4cc2', '2011-01-18 16:23:38+00', 'http://www.bsnpubs.com/la/mofi/mofi.html');
INSERT INTO url (id, edits_pending, gid, last_updated, url) VALUES (464482, 0, '5b84fdc3-2247-4835-a31f-d898261fe05f', '2011-01-18 16:23:38+00', 'http://www.amazon.co.uk/gp/product/B00000GAII');
INSERT INTO url (id, edits_pending, gid, last_updated, url) VALUES (483688, 0, '506b9767-cf18-4180-aec1-0cb36834ee64', '2011-01-18 16:23:38+00', 'http://kounterfeit.com/');
INSERT INTO url (id, edits_pending, gid, last_updated, url) VALUES (483691, 0, '015b61d8-ba16-4e6e-877b-fef8d92595a2', '2011-01-18 16:23:38+00', 'http://www.kounterfeit.com/');
INSERT INTO url (id, edits_pending, gid, last_updated, url) VALUES (483703, 0, '85c7767d-2527-4129-9a41-4c08ff92ce79', '2011-01-18 16:23:38+00', 'http://www.last.fm/label/KOUNTERFEIT+RECORDS');
INSERT INTO url (id, edits_pending, gid, last_updated, url) VALUES (485359, 0, '4f9bc980-b8ee-4738-9625-3e7931d88cbc', '2011-01-18 16:23:38+00', 'http://www.amazon.com/gp/product/B000XULO2A');
INSERT INTO url (id, edits_pending, gid, last_updated, url) VALUES (493018, 0, 'aff3ee3a-6b99-4139-a29c-3daf9e340228', '2011-01-18 16:23:38+00', 'http://cdbaby.com/cd/wedlock4');
INSERT INTO url (id, edits_pending, gid, last_updated, url) VALUES (493020, 0, '8155de98-0085-453d-89e1-677c04b1f2f9', '2011-01-18 16:23:38+00', 'http://www.amazon.com/gp/product/B00195BC48');
INSERT INTO url (id, edits_pending, gid, last_updated, url) VALUES (525896, 0, 'e843fd70-8000-4710-b5ba-1a0a7da71e6e', '2011-01-18 16:23:38+00', 'http://en.wikipedia.org/wiki/Live_at_the_Regal');
INSERT INTO url (id, edits_pending, gid, last_updated, url) VALUES (528577, 0, '8798c44f-8be6-42bb-8a6a-9978361a35f3', '2011-01-18 16:23:38+00', 'http://www.discogs.com/label/Classic+Records');
INSERT INTO url (id, edits_pending, gid, last_updated, url) VALUES (537138, 0, 'fafd045b-f996-48d3-9f8b-39c47571c347', '2011-01-18 16:23:38+00', 'http://www.myspace.com/boamusicusa');
INSERT INTO url (id, edits_pending, gid, last_updated, url) VALUES (537139, 0, '91bc766e-3d9d-4260-9412-8af4d551c10e', '2011-01-18 16:23:38+00', 'http://www.boaamerica.com/');
INSERT INTO url (id, edits_pending, gid, last_updated, url) VALUES (543359, 0, '630ebc87-5ff0-45a0-b705-3eb64614d243', '2011-01-18 16:23:38+00', 'http://www.youtube.com/user/avexnetwork');
INSERT INTO url (id, edits_pending, gid, last_updated, url) VALUES (546973, 0, '87282994-4a55-4477-bf92-10d963fba67f', '2011-01-18 16:23:38+00', 'http://www.purevolume.com/thechemicalbrothers');
INSERT INTO url (id, edits_pending, gid, last_updated, url) VALUES (546974, 0, '272424cf-77c4-48a0-af6b-8d1e65f06771', '2011-01-18 16:23:38+00', 'http://www.imdb.com/name/nm1739242/');
INSERT INTO url (id, edits_pending, gid, last_updated, url) VALUES (573314, 0, '02c14af2-5ce0-41ca-acd7-ee9913692558', '2011-01-18 16:23:38+00', 'http://www.amazon.co.jp/gp/product/B0001FAD2O');
INSERT INTO url (id, edits_pending, gid, last_updated, url) VALUES (575949, 0, '6ab5e8bf-879a-49bf-aafd-ec9e55cf371d', '2011-01-18 16:23:38+00', 'http://www.discogs.com/label/Warner+Music+(Japan)');
INSERT INTO url (id, edits_pending, gid, last_updated, url) VALUES (576270, 0, '708e91cc-7d98-4288-9e34-b6d73ff6bbb7', '2011-01-18 16:23:38+00', 'http://warp.net/');
INSERT INTO url (id, edits_pending, gid, last_updated, url) VALUES (578123, 0, '1f7ae016-0374-4aa5-a46e-ed16b6b8a156', '2011-01-18 16:23:38+00', 'http://www.youtube.com/user/EpitaphRecords');
INSERT INTO url (id, edits_pending, gid, last_updated, url) VALUES (583417, 0, '0efa48b3-81d8-4d79-9fd9-2a2b6a2d2841', '2011-01-18 16:23:38+00', 'http://www.bbc.co.uk/music/artists/149e6720-4e4a-41a4-afca-6d29083fc091');
INSERT INTO url (id, edits_pending, gid, last_updated, url) VALUES (583587, 0, '27e1303d-e2c0-4395-982d-02a764331f0d', '2011-01-18 16:23:38+00', 'http://www.bbc.co.uk/music/artists/678d88b2-87b0-403b-b63d-5da7465aecc3');
INSERT INTO url (id, edits_pending, gid, last_updated, url) VALUES (583680, 0, '98318d8b-249d-4ed8-a0af-83343e4227ad', '2011-01-18 16:23:38+00', 'http://www.bbc.co.uk/music/artists/1946a82a-f927-40c2-8235-38d64f50d043');
INSERT INTO url (id, edits_pending, gid, last_updated, url) VALUES (584827, 0, 'e9c4ca48-a3e8-45f0-8e2c-213a9451056a', '2011-01-18 16:23:38+00', 'http://www.bbc.co.uk/music/artists/dcb03ce3-67a5-4eb3-b2d1-2a12d93a38f3');
INSERT INTO url (id, edits_pending, gid, last_updated, url) VALUES (610808, 0, 'f87a88fe-3b43-45b0-be90-0e3f288341c8', '2011-01-18 16:23:38+00', 'http://www.discogs.com/label/Epitaph+Records');
INSERT INTO url (id, edits_pending, gid, last_updated, url) VALUES (612649, 0, '6a868be3-e84b-40d8-b461-3d55bf8508c1', '2011-01-18 16:23:38+00', 'http://www.discogs.com/label/Mobile+Fidelity+Sound+Lab');
INSERT INTO url (id, edits_pending, gid, last_updated, url) VALUES (612805, 0, 'a2fe1e6d-700e-4d68-b30e-56d8d64779e7', '2011-01-18 16:23:38+00', 'http://musicmoz.org/Bands_and_Artists/B/Bad_Religion/Discography/Recipe_For_Hate/');
INSERT INTO url (id, edits_pending, gid, last_updated, url) VALUES (615313, 0, '5e766c4e-16dd-47f2-b032-d96ef23c0cf1', '2011-01-18 16:23:38+00', 'http://en.wikipedia.org/wiki/The_Love_Bug_(song)');
INSERT INTO url (id, edits_pending, gid, last_updated, url) VALUES (615327, 0, 'dff9a8ca-2029-4818-92d4-d45b91484b0a', '2011-01-18 16:23:38+00', 'http://ja.wikipedia.org/wiki/The_Love_Bug');
INSERT INTO url (id, edits_pending, gid, last_updated, url) VALUES (639380, 0, '80761c4e-e004-4a92-94a6-164047125e53', '2011-01-18 16:23:38+00', 'http://ja.wikipedia.org/wiki/LOVE_%26_HONESTY');
INSERT INTO url (id, edits_pending, gid, last_updated, url) VALUES (639381, 0, '1f2cc313-4b57-44af-95b2-fe8154840c4e', '2011-01-18 16:23:38+00', 'http://www.discogs.com/master/11418');
INSERT INTO url (id, edits_pending, gid, last_updated, url) VALUES (657961, 0, '7f19d1cd-c778-4e95-9c3d-36a4217fd2bf', '2011-01-18 16:23:38+00', 'http://en.wikipedia.org/wiki/East_West_Records');
INSERT INTO url (id, edits_pending, gid, last_updated, url) VALUES (662311, 0, '647f7e60-6ff2-489c-b9a5-d2c7638d57c0', '2011-01-18 16:23:38+00', 'http://www.myspace.com/hospitalrecords');
INSERT INTO url (id, edits_pending, gid, last_updated, url) VALUES (663949, 0, '3fb37a97-10e9-422c-b87e-b2e7f94212b6', '2011-01-18 16:23:38+00', 'http://www.bbc.co.uk/music/artists/8cf49f40-b8fe-4a63-b4ea-f922d6145bb4');
INSERT INTO url (id, edits_pending, gid, last_updated, url) VALUES (669770, 0, '6a0ec21e-817b-474d-8a94-87f1f1fae7fc', '2011-01-18 16:23:38+00', 'http://www.myspace.com/eastwestrecords');
INSERT INTO url (id, edits_pending, gid, last_updated, url) VALUES (670179, 0, '63854ab2-4804-481f-8b07-e2cbe8192c0f', '2011-01-18 16:23:38+00', 'http://www.myspace.com/djdistancedub');
INSERT INTO url (id, edits_pending, gid, last_updated, url) VALUES (670180, 0, '5eb2c075-3c3b-4cf7-ab77-2dacaee19366', '2011-01-18 16:23:38+00', 'http://dj-distance.blogspot.com/');
INSERT INTO url (id, edits_pending, gid, last_updated, url) VALUES (670181, 0, '651248e8-6a8f-4365-948a-aa43559caf58', '2011-01-18 16:23:38+00', 'http://en.wikipedia.org/wiki/Distance_(musician)');
INSERT INTO url (id, edits_pending, gid, last_updated, url) VALUES (672191, 0, 'dd4330ed-d9d8-4463-b06e-01aaccb2e30a', '2011-01-18 16:23:38+00', 'http://www.discogs.com/release/1170216');
INSERT INTO url (id, edits_pending, gid, last_updated, url) VALUES (697220, 0, '9bd7cece-05e3-438b-a2a1-070f8a829ed5', '2011-01-18 16:23:38+00', 'http://www.discogs.com/release/30896');
INSERT INTO url (id, edits_pending, gid, last_updated, url) VALUES (716203, 0, '57482be0-b408-48a7-a0bc-602e3f94e7f9', '2011-01-18 16:23:38+00', 'http://vgmdb.net/org/73');
INSERT INTO url (id, edits_pending, gid, last_updated, url) VALUES (716589, 0, '3aaefa5f-5fbd-4391-b978-98f6188bed6a', '2011-01-18 16:23:38+00', 'http://vgmdb.net/org/222');
INSERT INTO url (id, edits_pending, gid, last_updated, url) VALUES (718203, 0, '4d86da00-edf1-4f5d-8e8e-ccd3c2cb81ad', '2011-01-18 16:23:38+00', 'http://www.discogs.com/release/1932055');
INSERT INTO url (id, edits_pending, gid, last_updated, url) VALUES (722911, 0, '845e5f3c-52cd-4f87-bcd4-316ad64151a7', '2011-01-18 16:23:38+00', 'http://www.youtube.com/user/LedZepBoots');
INSERT INTO url (id, edits_pending, gid, last_updated, url) VALUES (722912, 0, '945bde63-e925-4743-88c0-d9d711d4fed9', '2011-01-18 16:23:38+00', 'http://www.facebook.com/group.php?gid=354144225707');
INSERT INTO url (id, edits_pending, gid, last_updated, url) VALUES (727332, 0, 'e0500ac3-f90c-43db-92fc-85fbd3f12b04', '2011-01-18 16:23:38+00', 'http://www.discogs.com/release/577498');
INSERT INTO url (id, edits_pending, gid, last_updated, url) VALUES (729246, 0, '6ed2a10a-167a-47aa-b3ed-57c9220a2f4e', '2011-01-18 16:23:38+00', 'http://www.generasia.com/wiki/BoA');
INSERT INTO url (id, edits_pending, gid, last_updated, url) VALUES (729251, 0, '8451ab08-8ab6-48d7-8335-e92bd4e252af', '2011-01-18 16:23:38+00', 'http://www.generasia.com/w/images/7/74/identity.png');
INSERT INTO url (id, edits_pending, gid, last_updated, url) VALUES (748185, 0, '5855c1ff-5a05-4f32-a7c7-cbf83758fae0', '2011-01-18 16:23:38+00', 'http://www.amazon.co.uk/gp/product/B001IKWNCE');
INSERT INTO url (id, edits_pending, gid, last_updated, url) VALUES (748186, 0, '239d7a4e-6c19-43e5-8493-875badf02246', '2011-01-18 16:23:38+00', 'http://www.discogs.com/release/1541060');
INSERT INTO url (id, edits_pending, gid, last_updated, url) VALUES (755940, 0, '057bdf29-c255-45b8-8da2-941a307b09c0', '2011-01-18 16:23:38+00', 'http://www.led-zeppelin.org/');
INSERT INTO url (id, edits_pending, gid, last_updated, url) VALUES (759131, 0, '6d749fa7-a666-4308-81d5-a345967e6722', '2011-01-18 16:23:38+00', 'http://www.facebook.com/ChemicalBros');
INSERT INTO url (id, edits_pending, gid, last_updated, url) VALUES (759133, 0, '703e60f8-313c-4234-b64a-1b5599a505c1', '2011-01-18 16:23:38+00', 'http://twitter.com/ChemBros');
INSERT INTO url (id, edits_pending, gid, last_updated, url) VALUES (759135, 0, 'affd93c2-04e6-40a5-9c8c-6cb0bb621287', '2011-01-18 16:23:38+00', 'http://www.bebo.com/ChemicalBrothers');
INSERT INTO url (id, edits_pending, gid, last_updated, url) VALUES (779346, 0, 'ded303b3-1013-4429-9c12-05e0b061e273', '2011-01-18 16:23:38+00', 'http://www.discogs.com/label/Ace+Records+(UK)');
INSERT INTO url (id, edits_pending, gid, last_updated, url) VALUES (788379, 0, '37ad368b-d37d-46d4-be3a-349f78355253', '2011-01-18 16:23:38+00', 'http://www.imdb.com/name/nm4057169/');
INSERT INTO url (id, edits_pending, gid, last_updated, url) VALUES (788381, 0, 'daa73242-f491-4d94-bbd0-b08a03a4a69b', '2011-01-18 16:23:38+00', 'http://www.paulallgood.com/');
INSERT INTO url (id, edits_pending, gid, last_updated, url) VALUES (788382, 0, 'e0a79771-e9f0-4127-b58a-f5e6869c8e96', '2011-01-18 16:23:38+00', 'http://www.discogs.com/artist/Paul+Allgood');
INSERT INTO url (id, edits_pending, gid, last_updated, url) VALUES (788384, 0, '6f0fce21-abd4-4ef7-a7cf-d9ec9830b350', '2011-01-18 16:23:38+00', 'http://farm4.static.flickr.com/3652/3334818186_6e19173c33_b.jpg');
INSERT INTO url (id, edits_pending, gid, last_updated, url) VALUES (788385, 0, '09ea2bb6-0280-4be1-aa7a-46e641c16451', '2011-01-18 16:23:38+00', 'http://members.boardhost.com/wedlock/');
INSERT INTO url (id, edits_pending, gid, last_updated, url) VALUES (823931, 0, '9668c07e-0806-4904-9a35-b9def474f392', '2011-01-18 16:23:38+00', 'http://twitter.com/badreligion');
INSERT INTO url (id, edits_pending, gid, last_updated, url) VALUES (827387, 0, '4ee0bb3d-c59b-47b3-a767-1c59f2a5e0d1', '2011-01-18 16:23:38+00', 'http://www.up-front-works.jp/img/zetima-logo.jpg');

-- Artists

INSERT INTO artist (begin_date_day, begin_date_month, begin_date_year, comment, area, edits_pending, end_date_day, end_date_month, end_date_year, ended, gender, gid, id, last_updated, name, sort_name, type) VALUES (NULL, NULL, 1968, '', NULL, 0, 25, 9, 1980, '1', NULL, '678d88b2-87b0-403b-b63d-5da7465aecc3', 388, '2008-11-24 22:16:44.339332+00', 'Led Zeppelin', 'Led Zeppelin', 2);
INSERT INTO artist (begin_date_day, begin_date_month, begin_date_year, comment, area, edits_pending, end_date_day, end_date_month, end_date_year, ended, gender, gid, id, last_updated, name, sort_name, type) VALUES (NULL, NULL, 1980, '', NULL, 0, NULL, NULL, NULL, '0', NULL, '149e6720-4e4a-41a4-afca-6d29083fc091', 779, NULL, 'Bad Religion', 'Bad Religion', 2);
INSERT INTO artist (begin_date_day, begin_date_month, begin_date_year, comment, area, edits_pending, end_date_day, end_date_month, end_date_year, ended, gender, gid, id, last_updated, name, sort_name, type) VALUES (5, 11, 1986, '', NULL, 0, NULL, NULL, NULL, '0', NULL, 'a16d1433-ba89-4f72-a47b-a370add0bb55', 9496, NULL, 'BoA', 'BoA', 1);
INSERT INTO artist (begin_date_day, begin_date_month, begin_date_year, comment, area, edits_pending, end_date_day, end_date_month, end_date_year, ended, gender, gid, id, last_updated, name, sort_name, type) VALUES (NULL, NULL, NULL, 'UK drum & bass DJ/producer', NULL, 0, NULL, NULL, NULL, '0', NULL, 'ec853694-30a1-4c7e-84e6-4ca87ee3c314', 9772, '2009-04-17 06:25:01.281186+00', 'Andy C', 'Andy C', 1);
INSERT INTO artist (begin_date_day, begin_date_month, begin_date_year, comment, area, edits_pending, end_date_day, end_date_month, end_date_year, ended, gender, gid, id, last_updated, name, sort_name, type) VALUES (NULL, NULL, NULL, '', NULL, 0, NULL, NULL, NULL, '0', NULL, '3088b672-fba9-4b4b-8ae0-dce13babfbb4', 11545, NULL, 'Plone', 'Plone', 2);
INSERT INTO artist (begin_date_day, begin_date_month, begin_date_year, comment, area, edits_pending, end_date_day, end_date_month, end_date_year, ended, gender, gid, id, last_updated, name, sort_name, type) VALUES (16, 9, 1925, '', NULL, 0, NULL, NULL, NULL, '0', NULL, 'dcb03ce3-67a5-4eb3-b2d1-2a12d93a38f3', 22492, '2010-11-11 02:02:07.352114+00', 'B.B. King', 'King, B.B.', 1);
INSERT INTO artist (begin_date_day, begin_date_month, begin_date_year, comment, area, edits_pending, end_date_day, end_date_month, end_date_year, ended, gender, gid, id, last_updated, name, sort_name, type) VALUES (NULL, NULL, NULL, 'drum n bass from Hungary', NULL, 0, NULL, NULL, NULL, '0', NULL, 'e92b807c-a734-4cee-a88c-1cf03d462c70', 57874, NULL, 'Mindscape', 'Mindscape', 2);
INSERT INTO artist (begin_date_day, begin_date_month, begin_date_year, comment, area, edits_pending, end_date_day, end_date_month, end_date_year, ended, gender, gid, id, last_updated, name, sort_name, type) VALUES (23, 9, 1985, '', 107, 0, NULL, NULL, NULL, '0', 2, '678ba12a-e485-44c7-8eaf-25e61a78a61b', 82524, '2012-08-27 01:34:50.942403+00', '後藤真希', 'Goto, Maki', 1);
INSERT INTO artist (begin_date_day, begin_date_month, begin_date_year, comment, area, edits_pending, end_date_day, end_date_month, end_date_year, ended, gender, gid, id, last_updated, name, sort_name, type) VALUES (NULL, NULL, NULL, '', NULL, 0, NULL, NULL, NULL, '0', NULL, '75cb635d-4354-4eb7-83d4-642b7fefee5e', 100300, '2009-01-18 01:55:50.388834+00', 'SKC', 'SKC', 1);
INSERT INTO artist (begin_date_day, begin_date_month, begin_date_year, comment, area, edits_pending, end_date_day, end_date_month, end_date_year, ended, gender, gid, id, last_updated, name, sort_name, type) VALUES (NULL, NULL, 1998, '', NULL, 0, NULL, NULL, NULL, '0', NULL, '22dd2db3-88ea-4428-a7a8-5cd3acf23175', 135345, NULL, 'm-flo', 'm-flo', 2);
INSERT INTO artist (begin_date_day, begin_date_month, begin_date_year, comment, area, edits_pending, end_date_day, end_date_month, end_date_year, ended, gender, gid, id, last_updated, name, sort_name, type) VALUES (NULL, NULL, NULL, '', NULL, 0, NULL, NULL, NULL, '0', NULL, '5b85945c-c9ca-4346-a58e-7992f6c6a5b6', 180273, '2010-05-23 13:32:49.951844+00', 'SKC & Bratwa', 'SKC & Bratwa', 2);
INSERT INTO artist (begin_date_day, begin_date_month, begin_date_year, comment, area, edits_pending, end_date_day, end_date_month, end_date_year, ended, gender, gid, id, last_updated, name, sort_name, type) VALUES (NULL, NULL, NULL, 'UK drum & bass artist Nick Douwma', NULL, 0, NULL, NULL, NULL, '0', NULL, '8cf49f40-b8fe-4a63-b4ea-f922d6145bb4', 199379, NULL, 'Sub Focus', 'Sub Focus', 1);
INSERT INTO artist (begin_date_day, begin_date_month, begin_date_year, comment, area, edits_pending, end_date_day, end_date_month, end_date_year, ended, gender, gid, id, last_updated, name, sort_name, type) VALUES (NULL, NULL, 2000, '', NULL, 0, NULL, NULL, NULL, '0', NULL, '99fcf6a9-3159-47f3-bcba-115ccffce7f0', 199821, NULL, 'Corporation: Blend', 'Corporation: Blend', 2);
INSERT INTO artist (begin_date_day, begin_date_month, begin_date_year, comment, area, edits_pending, end_date_day, end_date_month, end_date_year, ended, gender, gid, id, last_updated, name, sort_name, type) VALUES (NULL, NULL, NULL, '', NULL, 0, NULL, NULL, NULL, '0', NULL, '802673f0-9b88-4e8a-bb5c-dd01d68b086f', 265420, NULL, '7人祭', '7nin Matsuri', 2);
INSERT INTO artist (begin_date_day, begin_date_month, begin_date_year, comment, area, edits_pending, end_date_day, end_date_month, end_date_year, ended, gender, gid, id, last_updated, name, sort_name, type) VALUES (NULL, NULL, NULL, '', NULL, 0, NULL, NULL, NULL, '0', NULL, '02e55d3a-f7c3-4ddc-a4aa-a7938f99c81c', 273135, '2010-05-24 01:32:26.049208+00', 'Chris.Su', 'Chris.Su', 1);
INSERT INTO artist (begin_date_day, begin_date_month, begin_date_year, comment, area, edits_pending, end_date_day, end_date_month, end_date_year, ended, gender, gid, id, last_updated, name, sort_name, type) VALUES (NULL, NULL, NULL, '', NULL, 0, NULL, NULL, NULL, '0', NULL, '97fa3f6e-557c-4227-bc0e-95a7f9f3285d', 283833, NULL, 'BAGDAD CAFE THE trench town', 'BAGDAD CAFE THE trench town', NULL);
INSERT INTO artist (begin_date_day, begin_date_month, begin_date_year, comment, area, edits_pending, end_date_day, end_date_month, end_date_year, ended, gender, gid, id, last_updated, name, sort_name, type) VALUES (NULL, 7, 1981, 'US R&B artist Nicole Wray, key track "Make it Hot"', NULL, 0, NULL, NULL, NULL, '0', NULL, 'b389cc97-5fea-43f2-a31c-55f81426a75a', 301255, NULL, 'Nicole', 'Nicole', 1);
INSERT INTO artist (begin_date_day, begin_date_month, begin_date_year, comment, area, edits_pending, end_date_day, end_date_month, end_date_year, ended, gender, gid, id, last_updated, name, sort_name, type) VALUES (NULL, NULL, 2004, 'USA electro pop', NULL, 0, NULL, NULL, NULL, '0', NULL, '6fe9f838-112e-44f1-af83-97464f08285b', 398438, '2009-09-03 07:02:56.975521+00', 'Wedlock', 'Wedlock', 2);
INSERT INTO artist (begin_date_day, begin_date_month, begin_date_year, comment, area, edits_pending, end_date_day, end_date_month, end_date_year, ended, gender, gid, id, last_updated, name, sort_name, type) VALUES (NULL, NULL, NULL, '', NULL, 0, NULL, NULL, NULL, '0', NULL, '05d83760-08b5-42bb-a8d7-00d80b3bf47c', 398598, NULL, 'Paul Allgood', 'Allgood, Paul', 1);
INSERT INTO artist (begin_date_day, begin_date_month, begin_date_year, comment, area, edits_pending, end_date_day, end_date_month, end_date_year, ended, gender, gid, id, last_updated, name, sort_name, type) VALUES (NULL, NULL, NULL, 'UK dubstep artist Greg Sanders', NULL, 0, NULL, NULL, NULL, '0', NULL, '472bc127-8861-45e8-bc9e-31e8dd32de7a', 427385, '2009-12-30 20:10:06.209461+00', 'Distance', 'Distance', 1);
INSERT INTO artist (begin_date_day, begin_date_month, begin_date_year, comment, area, edits_pending, end_date_day, end_date_month, end_date_year, ended, gender, gid, id, last_updated, name, sort_name, type) VALUES (NULL, NULL, 1989, '', NULL, 0, NULL, NULL, NULL, '0', NULL, '1946a82a-f927-40c2-8235-38d64f50d043', 242, NULL, 'The Chemical Brothers', 'Chemical Brothers, The', 2);

UPDATE artist_meta SET rating_count = NULL, rating = NULL WHERE id = 265420;
UPDATE artist_meta SET rating_count = 2, rating = 70 WHERE id = 11545;
UPDATE artist_meta SET rating_count = 1, rating = 100 WHERE id = 427385;
UPDATE artist_meta SET rating_count = 3, rating = 60 WHERE id = 135345;
UPDATE artist_meta SET rating_count = 3, rating = 87 WHERE id = 9496;
UPDATE artist_meta SET rating_count = NULL, rating = NULL WHERE id = 283833;
UPDATE artist_meta SET rating_count = NULL, rating = NULL WHERE id = 273135;
UPDATE artist_meta SET rating_count = NULL, rating = NULL WHERE id = 100300;
UPDATE artist_meta SET rating_count = NULL, rating = NULL WHERE id = 9772;
UPDATE artist_meta SET rating_count = 2, rating = 100 WHERE id = 199379;
UPDATE artist_meta SET rating_count = 12, rating = 87 WHERE id = 242;
UPDATE artist_meta SET rating_count = NULL, rating = NULL WHERE id = 301255;
UPDATE artist_meta SET rating_count = 22, rating = 95 WHERE id = 388;
UPDATE artist_meta SET rating_count = 5, rating = 92 WHERE id = 779;
UPDATE artist_meta SET rating_count = NULL, rating = NULL WHERE id = 180273;
UPDATE artist_meta SET rating_count = NULL, rating = NULL WHERE id = 57874;
UPDATE artist_meta SET rating_count = 3, rating = 93 WHERE id = 22492;
UPDATE artist_meta SET rating_count = NULL, rating = NULL WHERE id = 199821;
UPDATE artist_meta SET rating_count = 1, rating = 80 WHERE id = 398438;
UPDATE artist_meta SET rating_count = 1, rating = 80 WHERE id = 398598;
UPDATE artist_meta SET rating_count = NULL, rating = NULL WHERE id = 82524;

INSERT INTO artist_alias (artist, begin_date_day, begin_date_month, begin_date_year, edits_pending, end_date_day, end_date_month, end_date_year, id, last_updated, locale, name, primary_for_locale, sort_name, type) VALUES (265420, NULL, NULL, NULL, 0, NULL, NULL, NULL, 34039, '2011-01-18 15:20:17.74049+00', NULL, '7닌마츠리', '0', '7닌마츠리', NULL);
INSERT INTO artist_alias (artist, begin_date_day, begin_date_month, begin_date_year, edits_pending, end_date_day, end_date_month, end_date_year, id, last_updated, locale, name, primary_for_locale, sort_name, type) VALUES (265420, NULL, NULL, NULL, 0, NULL, NULL, NULL, 34038, '2011-01-18 15:20:17.74049+00', NULL, 'ななにんまつり', '0', 'ななにんまつり', NULL);
INSERT INTO artist_alias (artist, begin_date_day, begin_date_month, begin_date_year, edits_pending, end_date_day, end_date_month, end_date_year, id, last_updated, locale, name, primary_for_locale, sort_name, type) VALUES (265420, NULL, NULL, NULL, 0, NULL, NULL, NULL, 29643, '2011-01-18 15:20:17.74049+00', NULL, '7nin Matsuri', '0', '7nin Matsuri', NULL);
INSERT INTO artist_alias (artist, begin_date_day, begin_date_month, begin_date_year, edits_pending, end_date_day, end_date_month, end_date_year, id, last_updated, locale, name, primary_for_locale, sort_name, type) VALUES (265420, NULL, NULL, NULL, 0, NULL, NULL, NULL, 34037, '2011-01-18 15:20:17.74049+00', NULL, '7 nin matsuri', '0', '7 nin matsuri', NULL);
INSERT INTO artist_alias (artist, begin_date_day, begin_date_month, begin_date_year, edits_pending, end_date_day, end_date_month, end_date_year, id, last_updated, locale, name, primary_for_locale, sort_name, type) VALUES (427385, NULL, NULL, NULL, 0, NULL, NULL, NULL, 76296, '2011-01-18 15:20:17.74049+00', NULL, 'Distance', '0', 'Distance', NULL);
INSERT INTO artist_alias (artist, begin_date_day, begin_date_month, begin_date_year, edits_pending, end_date_day, end_date_month, end_date_year, id, last_updated, locale, name, primary_for_locale, sort_name, type) VALUES (427385, NULL, NULL, NULL, 0, NULL, NULL, NULL, 68866, '2011-01-18 15:20:17.74049+00', NULL, 'DJ Distance', '0', 'DJ Distance', NULL);
INSERT INTO artist_alias (artist, begin_date_day, begin_date_month, begin_date_year, edits_pending, end_date_day, end_date_month, end_date_year, id, last_updated, locale, name, primary_for_locale, sort_name, type) VALUES (135345, NULL, NULL, NULL, 0, NULL, NULL, NULL, 70047, '2011-01-18 15:20:17.74049+00', NULL, 'mediarite-flow crew', '0', 'mediarite-flow crew', NULL);
INSERT INTO artist_alias (artist, begin_date_day, begin_date_month, begin_date_year, edits_pending, end_date_day, end_date_month, end_date_year, id, last_updated, locale, name, primary_for_locale, sort_name, type) VALUES (135345, NULL, NULL, NULL, 0, NULL, NULL, NULL, 69816, '2011-01-18 15:20:17.74049+00', NULL, 'mflo', '0', 'mflo', NULL);
INSERT INTO artist_alias (artist, begin_date_day, begin_date_month, begin_date_year, edits_pending, end_date_day, end_date_month, end_date_year, id, last_updated, locale, name, primary_for_locale, sort_name, type) VALUES (135345, NULL, NULL, NULL, 0, NULL, NULL, NULL, 70046, '2011-01-18 15:20:17.74049+00', NULL, 'meteorite-flow crew', '0', 'meteorite-flow crew', NULL);
INSERT INTO artist_alias (artist, begin_date_day, begin_date_month, begin_date_year, edits_pending, end_date_day, end_date_month, end_date_year, id, last_updated, locale, name, primary_for_locale, sort_name, type) VALUES (135345, NULL, NULL, NULL, 0, NULL, NULL, NULL, 38930, '2011-01-18 15:20:17.74049+00', NULL, 'm-flow', '0', 'm-flow', NULL);
INSERT INTO artist_alias (artist, begin_date_day, begin_date_month, begin_date_year, edits_pending, end_date_day, end_date_month, end_date_year, id, last_updated, locale, name, primary_for_locale, sort_name, type) VALUES (135345, NULL, NULL, NULL, 0, NULL, NULL, NULL, 69814, '2011-01-18 15:20:17.74049+00', NULL, 'えむふろう', '0', 'えむふろう', NULL);
INSERT INTO artist_alias (artist, begin_date_day, begin_date_month, begin_date_year, edits_pending, end_date_day, end_date_month, end_date_year, id, last_updated, locale, name, primary_for_locale, sort_name, type) VALUES (135345, NULL, NULL, NULL, 0, NULL, NULL, NULL, 69815, '2011-01-18 15:20:17.74049+00', NULL, 'エムフロウ', '0', 'エムフロウ', NULL);
INSERT INTO artist_alias (artist, begin_date_day, begin_date_month, begin_date_year, edits_pending, end_date_day, end_date_month, end_date_year, id, last_updated, locale, name, primary_for_locale, sort_name, type) VALUES (9496, NULL, NULL, NULL, 0, NULL, NULL, NULL, 11905, '2011-01-18 15:20:17.74049+00', NULL, 'Beat of Angel', '0', 'Beat of Angel', NULL);
INSERT INTO artist_alias (artist, begin_date_day, begin_date_month, begin_date_year, edits_pending, end_date_day, end_date_month, end_date_year, id, last_updated, locale, name, primary_for_locale, sort_name, type) VALUES (9496, NULL, NULL, NULL, 0, NULL, NULL, NULL, 70378, '2011-01-18 15:20:17.74049+00', NULL, 'ボア', '0', 'ボア', NULL);
INSERT INTO artist_alias (artist, begin_date_day, begin_date_month, begin_date_year, edits_pending, end_date_day, end_date_month, end_date_year, id, last_updated, locale, name, primary_for_locale, sort_name, type) VALUES (9496, NULL, NULL, NULL, 0, NULL, NULL, NULL, 11902, '2011-01-18 15:20:17.74049+00', NULL, 'BoA Kwon', '0', 'BoA Kwon', NULL);
INSERT INTO artist_alias (artist, begin_date_day, begin_date_month, begin_date_year, edits_pending, end_date_day, end_date_month, end_date_year, id, last_updated, locale, name, primary_for_locale, sort_name, type) VALUES (9496, NULL, NULL, NULL, 0, NULL, NULL, NULL, 11901, '2011-01-18 15:20:17.74049+00', NULL, 'Kwon BoA', '0', 'Kwon BoA', NULL);
INSERT INTO artist_alias (artist, begin_date_day, begin_date_month, begin_date_year, edits_pending, end_date_day, end_date_month, end_date_year, id, last_updated, locale, name, primary_for_locale, sort_name, type) VALUES (9496, NULL, NULL, NULL, 0, NULL, NULL, NULL, 18652, '2011-01-18 15:20:17.74049+00', NULL, '보아', '0', '보아', NULL);
INSERT INTO artist_alias (artist, begin_date_day, begin_date_month, begin_date_year, edits_pending, end_date_day, end_date_month, end_date_year, id, last_updated, locale, name, primary_for_locale, sort_name, type) VALUES (273135, NULL, NULL, NULL, 0, NULL, NULL, NULL, 53337, '2011-01-18 15:20:17.74049+00', NULL, 'Chris S.U.', '0', 'Chris S.U.', NULL);
INSERT INTO artist_alias (artist, begin_date_day, begin_date_month, begin_date_year, edits_pending, end_date_day, end_date_month, end_date_year, id, last_updated, locale, name, primary_for_locale, sort_name, type) VALUES (199379, NULL, NULL, NULL, 0, NULL, NULL, NULL, 52238, '2011-01-18 15:20:17.74049+00', NULL, 'Subfocus', '0', 'Subfocus', NULL);
INSERT INTO artist_alias (artist, begin_date_day, begin_date_month, begin_date_year, edits_pending, end_date_day, end_date_month, end_date_year, id, last_updated, locale, name, primary_for_locale, sort_name, type) VALUES (242, NULL, NULL, NULL, 0, NULL, NULL, NULL, 34446, '2011-01-18 15:20:17.74049+00', NULL, 'Chemical Brother', '0', 'Chemical Brother', NULL);
INSERT INTO artist_alias (artist, begin_date_day, begin_date_month, begin_date_year, edits_pending, end_date_day, end_date_month, end_date_year, id, last_updated, locale, name, primary_for_locale, sort_name, type) VALUES (242, NULL, NULL, NULL, 0, NULL, NULL, NULL, 381, '2011-01-18 15:20:17.74049+00', NULL, 'CHEMICAL BROTHERS', '0', 'CHEMICAL BROTHERS', NULL);
INSERT INTO artist_alias (artist, begin_date_day, begin_date_month, begin_date_year, edits_pending, end_date_day, end_date_month, end_date_year, id, last_updated, locale, name, primary_for_locale, sort_name, type) VALUES (242, NULL, NULL, NULL, 0, NULL, NULL, NULL, 2207, '2011-01-18 15:20:17.74049+00', NULL, 'Chemical Brothers', '0', 'Chemical Brothers', NULL);
INSERT INTO artist_alias (artist, begin_date_day, begin_date_month, begin_date_year, edits_pending, end_date_day, end_date_month, end_date_year, id, last_updated, locale, name, primary_for_locale, sort_name, type) VALUES (388, NULL, NULL, NULL, 0, NULL, NULL, NULL, 4509, '2011-01-18 15:20:17.74049+00', NULL, 'Led Zepplelin', '0', 'Led Zepplelin', NULL);
INSERT INTO artist_alias (artist, begin_date_day, begin_date_month, begin_date_year, edits_pending, end_date_day, end_date_month, end_date_year, id, last_updated, locale, name, primary_for_locale, sort_name, type) VALUES (388, NULL, NULL, NULL, 0, NULL, NULL, NULL, 23659, '2011-01-18 15:20:17.74049+00', NULL, 'レッド・ツェッペリン', '0', 'レッド・ツェッペリン', NULL);
INSERT INTO artist_alias (artist, begin_date_day, begin_date_month, begin_date_year, edits_pending, end_date_day, end_date_month, end_date_year, id, last_updated, locale, name, primary_for_locale, sort_name, type) VALUES (388, NULL, NULL, NULL, 0, NULL, NULL, NULL, 415, '2011-01-18 15:20:17.74049+00', NULL, 'Led Zep', '0', 'Led Zep', NULL);
INSERT INTO artist_alias (artist, begin_date_day, begin_date_month, begin_date_year, edits_pending, end_date_day, end_date_month, end_date_year, id, last_updated, locale, name, primary_for_locale, sort_name, type) VALUES (388, NULL, NULL, NULL, 0, NULL, NULL, NULL, 23287, '2011-01-18 15:20:17.74049+00', NULL, 'LZ', '0', 'LZ', NULL);
INSERT INTO artist_alias (artist, begin_date_day, begin_date_month, begin_date_year, edits_pending, end_date_day, end_date_month, end_date_year, id, last_updated, locale, name, primary_for_locale, sort_name, type) VALUES (388, NULL, NULL, NULL, 0, NULL, NULL, NULL, 756, '2011-01-18 15:20:17.74049+00', NULL, 'Led Zepplin', '0', 'Led Zepplin', NULL);
INSERT INTO artist_alias (artist, begin_date_day, begin_date_month, begin_date_year, edits_pending, end_date_day, end_date_month, end_date_year, id, last_updated, locale, name, primary_for_locale, sort_name, type) VALUES (388, NULL, NULL, NULL, 0, NULL, NULL, NULL, 27562, '2011-01-18 15:20:17.74049+00', NULL, 'Bootleg Zeppelin', '0', 'Bootleg Zeppelin', NULL);
INSERT INTO artist_alias (artist, begin_date_day, begin_date_month, begin_date_year, edits_pending, end_date_day, end_date_month, end_date_year, id, last_updated, locale, name, primary_for_locale, sort_name, type) VALUES (388, NULL, NULL, NULL, 0, NULL, NULL, NULL, 757, '2011-01-18 15:20:17.74049+00', NULL, 'Led Zepellin', '0', 'Led Zepellin', NULL);
INSERT INTO artist_alias (artist, begin_date_day, begin_date_month, begin_date_year, edits_pending, end_date_day, end_date_month, end_date_year, id, last_updated, locale, name, primary_for_locale, sort_name, type) VALUES (22492, NULL, NULL, NULL, 0, NULL, NULL, NULL, 21113, '2011-01-18 15:20:17.74049+00', NULL, 'B.B. King Medley', '0', 'B.B. King Medley', NULL);
INSERT INTO artist_alias (artist, begin_date_day, begin_date_month, begin_date_year, edits_pending, end_date_day, end_date_month, end_date_year, id, last_updated, locale, name, primary_for_locale, sort_name, type) VALUES (22492, NULL, NULL, NULL, 0, NULL, NULL, NULL, 32207, '2011-01-18 15:20:17.74049+00', NULL, 'B.B. King and Friends', '0', 'B.B. King and Friends', NULL);
INSERT INTO artist_alias (artist, begin_date_day, begin_date_month, begin_date_year, edits_pending, end_date_day, end_date_month, end_date_year, id, last_updated, locale, name, primary_for_locale, sort_name, type) VALUES (22492, NULL, NULL, NULL, 0, NULL, NULL, NULL, 16642, '2011-01-18 15:20:17.74049+00', NULL, 'King, B. B.', '0', 'King, B. B.', NULL);
INSERT INTO artist_alias (artist, begin_date_day, begin_date_month, begin_date_year, edits_pending, end_date_day, end_date_month, end_date_year, id, last_updated, locale, name, primary_for_locale, sort_name, type) VALUES (22492, NULL, NULL, NULL, 0, NULL, NULL, NULL, 1778, '2011-01-18 15:20:17.74049+00', NULL, 'BB King', '0', 'BB King', NULL);
INSERT INTO artist_alias (artist, begin_date_day, begin_date_month, begin_date_year, edits_pending, end_date_day, end_date_month, end_date_year, id, last_updated, locale, name, primary_for_locale, sort_name, type) VALUES (22492, NULL, NULL, NULL, 0, NULL, NULL, NULL, 32209, '2011-01-18 15:20:17.74049+00', NULL, 'BB. King & Friends', '0', 'BB. King & Friends', NULL);
INSERT INTO artist_alias (artist, begin_date_day, begin_date_month, begin_date_year, edits_pending, end_date_day, end_date_month, end_date_year, id, last_updated, locale, name, primary_for_locale, sort_name, type) VALUES (22492, NULL, NULL, NULL, 0, NULL, NULL, NULL, 4960, '2011-01-18 15:20:17.74049+00', NULL, 'B B King', '0', 'B B King', NULL);
INSERT INTO artist_alias (artist, begin_date_day, begin_date_month, begin_date_year, edits_pending, end_date_day, end_date_month, end_date_year, id, last_updated, locale, name, primary_for_locale, sort_name, type) VALUES (22492, NULL, NULL, NULL, 0, NULL, NULL, NULL, 32210, '2011-01-18 15:20:17.74049+00', NULL, 'BB King and Friends', '0', 'BB King and Friends', NULL);
INSERT INTO artist_alias (artist, begin_date_day, begin_date_month, begin_date_year, edits_pending, end_date_day, end_date_month, end_date_year, id, last_updated, locale, name, primary_for_locale, sort_name, type) VALUES (22492, NULL, NULL, NULL, 0, NULL, NULL, NULL, 3814, '2011-01-18 15:20:17.74049+00', NULL, 'B.B.King', '0', 'B.B.King', NULL);
INSERT INTO artist_alias (artist, begin_date_day, begin_date_month, begin_date_year, edits_pending, end_date_day, end_date_month, end_date_year, id, last_updated, locale, name, primary_for_locale, sort_name, type) VALUES (22492, NULL, NULL, NULL, 0, NULL, NULL, NULL, 32208, '2011-01-18 15:20:17.74049+00', NULL, 'B.B. King & Friends', '0', 'B.B. King & Friends', NULL);
INSERT INTO artist_alias (artist, begin_date_day, begin_date_month, begin_date_year, edits_pending, end_date_day, end_date_month, end_date_year, id, last_updated, locale, name, primary_for_locale, sort_name, type) VALUES (22492, NULL, NULL, NULL, 0, NULL, NULL, NULL, 3557, '2011-01-18 15:20:17.74049+00', NULL, 'B. B. King', '0', 'B. B. King', NULL);
INSERT INTO artist_alias (artist, begin_date_day, begin_date_month, begin_date_year, edits_pending, end_date_day, end_date_month, end_date_year, id, last_updated, locale, name, primary_for_locale, sort_name, type) VALUES (398438, NULL, NULL, NULL, 0, NULL, NULL, NULL, 51110, '2011-01-18 15:20:17.74049+00', NULL, 'Wedlock(U.S.)', '0', 'Wedlock(U.S.)', NULL);

-- Artist Credits

INSERT INTO artist_credit (id, artist_count, created, name, ref_count) VALUES (242, 1, '2011-01-18 16:24:02.551922+00', 'The Chemical Brothers', 2654);
INSERT INTO artist_credit (id, artist_count, created, name, ref_count) VALUES (388, 1, '2011-01-18 16:24:02.551922+00', 'Led Zeppelin', 9450);
INSERT INTO artist_credit (id, artist_count, created, name, ref_count) VALUES (779, 1, '2011-01-18 16:24:02.551922+00', 'Bad Religion', 2916);
INSERT INTO artist_credit (id, artist_count, created, name, ref_count) VALUES (9496, 1, '2011-01-18 16:24:02.551922+00', 'BoA', 2401);
INSERT INTO artist_credit (id, artist_count, created, name, ref_count) VALUES (9772, 1, '2011-01-18 16:24:02.551922+00', 'Andy C', 114);
INSERT INTO artist_credit (id, artist_count, created, name, ref_count) VALUES (11545, 1, '2011-01-18 16:24:02.551922+00', 'Plone', 115);
INSERT INTO artist_credit (id, artist_count, created, name, ref_count) VALUES (22492, 1, '2011-01-18 16:24:02.551922+00', 'B.B. King', 7251);
INSERT INTO artist_credit (id, artist_count, created, name, ref_count) VALUES (57874, 1, '2011-01-18 16:24:02.551922+00', 'Mindscape', 64);
INSERT INTO artist_credit (id, artist_count, created, name, ref_count) VALUES (100300, 1, '2011-01-18 16:24:02.551922+00', 'SKC', 144);
INSERT INTO artist_credit (id, artist_count, created, name, ref_count) VALUES (135345, 1, '2011-01-18 16:24:02.551922+00', 'm-flo', 764);
INSERT INTO artist_credit (id, artist_count, created, name, ref_count) VALUES (180273, 1, '2011-01-18 16:24:02.551922+00', 'SKC & Bratwa', 13);
INSERT INTO artist_credit (id, artist_count, created, name, ref_count) VALUES (199379, 1, '2011-01-18 16:24:02.551922+00', 'Sub Focus', 319);
INSERT INTO artist_credit (id, artist_count, created, name, ref_count) VALUES (199821, 1, '2011-01-18 16:24:02.551922+00', 'Corporation: Blend', 23);
INSERT INTO artist_credit (id, artist_count, created, name, ref_count) VALUES (265420, 1, '2011-01-18 16:24:02.551922+00', '7人祭', 32);
INSERT INTO artist_credit (id, artist_count, created, name, ref_count) VALUES (283833, 1, '2011-01-18 16:24:02.551922+00', 'BAGDAD CAFE THE trench town', 53);
INSERT INTO artist_credit (id, artist_count, created, name, ref_count) VALUES (301255, 1, '2011-01-18 16:24:02.551922+00', 'Nicole', 70);
INSERT INTO artist_credit (id, artist_count, created, name, ref_count) VALUES (398438, 1, '2011-01-18 16:24:02.551922+00', 'Wedlock', 175);
INSERT INTO artist_credit (id, artist_count, created, name, ref_count) VALUES (398598, 1, '2011-01-18 16:24:02.551922+00', 'Paul Allgood', 68);
INSERT INTO artist_credit (id, artist_count, created, name, ref_count) VALUES (427385, 1, '2011-01-18 16:24:02.551922+00', 'Distance', 293);
INSERT INTO artist_credit (id, artist_count, created, name, ref_count) VALUES (781759, 2, '2011-01-18 16:24:02.551922+00', 'Chris.Su & SKC', 22);
INSERT INTO artist_credit (id, artist_count, created, name, ref_count) VALUES (792488, 2, '2011-01-18 16:24:02.551922+00', 'm-flo♥BoA', 21);

INSERT INTO artist_credit_name (artist, artist_credit, join_phrase, name, position) VALUES (242, 242, '', 'The Chemical Brothers', 0);
INSERT INTO artist_credit_name (artist, artist_credit, join_phrase, name, position) VALUES (388, 388, '', 'Led Zeppelin', 0);
INSERT INTO artist_credit_name (artist, artist_credit, join_phrase, name, position) VALUES (779, 779, '', 'Bad Religion', 0);
INSERT INTO artist_credit_name (artist, artist_credit, join_phrase, name, position) VALUES (9496, 9496, '', 'BoA', 0);
INSERT INTO artist_credit_name (artist, artist_credit, join_phrase, name, position) VALUES (9772, 9772, '', 'Andy C', 0);
INSERT INTO artist_credit_name (artist, artist_credit, join_phrase, name, position) VALUES (11545, 11545, '', 'Plone', 0);
INSERT INTO artist_credit_name (artist, artist_credit, join_phrase, name, position) VALUES (22492, 22492, '', 'B.B. King', 0);
INSERT INTO artist_credit_name (artist, artist_credit, join_phrase, name, position) VALUES (57874, 57874, '', 'Mindscape', 0);
INSERT INTO artist_credit_name (artist, artist_credit, join_phrase, name, position) VALUES (100300, 100300, '', 'SKC', 0);
INSERT INTO artist_credit_name (artist, artist_credit, join_phrase, name, position) VALUES (135345, 135345, '', 'm-flo', 0);
INSERT INTO artist_credit_name (artist, artist_credit, join_phrase, name, position) VALUES (180273, 180273, '', 'SKC & Bratwa', 0);
INSERT INTO artist_credit_name (artist, artist_credit, join_phrase, name, position) VALUES (199379, 199379, '', 'Sub Focus', 0);
INSERT INTO artist_credit_name (artist, artist_credit, join_phrase, name, position) VALUES (199821, 199821, '', 'Corporation: Blend', 0);
INSERT INTO artist_credit_name (artist, artist_credit, join_phrase, name, position) VALUES (265420, 265420, '', '7人祭', 0);
INSERT INTO artist_credit_name (artist, artist_credit, join_phrase, name, position) VALUES (283833, 283833, '', 'BAGDAD CAFE THE trench town', 0);
INSERT INTO artist_credit_name (artist, artist_credit, join_phrase, name, position) VALUES (301255, 301255, '', 'Nicole', 0);
INSERT INTO artist_credit_name (artist, artist_credit, join_phrase, name, position) VALUES (398438, 398438, '', 'Wedlock', 0);
INSERT INTO artist_credit_name (artist, artist_credit, join_phrase, name, position) VALUES (398598, 398598, '', 'Paul Allgood', 0);
INSERT INTO artist_credit_name (artist, artist_credit, join_phrase, name, position) VALUES (427385, 427385, '', 'Distance', 0);
INSERT INTO artist_credit_name (artist, artist_credit, join_phrase, name, position) VALUES (273135, 781759, ' & ', 'Chris.Su', 0);
INSERT INTO artist_credit_name (artist, artist_credit, join_phrase, name, position) VALUES (100300, 781759, '', 'SKC', 1);
INSERT INTO artist_credit_name (artist, artist_credit, join_phrase, name, position) VALUES (135345, 792488, '♥', 'm-flo', 0);
INSERT INTO artist_credit_name (artist, artist_credit, join_phrase, name, position) VALUES (9496, 792488, '', 'BoA', 1);

-- Instruments

SELECT setval('link_attribute_type_id_seq', (SELECT MAX(id) FROM link_attribute_type));

INSERT INTO instrument (id, gid, name, type) VALUES (7, '3590521b-8c97-4f4b-b1bb-5f68d3663d8a', 'English horn', 1);

INSERT INTO instrument_alias (id, instrument, name, sort_name) VALUES
    (1, 7, 'cor anglais', 'cor anglais'),
    (2, 7, 'English horn', 'English horn');

-- RGs

INSERT INTO release_group (artist_credit, comment, edits_pending, gid, id, last_updated, name, type) VALUES (265420, '', 0, 'b84625af-6229-305f-9f1b-59c0185df016', 377462, '2009-05-24 20:47:00.490177+00', 'サマーれげぇ!レインボー', 2);
INSERT INTO release_group (artist_credit, comment, edits_pending, gid, id, last_updated, name, type) VALUES (11545, '', 0, '202cad78-a2e1-3fa7-b8bc-77c1f737e3da', 155364, '2009-05-24 20:47:00.490177+00', 'For Beginner Piano', 1);
INSERT INTO release_group (artist_credit, comment, edits_pending, gid, id, last_updated, name, type) VALUES (427385, '', 0, '22b54315-6e51-350b-bb34-e6e16f7688bd', 597897, '2009-05-24 20:47:00.490177+00', 'My Demons', 1);
INSERT INTO release_group (artist_credit, comment, edits_pending, gid, id, last_updated, name, type) VALUES (427385, '', 0, '56683a0b-45b8-3664-a231-5b68efe2e7e2', 761939, '2009-05-24 20:47:00.490177+00', 'Repercussions', 1);
INSERT INTO release_group (artist_credit, comment, edits_pending, gid, id, last_updated, name, type) VALUES (135345, '', 0, '153f0a09-fead-3370-9b17-379ebd09446b', 403214, '2009-05-24 20:47:00.490177+00', 'the Love Bug', 2);
INSERT INTO release_group (artist_credit, comment, edits_pending, gid, id, last_updated, name, type) VALUES (9496, '', 0, '23f421e7-431e-3e1d-bcbf-b91f5f7c5e2c', 326504, '2009-05-24 20:47:00.490177+00', 'LOVE & HONESTY', 1);
INSERT INTO release_group (artist_credit, comment, edits_pending, gid, id, last_updated, name, type) VALUES (781759, '', 0, '86b4a630-4dd8-36f0-8bc9-e52fe7634320', 701319, '2009-05-24 20:47:00.490177+00', 'Desert Siege / Crash', 2);
INSERT INTO release_group (artist_credit, comment, edits_pending, gid, id, last_updated, name, type) VALUES (9772, '', 0, 'acc775e4-9b67-3828-a4a0-92df54273190', 253157, '2009-05-24 20:47:00.490177+00', 'Cool Down / Roll On', 2);
INSERT INTO release_group (artist_credit, comment, edits_pending, gid, id, last_updated, name, type) VALUES (199379, '', 0, '7aec6fd9-25a6-3dce-b8fd-f93b3039bca6', 691664, '2009-05-24 20:47:00.490177+00', 'Acid Test / Get on Up', 2);
INSERT INTO release_group (artist_credit, comment, edits_pending, gid, id, last_updated, name, type) VALUES (242, '', 0, '22ca85ec-ee39-3895-aef9-dee5d5c2f4d6', 724150, '2010-10-16 17:05:05.553747+00', 'Surrender', 1);
INSERT INTO release_group (artist_credit, comment, edits_pending, gid, id, last_updated, name, type) VALUES (301255, '', 0, '961c672c-7a3f-30c1-9e44-4e3ab02affd5', 148670, '2009-05-24 20:47:00.490177+00', 'Make It Hot', 2);
INSERT INTO release_group (artist_credit, comment, edits_pending, gid, id, last_updated, name, type) VALUES (388, '', 0, '9b5006e5-b276-3a05-bcdd-8d986842320b', 18759, '2009-05-24 20:47:00.490177+00', 'Houses of the Holy', 1);
INSERT INTO release_group (artist_credit, comment, edits_pending, gid, id, last_updated, name, type) VALUES (779, '', 0, '3e38adc0-bb7d-39d1-a811-7ce6db5d869d', 47743, '2009-05-24 20:47:00.490177+00', 'Recipe for Hate', 1);
INSERT INTO release_group (artist_credit, comment, edits_pending, gid, id, last_updated, name, type) VALUES (100300, '', 0, 'd3cad1a9-9173-3f9f-b853-bd0852ceae1a', 666173, '2009-05-24 20:47:00.490177+00', 'The Future Sound of Budapest', 3);
INSERT INTO release_group (artist_credit, comment, edits_pending, gid, id, last_updated, name, type) VALUES (22492, '', 0, 'a4d2a86c-bbd6-352b-b9fa-f9da86df842c', 87135, '2009-05-24 20:47:00.490177+00', 'Live at the Regal', 9);
INSERT INTO release_group (artist_credit, comment, edits_pending, gid, id, last_updated, name, type) VALUES (199821, '', 0, 'a8c946f5-8d26-3534-bab7-37c57eebbc1c', 284354, '2009-05-24 20:47:00.490177+00', '[non-album tracks]', NULL);
INSERT INTO release_group (artist_credit, comment, edits_pending, gid, id, last_updated, name, type) VALUES (398438, '', 0, 'cde61708-3be3-31ad-ba61-06af6af59565', 703316, '2009-05-24 20:47:00.490177+00', 'Exogamy', 1);
INSERT INTO release_group (artist_credit, comment, edits_pending, gid, id, last_updated, name, type) VALUES (398598, '', 0, '04ba5879-e3ac-3cba-8a69-ee7da8ad8c4c', 772397, '2009-05-24 20:47:00.490177+00', 'An Inextricable Tale Audiobook', 6);

UPDATE release_group_meta SET first_release_date_month = 7, rating_count = NULL, first_release_date_year = 2001, release_count = 2, first_release_date_day = 4, rating = NULL WHERE id = 377462;
UPDATE release_group_meta SET first_release_date_month = 9, rating_count = NULL, first_release_date_year = 1999, release_count = 3, first_release_date_day = 13, rating = NULL WHERE id = 155364;
UPDATE release_group_meta SET first_release_date_month = 1, rating_count = 1, first_release_date_year = 2007, release_count = 1, first_release_date_day = 29, rating = 80 WHERE id = 597897;
UPDATE release_group_meta SET first_release_date_month = 11, rating_count = NULL, first_release_date_year = 2008, release_count = 1, first_release_date_day = 17, rating = NULL WHERE id = 761939;
UPDATE release_group_meta SET first_release_date_month = 3, rating_count = NULL, first_release_date_year = 2004, release_count = 1, first_release_date_day = 17, rating = NULL WHERE id = 403214;
UPDATE release_group_meta SET first_release_date_month = 1, rating_count = NULL, first_release_date_year = 2004, release_count = 3, first_release_date_day = 15, rating = NULL WHERE id = 326504;
UPDATE release_group_meta SET first_release_date_month = 12, rating_count = NULL, first_release_date_year = 2004, release_count = 1, first_release_date_day = 13, rating = NULL WHERE id = 701319;
UPDATE release_group_meta SET first_release_date_month = NULL, rating_count = NULL, first_release_date_year = 1995, release_count = 1, first_release_date_day = NULL, rating = NULL WHERE id = 253157;
UPDATE release_group_meta SET first_release_date_month = NULL, rating_count = NULL, first_release_date_year = 2004, release_count = 1, first_release_date_day = NULL, rating = NULL WHERE id = 691664;
UPDATE release_group_meta SET first_release_date_month = NULL, rating_count = 3, first_release_date_year = 1999, release_count = 9, first_release_date_day = NULL, rating = 87 WHERE id = 724150;
UPDATE release_group_meta SET first_release_date_month = 6, rating_count = NULL, first_release_date_year = 1998, release_count = 2, first_release_date_day = 15, rating = NULL WHERE id = 148670;
UPDATE release_group_meta SET first_release_date_month = 3, rating_count = 7, first_release_date_year = 1973, release_count = 10, first_release_date_day = 28, rating = 97 WHERE id = 18759;
UPDATE release_group_meta SET first_release_date_month = 4, rating_count = 1, first_release_date_year = 1993, release_count = 2, first_release_date_day = 6, rating = 100 WHERE id = 47743;
UPDATE release_group_meta SET first_release_date_month = 11, rating_count = NULL, first_release_date_year = 2005, release_count = 1, first_release_date_day = 28, rating = NULL WHERE id = 666173;
UPDATE release_group_meta SET first_release_date_month = NULL, rating_count = 1, first_release_date_year = 1965, release_count = 8, first_release_date_day = NULL, rating = 100 WHERE id = 87135;
UPDATE release_group_meta SET first_release_date_month = NULL, rating_count = NULL, first_release_date_year = NULL, release_count = 0, first_release_date_day = NULL, rating = NULL WHERE id = 284354;
UPDATE release_group_meta SET first_release_date_month = 4, rating_count = 1, first_release_date_year = 2008, release_count = 1, first_release_date_day = 29, rating = 80 WHERE id = 703316;
UPDATE release_group_meta SET first_release_date_month = 11, rating_count = NULL, first_release_date_year = 2007, release_count = 1, first_release_date_day = 8, rating = NULL WHERE id = 772397;

INSERT INTO release_group_secondary_type_join (created, release_group, secondary_type) VALUES ('2013-04-02 17:42:38.063723+00', 761939, 1);

-- Recordings

INSERT INTO recording (artist_credit, comment, edits_pending, gid, id, last_updated, length, name) VALUES (11545, '', 0, '44704dda-b877-4551-a2a8-c1f764476e65', 1542682, NULL, 267560, 'On My Bus');
INSERT INTO recording (artist_credit, comment, edits_pending, gid, id, last_updated, length, name) VALUES (11545, '', 0, '8920288e-7541-48a7-b23b-f80447c8b1ab', 1542683, NULL, 230506, 'Top & Low Rent');
INSERT INTO recording (artist_credit, comment, edits_pending, gid, id, last_updated, length, name) VALUES (11545, '', 0, '6e89c516-b0b6-4735-a758-38e31855dcb6', 1542684, NULL, 237133, 'Plock');
INSERT INTO recording (artist_credit, comment, edits_pending, gid, id, last_updated, length, name) VALUES (11545, '', 0, '791d9b27-ae1a-4295-8943-ded4284f2122', 1542685, NULL, 229826, 'Marbles');
INSERT INTO recording (artist_credit, comment, edits_pending, gid, id, last_updated, length, name) VALUES (11545, '', 0, '4f392ffb-d3df-4f8a-ba74-fdecbb1be877', 1542686, NULL, 217440, 'Busy Working');
INSERT INTO recording (artist_credit, comment, edits_pending, gid, id, last_updated, length, name) VALUES (11545, '', 0, 'dc891eca-bf42-4103-8682-86068fe732a5', 1542687, NULL, 227293, 'The Greek Alphabet');
INSERT INTO recording (artist_credit, comment, edits_pending, gid, id, last_updated, length, name) VALUES (11545, '', 0, '25e9ae0f-8b7d-4230-9cde-9a07f7680e4a', 1542688, NULL, 244506, 'Press a Key');
INSERT INTO recording (artist_credit, comment, edits_pending, gid, id, last_updated, length, name) VALUES (11545, '', 0, '6f9c8c32-3aae-4dad-b023-56389361cf6b', 1542689, NULL, 173960, 'Bibi Plone');
INSERT INTO recording (artist_credit, comment, edits_pending, gid, id, last_updated, length, name) VALUES (11545, '', 0, '7e379a1d-f2bc-47b8-964e-00723df34c8a', 1542690, NULL, 208706, 'Be Rude to Your School');
INSERT INTO recording (artist_credit, comment, edits_pending, gid, id, last_updated, length, name) VALUES (11545, '', 0, 'a8614bda-42dc-43c7-ac5f-4067acb6f1c5', 1542691, NULL, 320067, 'Summer Plays Out');
INSERT INTO recording (artist_credit, comment, edits_pending, gid, id, last_updated, length, name) VALUES (427385, '', 0, 'c4ef59be-bfa1-4601-81f8-9a65e3d8c1c9', 6750260, NULL, 369000, 'Night Vision');
INSERT INTO recording (artist_credit, comment, edits_pending, gid, id, last_updated, length, name) VALUES (427385, '', 0, '290792d5-5b32-4ba7-bd06-272589ab9669', 6750261, NULL, 291000, 'My Demons');
INSERT INTO recording (artist_credit, comment, edits_pending, gid, id, last_updated, length, name) VALUES (427385, '', 0, 'ccb347ea-5123-4bc8-a1a8-f60cf5fee9ad', 6750262, NULL, 348000, 'Weigh Down');
INSERT INTO recording (artist_credit, comment, edits_pending, gid, id, last_updated, length, name) VALUES (427385, '', 0, '03144356-5c08-47f8-8590-39a623cc5f36', 6750263, NULL, 319000, 'Traffic');
INSERT INTO recording (artist_credit, comment, edits_pending, gid, id, last_updated, length, name) VALUES (427385, '', 0, '35db5502-4937-4653-8494-c4291f1f22fe', 6750264, NULL, 280000, 'Mistral');
INSERT INTO recording (artist_credit, comment, edits_pending, gid, id, last_updated, length, name) VALUES (427385, '', 0, 'a4eb6323-519d-44e4-8ab7-df0a0f9df349', 6750265, NULL, 265000, 'Cyclops');
INSERT INTO recording (artist_credit, comment, edits_pending, gid, id, last_updated, length, name) VALUES (427385, '', 0, '7a356856-9483-42c2-bed9-dc07cb555952', 6750266, NULL, 334000, 'Cella');
INSERT INTO recording (artist_credit, comment, edits_pending, gid, id, last_updated, length, name) VALUES (427385, '', 0, '3b869875-6f4e-40e8-abda-d14184b073cd', 6750267, NULL, 300000, 'Ska');
INSERT INTO recording (artist_credit, comment, edits_pending, gid, id, last_updated, length, name) VALUES (427385, '', 0, '34061710-6ed8-4999-9ee6-177bad0af0a3', 6750268, NULL, 311000, 'Fractured');
INSERT INTO recording (artist_credit, comment, edits_pending, gid, id, last_updated, length, name) VALUES (427385, '', 0, '4ce2ac82-56f6-4a8a-af9b-33af6c67f30d', 6750269, NULL, 272000, 'Tuning');
INSERT INTO recording (artist_credit, comment, edits_pending, gid, id, last_updated, length, name) VALUES (427385, '', 0, 'e5a5847b-451b-4051-a09b-8295329097e3', 6750270, NULL, 314000, 'Confined');
INSERT INTO recording (artist_credit, comment, edits_pending, gid, id, last_updated, length, name) VALUES (427385, '', 0, '9011e90d-b7e3-400b-b932-305f94608772', 6750271, NULL, 339000, 'Delight');
INSERT INTO recording (artist_credit, comment, edits_pending, gid, id, last_updated, length, name) VALUES (427385, '', 0, '4f3321a6-7277-4c0e-808f-423b81e083e0', 8509231, NULL, 308706, 'Magnesium');
INSERT INTO recording (artist_credit, comment, edits_pending, gid, id, last_updated, length, name) VALUES (427385, '', 0, '1468c415-12bd-4fb9-b9e9-ca8d3f1df161', 8509232, NULL, 340626, 'Out of Mind');
INSERT INTO recording (artist_credit, comment, edits_pending, gid, id, last_updated, length, name) VALUES (427385, '', 0, '4abc57ff-035a-4612-9b53-6962f8216c9b', 8509233, NULL, 326066, 'Free Me');
INSERT INTO recording (artist_credit, comment, edits_pending, gid, id, last_updated, length, name) VALUES (427385, '', 0, 'cd836930-a4c7-45ac-821f-5642e99d4428', 8509234, NULL, 340133, 'Koncrete');
INSERT INTO recording (artist_credit, comment, edits_pending, gid, id, last_updated, length, name) VALUES (427385, '', 0, 'cbd9e885-b160-4c3c-9b87-468914839d45', 8509235, NULL, 353773, 'Loosen My Grip');
INSERT INTO recording (artist_credit, comment, edits_pending, gid, id, last_updated, length, name) VALUES (427385, '', 0, '5a9d7af8-b149-4764-ad98-cf839a376a60', 8509236, NULL, 296000, 'Repercussions');
INSERT INTO recording (artist_credit, comment, edits_pending, gid, id, last_updated, length, name) VALUES (427385, '', 0, '7e97f000-b36d-463e-bc86-795999fc9146', 8509237, NULL, 329026, 'Mirror Tell');
INSERT INTO recording (artist_credit, comment, edits_pending, gid, id, last_updated, length, name) VALUES (427385, '', 0, 'f08c7c21-252b-46a3-9af1-ee53fb07fb56', 8509238, NULL, 295786, 'Sending Chills');
INSERT INTO recording (artist_credit, comment, edits_pending, gid, id, last_updated, length, name) VALUES (427385, '', 0, '9e57a454-076e-4c2f-91f5-7c95efd3e05e', 8509239, NULL, 276373, 'Skeleton Grin');
INSERT INTO recording (artist_credit, comment, edits_pending, gid, id, last_updated, length, name) VALUES (427385, '', 0, 'a242aea7-7eff-41b2-9c83-a41f7e7b2c84', 8692017, NULL, 355346, 'V');
INSERT INTO recording (artist_credit, comment, edits_pending, gid, id, last_updated, length, name) VALUES (427385, '', 0, '11536500-0baa-492d-a821-3075ed66a3bc', 8692018, NULL, 209826, 'Headstrung');
INSERT INTO recording (artist_credit, comment, edits_pending, gid, id, last_updated, length, name) VALUES (427385, '', 0, '5c1b7a3d-89bd-408b-a0f5-3d7482c7dead', 8692019, NULL, 291773, 'Misfit');
INSERT INTO recording (artist_credit, comment, edits_pending, gid, id, last_updated, length, name) VALUES (427385, '', 0, 'f2f8c768-4a5a-48a8-a7e0-e3385870e7aa', 8692020, NULL, 350120, 'Present Day');
INSERT INTO recording (artist_credit, comment, edits_pending, gid, id, last_updated, length, name) VALUES (427385, '', 0, '14d5dfdb-6aa8-45a9-b2dd-bc5ed23e6211', 8692021, NULL, 317733, 'Feel Me');
INSERT INTO recording (artist_credit, comment, edits_pending, gid, id, last_updated, length, name) VALUES (427385, '', 0, '4deca105-005e-442e-b60d-f0d04f7f4e9d', 8692022, NULL, 325720, 'Radical');
INSERT INTO recording (artist_credit, comment, edits_pending, gid, id, last_updated, length, name) VALUES (427385, '', 0, 'de6d544e-914e-4f28-8f17-e83a1da7caa8', 8692023, NULL, 334266, 'No Sunshine');
INSERT INTO recording (artist_credit, comment, edits_pending, gid, id, last_updated, length, name) VALUES (427385, '', 0, 'd96d5cc7-7c31-4b4a-b38a-7d8bab3725f4', 8692024, NULL, 305600, 'Victim Support');
INSERT INTO recording (artist_credit, comment, edits_pending, gid, id, last_updated, length, name) VALUES (427385, '', 0, '3f7ea9f9-1a8e-4f30-bcf4-54f79d0f7417', 8692025, NULL, 286186, 'Battle Sequence');
INSERT INTO recording (artist_credit, comment, edits_pending, gid, id, last_updated, length, name) VALUES (792488, '', 0, '0cf3008f-e246-428f-abc1-35f87d584d60', 4525123, NULL, 242226, 'the Love Bug');
INSERT INTO recording (artist_credit, comment, edits_pending, gid, id, last_updated, length, name) VALUES (792488, '', 0, '84c98ebf-5d40-4a29-b7b2-0e9c26d9061d', 4525010, NULL, 222000, 'the Love Bug (Big Bug NYC remix)');
INSERT INTO recording (artist_credit, comment, edits_pending, gid, id, last_updated, length, name) VALUES (283833, '', 0, '3f33fc37-43d0-44dc-bfd6-60efd38810c5', 4525011, NULL, 333000, 'the Love Bug (cover)');
INSERT INTO recording (artist_credit, comment, edits_pending, gid, id, last_updated, length, name) VALUES (9496, '', 0, 'c869cc03-cb88-462b-974e-8e46c1538ad4', 3451976, NULL, 255146, 'Rock With You');
INSERT INTO recording (artist_credit, comment, edits_pending, gid, id, last_updated, length, name) VALUES (9496, '', 0, 'ddbe4d0c-9b41-4db8-9244-cd08cc6ee2d8', 1307406, NULL, 307000, 'Shine We Are!');
INSERT INTO recording (artist_credit, comment, edits_pending, gid, id, last_updated, length, name) VALUES (9496, '', 0, '0c0245df-34f0-416b-8c3f-f20f66e116d0', 3622822, NULL, 273000, 'SOME DAY ONE DAY (feat. VERBAL (m-flo))');
INSERT INTO recording (artist_credit, comment, edits_pending, gid, id, last_updated, length, name) VALUES (9496, '', 0, '150621f0-3e08-43a3-9882-6a68322fcc04', 3622823, NULL, 282000, 'LOVE & HONESTY');
INSERT INTO recording (artist_credit, comment, edits_pending, gid, id, last_updated, length, name) VALUES (9496, '', 0, 'f0f18e4b-3697-4b4d-9bd6-e986cfa38906', 3584195, NULL, 261600, 'Midnight Parade');
INSERT INTO recording (artist_credit, comment, edits_pending, gid, id, last_updated, length, name) VALUES (9496, '', 0, 'f9234d15-137b-4229-9b76-717885ba7224', 3622825, NULL, 227000, 'Be the one');
INSERT INTO recording (artist_credit, comment, edits_pending, gid, id, last_updated, length, name) VALUES (9496, '', 0, '3f3ec8e2-24be-46dc-812b-bb5d5b608eb0', 3622826, NULL, 260000, 'EXPECT');
INSERT INTO recording (artist_credit, comment, edits_pending, gid, id, last_updated, length, name) VALUES (9496, '', 0, 'f0de8cba-2f1e-4633-9163-c8c933b25d87', 3622827, NULL, 349000, 'OVER～across the time～');
INSERT INTO recording (artist_credit, comment, edits_pending, gid, id, last_updated, length, name) VALUES (9496, '', 0, '98a4adf6-8761-4adb-a940-acb58dc664b3', 3622828, NULL, 290000, '心の手紙');
INSERT INTO recording (artist_credit, comment, edits_pending, gid, id, last_updated, length, name) VALUES (9496, '', 0, '25db6c3b-eeb7-4258-9a81-fb9b4c903bfc', 3451975, NULL, 206066, 'DOUBLE');
INSERT INTO recording (artist_credit, comment, edits_pending, gid, id, last_updated, length, name) VALUES (9496, '', 0, '18c16c80-421d-476f-893c-0b02f964bd86', 3622830, NULL, 295000, 'Easy To Be Hard');
INSERT INTO recording (artist_credit, comment, edits_pending, gid, id, last_updated, length, name) VALUES (9496, '', 0, 'df229cdb-9539-46b7-92e9-d164b27f6361', 3622831, NULL, 186000, 'Song With No Name～名前のない歌～');
INSERT INTO recording (artist_credit, comment, edits_pending, gid, id, last_updated, length, name) VALUES (9496, '', 0, '1272ecf4-fc8d-4d10-889c-afe6a1fa2d8f', 3584196, NULL, 203840, 'Milky Way 〜君の歌〜');
INSERT INTO recording (artist_credit, comment, edits_pending, gid, id, last_updated, length, name) VALUES (9496, '', 0, '40e4acf3-546e-4ccc-b5c5-3a45686c2d6c', 9538744, NULL, NULL, 'Shine We Are! (Video clip)');
INSERT INTO recording (artist_credit, comment, edits_pending, gid, id, last_updated, length, name) VALUES (9496, '', 0, '326d943f-9ca5-4a54-bdcc-76a2b5facf3a', 9538745, NULL, NULL, 'Rock With You (Video clip)');
INSERT INTO recording (artist_credit, comment, edits_pending, gid, id, last_updated, length, name) VALUES (9496, '', 0, '8d611994-ce7e-43dc-9793-b2b2b8bd12ff', 9538746, NULL, NULL, 'NO.1 (Video clip)');
INSERT INTO recording (artist_credit, comment, edits_pending, gid, id, last_updated, length, name) VALUES (9496, '', 0, '1597d65a-d012-497d-a2f2-5c98e1ed778c', 9538747, NULL, NULL, 'Rock With You (Making of)');
INSERT INTO recording (artist_credit, comment, edits_pending, gid, id, last_updated, length, name) VALUES (9496, '', 0, '675ac228-7181-44b5-873f-056b242f19c0', 9538748, NULL, NULL, 'Commercial Films');
INSERT INTO recording (artist_credit, comment, edits_pending, gid, id, last_updated, length, name) VALUES (9496, '', 0, 'b950c904-ebfc-4eec-af65-1913f78c51c9', 9538749, NULL, NULL, 'Interview');
INSERT INTO recording (artist_credit, comment, edits_pending, gid, id, last_updated, length, name) VALUES (781759, '', 0, '933fc27f-aa4c-4a6f-a354-ababd8e99ea2', 7883923, NULL, NULL, 'Desert Siege');
INSERT INTO recording (artist_credit, comment, edits_pending, gid, id, last_updated, length, name) VALUES (781759, '', 0, '8ab8590d-ad87-4e55-afa9-41e46eff666f', 7883924, NULL, NULL, 'Crash');
INSERT INTO recording (artist_credit, comment, edits_pending, gid, id, last_updated, length, name) VALUES (9772, '', 0, 'd7f08a31-0a84-4ffa-86c1-5d13635e8ada', 2746106, NULL, NULL, 'Cool Down');
INSERT INTO recording (artist_credit, comment, edits_pending, gid, id, last_updated, length, name) VALUES (9772, '', 0, '1588fa10-441b-458d-9e39-c00790d3d9e6', 2746107, NULL, NULL, 'Roll On');
INSERT INTO recording (artist_credit, comment, edits_pending, gid, id, last_updated, length, name) VALUES (199379, '', 0, '0c71b286-e732-4dad-8286-d6776765ffe7', 7776491, NULL, 358000, 'Acid Test');
INSERT INTO recording (artist_credit, comment, edits_pending, gid, id, last_updated, length, name) VALUES (199379, '', 0, 'c643e715-4be1-440c-b55f-a29e1464e3e0', 7776492, NULL, 358000, 'Get on Up');
INSERT INTO recording (artist_credit, comment, edits_pending, gid, id, last_updated, length, name) VALUES (242, '', 0, 'bf7845cc-eac3-48a3-8b06-543b4b7ba117', 1062699, NULL, 290853, 'Hey Boy Hey Girl');
INSERT INTO recording (artist_credit, comment, edits_pending, gid, id, last_updated, length, name) VALUES (242, '', 0, 'fc336694-71c3-4963-b221-2c0687e26cfb', 1353886, NULL, 441066, 'Out of Control');
INSERT INTO recording (artist_credit, comment, edits_pending, gid, id, last_updated, length, name) VALUES (242, '', 0, '1344425c-47ea-4d7b-a759-c7f5ec0fa191', 2726277, NULL, 287386, 'Asleep From Day');
INSERT INTO recording (artist_credit, comment, edits_pending, gid, id, last_updated, length, name) VALUES (242, '', 0, '12842247-cabf-4a85-9e8d-4e1201c42364', 2726271, NULL, 320146, 'Music: Response');
INSERT INTO recording (artist_credit, comment, edits_pending, gid, id, last_updated, length, name) VALUES (242, '', 0, '0982e813-a279-482c-8057-285d07372fb9', 2726274, NULL, 186826, 'Orange Wedge');
INSERT INTO recording (artist_credit, comment, edits_pending, gid, id, last_updated, length, name) VALUES (242, '', 0, 'e186e921-9d7e-4cd9-b499-4030a1e78960', 15296, NULL, 270040, 'Racing the Tide');
INSERT INTO recording (artist_credit, comment, edits_pending, gid, id, last_updated, length, name) VALUES (242, '', 0, '7d37745a-fdf8-4ee4-b6f2-1453bd432572', 2726276, NULL, 518906, 'The Sunshine Underground');
INSERT INTO recording (artist_credit, comment, edits_pending, gid, id, last_updated, length, name) VALUES (242, '', 0, '6efd1d7e-4c99-4dee-b3ef-55724809fb28', 2726281, NULL, 405760, 'Dream On');
INSERT INTO recording (artist_credit, comment, edits_pending, gid, id, last_updated, length, name) VALUES (242, '', 0, '6abc5eed-68a4-4ea3-a092-374772b8f09d', 2726275, NULL, 235360, 'Let Forever Be');
INSERT INTO recording (artist_credit, comment, edits_pending, gid, id, last_updated, length, name) VALUES (242, '', 0, '4b364aa9-f227-42b8-b0c2-ee32f5ccf4fa', 2726272, NULL, 256253, 'Under the Influence');
INSERT INTO recording (artist_credit, comment, edits_pending, gid, id, last_updated, length, name) VALUES (242, '', 0, '310a7db0-9a0f-4833-817f-ae4f6adc026e', 2726278, NULL, 326906, 'Got Glint?');
INSERT INTO recording (artist_credit, comment, edits_pending, gid, id, last_updated, length, name) VALUES (242, '', 0, '9c83afdc-cd59-4d2a-b990-611b6c7c1899', 2726280, NULL, 269360, 'Surrender');
INSERT INTO recording (artist_credit, comment, edits_pending, gid, id, last_updated, length, name) VALUES (242, '', 0, 'e01f42b4-7fcd-482a-81bf-5aa8b76a961d', 4844120, NULL, 364560, 'Hey Boy Hey Girl (extended version)');
INSERT INTO recording (artist_credit, comment, edits_pending, gid, id, last_updated, length, name) VALUES (242, '', 0, '6ac6e0d3-e4ba-4cd0-8480-17771b66c3e7', 4844121, NULL, 318946, 'Flashback');
INSERT INTO recording (artist_credit, comment, edits_pending, gid, id, last_updated, length, name) VALUES (242, '', 0, '4f7ba3c3-a4db-4237-a035-06627152b217', 4844122, NULL, 249493, 'Power Move');
INSERT INTO recording (artist_credit, comment, edits_pending, gid, id, last_updated, length, name) VALUES (242, '', 0, '459b1b98-9dfb-41b8-aa35-4b1c201012b3', 4844123, NULL, 439000, 'Out of Control (Sasha remix)');
INSERT INTO recording (artist_credit, comment, edits_pending, gid, id, last_updated, length, name) VALUES (242, '', 0, 'd2f35e7e-40a2-43ef-8bb5-d663f89ece60', 8106513, NULL, 319000, 'Music: Response');
INSERT INTO recording (artist_credit, comment, edits_pending, gid, id, last_updated, length, name) VALUES (242, '', 0, 'edb27a19-282f-45d8-801d-7150f6d5b03c', 8106514, NULL, 256000, 'Under the Influence');
INSERT INTO recording (artist_credit, comment, edits_pending, gid, id, last_updated, length, name) VALUES (242, '', 0, '85d192d5-22f2-4e00-bdbc-526736214dfb', 8106515, NULL, 439000, 'Out of Control');
INSERT INTO recording (artist_credit, comment, edits_pending, gid, id, last_updated, length, name) VALUES (242, '', 0, 'fae71a78-e80c-4c99-b54c-5dbcc3229a62', 8106516, NULL, 186000, 'Orange Wedge');
INSERT INTO recording (artist_credit, comment, edits_pending, gid, id, last_updated, length, name) VALUES (242, '', 0, 'eb6d914e-67b7-4e71-b405-f91631d09752', 8106517, NULL, 236000, 'Let Forever Be');
INSERT INTO recording (artist_credit, comment, edits_pending, gid, id, last_updated, length, name) VALUES (242, '', 0, 'a2158231-1782-4c8c-95a8-1a3822598313', 8106507, NULL, 518000, 'The Sunshine Underground');
INSERT INTO recording (artist_credit, comment, edits_pending, gid, id, last_updated, length, name) VALUES (242, '', 0, '1c070213-82c2-4df3-bead-2083439f6314', 8106508, NULL, 287000, 'Asleep From Day');
INSERT INTO recording (artist_credit, comment, edits_pending, gid, id, last_updated, length, name) VALUES (242, '', 0, '9ddd8cfc-37de-4258-9975-1528e093e436', 8106509, NULL, 326000, 'Got Glint?');
INSERT INTO recording (artist_credit, comment, edits_pending, gid, id, last_updated, length, name) VALUES (242, '', 0, 'e2020511-784c-4013-8985-c263edb43b8b', 8106510, NULL, 290000, 'Hey Boy Hey Girl');
INSERT INTO recording (artist_credit, comment, edits_pending, gid, id, last_updated, length, name) VALUES (242, '', 0, '5b74ba85-89c4-4291-8f59-9fdf431494fc', 8106511, NULL, 270000, 'Surrender');
INSERT INTO recording (artist_credit, comment, edits_pending, gid, id, last_updated, length, name) VALUES (242, '', 0, 'd79b0fda-7004-45fa-86ad-ef6f2ab2b3fc', 8106512, NULL, 406000, 'Dream On');
INSERT INTO recording (artist_credit, comment, edits_pending, gid, id, last_updated, length, name) VALUES (242, '', 0, 'cc824d2a-cbed-492f-843e-4463c7cab7d7', 11484260, NULL, 102000, 'Out of Control');
INSERT INTO recording (artist_credit, comment, edits_pending, gid, id, last_updated, length, name) VALUES (242, '', 0, 'ba5daf89-a258-4d88-bd7a-f861f64ac7e1', 11484261, NULL, 99000, 'Let Forever Be');
INSERT INTO recording (artist_credit, comment, edits_pending, gid, id, last_updated, length, name) VALUES (242, '', 0, '5f3a2eee-7e50-466c-aa4f-73184b1b1a37', 11484262, NULL, 82000, 'The Sunshine Underground');
INSERT INTO recording (artist_credit, comment, edits_pending, gid, id, last_updated, length, name) VALUES (242, '', 0, '5a247ba6-4ec7-4800-bfd0-5134280866f8', 11484263, NULL, 91000, 'Asleep From Day');
INSERT INTO recording (artist_credit, comment, edits_pending, gid, id, last_updated, length, name) VALUES (242, '', 0, '79052eed-d17d-4bd7-8f65-51adade0b8f4', 11484264, NULL, 83000, 'Hey Boy, Hey Girl');
INSERT INTO recording (artist_credit, comment, edits_pending, gid, id, last_updated, length, name) VALUES (242, '', 0, '8d85165b-8af3-4db2-82de-5b117d7d8a3a', 11484265, NULL, 91000, 'Got Glint?');
INSERT INTO recording (artist_credit, comment, edits_pending, gid, id, last_updated, length, name) VALUES (301255, '', 0, 'cbfe083f-0535-4e98-adf2-1db06ea7491f', 1462891, NULL, 248173, 'Make It Hot (radio version)');
INSERT INTO recording (artist_credit, comment, edits_pending, gid, id, last_updated, length, name) VALUES (301255, '', 0, '337b7a16-648e-414a-b60c-3a99411ace6d', 1462892, NULL, 270000, 'Make It Hot (LP version)');
INSERT INTO recording (artist_credit, comment, edits_pending, gid, id, last_updated, length, name) VALUES (301255, '', 0, '898c0e28-edc7-409c-8f8e-00ccd774203a', 1462893, NULL, 267400, 'Make It Hot (instrumental)');
INSERT INTO recording (artist_credit, comment, edits_pending, gid, id, last_updated, length, name) VALUES (388, '', 0, '0d16494f-2ba4-4f4f-adf9-ae1f3ee1673d', 160074, NULL, 329600, 'The Song Remains the Same');
INSERT INTO recording (artist_credit, comment, edits_pending, gid, id, last_updated, length, name) VALUES (388, '', 0, 'ff650e55-0136-4bb5-bbe5-dc429edae5c5', 162921, NULL, 459266, 'The Rain Song');
INSERT INTO recording (artist_credit, comment, edits_pending, gid, id, last_updated, length, name) VALUES (388, '', 0, '7a80bc16-c327-4bcb-92c0-a880fbbc8bf6', 162922, NULL, 290000, 'Over the Hills and Far Away');
INSERT INTO recording (artist_credit, comment, edits_pending, gid, id, last_updated, length, name) VALUES (388, '', 0, '8b8216e5-137b-4ebd-a94f-a29fb7a3f014', 162923, NULL, 197266, 'The Crunge');
INSERT INTO recording (artist_credit, comment, edits_pending, gid, id, last_updated, length, name) VALUES (388, '', 0, 'f6603ffa-54c7-4e5b-a744-70a13a1c9dc3', 162924, NULL, 223173, 'Dancing Days');
INSERT INTO recording (artist_credit, comment, edits_pending, gid, id, last_updated, length, name) VALUES (388, '', 0, '5483d397-985a-448b-817e-d6d6f32cb79b', 162925, NULL, 262626, 'D''yer Mak''er');
INSERT INTO recording (artist_credit, comment, edits_pending, gid, id, last_updated, length, name) VALUES (388, '', 0, '2822a034-283d-4082-8464-6189ff29fbb9', 162926, NULL, 420573, 'No Quarter');
INSERT INTO recording (artist_credit, comment, edits_pending, gid, id, last_updated, length, name) VALUES (388, '', 0, '9868d850-a37b-4e03-b097-8e2b5d26429c', 162927, NULL, 271066, 'The Ocean');
INSERT INTO recording (artist_credit, comment, edits_pending, gid, id, last_updated, length, name) VALUES (779, '', 0, '771d9f71-987a-4267-b4e6-08375b77ace6', 334848, NULL, 122666, 'Recipe for Hate');
INSERT INTO recording (artist_credit, comment, edits_pending, gid, id, last_updated, length, name) VALUES (779, '', 0, 'b2e09566-5676-4229-b156-c37e8e88b989', 334849, NULL, 161666, 'Kerosene');
INSERT INTO recording (artist_credit, comment, edits_pending, gid, id, last_updated, length, name) VALUES (779, '', 0, '453de38c-6d0d-4bb8-93ff-88d78774352a', 334850, NULL, 197400, 'American Jesus');
INSERT INTO recording (artist_credit, comment, edits_pending, gid, id, last_updated, length, name) VALUES (779, '', 0, '42a31f1d-74e3-429e-a13a-e0f51bffdcce', 334851, NULL, 164773, 'Portrait of Authority');
INSERT INTO recording (artist_credit, comment, edits_pending, gid, id, last_updated, length, name) VALUES (779, '', 0, '258160de-3785-4c93-852e-543a69812351', 334852, NULL, 191493, 'Man With a Mission');
INSERT INTO recording (artist_credit, comment, edits_pending, gid, id, last_updated, length, name) VALUES (779, '', 0, 'd3424bfb-65da-41b6-9b9f-1b5e3eeb218a', 334853, NULL, 187373, 'All Good Soldiers');
INSERT INTO recording (artist_credit, comment, edits_pending, gid, id, last_updated, length, name) VALUES (779, '', 0, '1e3b888b-29da-4c81-a86b-954de41d871a', 334854, NULL, 154533, 'Watch It Die');
INSERT INTO recording (artist_credit, comment, edits_pending, gid, id, last_updated, length, name) VALUES (779, '', 0, '2f83d319-e4f4-4808-ae63-177fe7a2f9e3', 334855, NULL, 227493, 'Struck a Nerve');
INSERT INTO recording (artist_credit, comment, edits_pending, gid, id, last_updated, length, name) VALUES (779, '', 0, 'd22be1c6-1cd1-4c61-afaf-0a3b639355a6', 334856, NULL, 162800, 'My Poor Friend Me');
INSERT INTO recording (artist_credit, comment, edits_pending, gid, id, last_updated, length, name) VALUES (779, '', 0, '69e276ff-a4d0-4de1-87ef-a462aeedc2da', 334857, NULL, 123600, 'Lookin'' In');
INSERT INTO recording (artist_credit, comment, edits_pending, gid, id, last_updated, length, name) VALUES (779, '', 0, 'f3966ac3-aade-4476-acce-419fb03af943', 334858, NULL, 162840, 'Don''t Pray on Me');
INSERT INTO recording (artist_credit, comment, edits_pending, gid, id, last_updated, length, name) VALUES (779, '', 0, '1796c53a-2d8c-484c-8a0b-6d01fff9a3ab', 334859, NULL, 166626, 'Modern Day Catastrophists');
INSERT INTO recording (artist_credit, comment, edits_pending, gid, id, last_updated, length, name) VALUES (779, '', 0, '34d5b05e-01ce-4180-832f-c05c18689074', 334860, NULL, 195040, 'Skyscraper');
INSERT INTO recording (artist_credit, comment, edits_pending, gid, id, last_updated, length, name) VALUES (779, '', 0, '80ab1bae-6638-4603-b65a-29b9966671c8', 334861, NULL, 42026, 'Stealth');
INSERT INTO recording (artist_credit, comment, edits_pending, gid, id, last_updated, length, name) VALUES (781759, '', 0, '9fc6f75d-17d5-4123-9e4d-07498fdcaa8f', 7505755, NULL, 360000, 'What''s Happening');
INSERT INTO recording (artist_credit, comment, edits_pending, gid, id, last_updated, length, name) VALUES (180273, '', 0, '643d0549-ad6d-4692-9a73-0ee98b05c03b', 7505756, NULL, 379000, 'Time Is Now');
INSERT INTO recording (artist_credit, comment, edits_pending, gid, id, last_updated, length, name) VALUES (57874, '', 0, 'b80a7303-1c0e-453e-b383-8d4a2a2d222d', 7505767, NULL, 359000, 'Chillin''');
INSERT INTO recording (artist_credit, comment, edits_pending, gid, id, last_updated, length, name) VALUES (100300, '', 0, '36a8e82f-6902-4366-a847-625479982562', 7505768, NULL, 314000, 'Semi Bluff');
INSERT INTO recording (artist_credit, comment, edits_pending, gid, id, last_updated, length, name) VALUES (22492, '', 0, 'e87236ae-1a47-4646-b605-e5d6a7fe468e', 685418, NULL, 158933, 'Every Day I Have the Blues');
INSERT INTO recording (artist_credit, comment, edits_pending, gid, id, last_updated, length, name) VALUES (22492, '', 0, '3c82a9db-9c99-4787-bca6-6551ec01b6b1', 685419, NULL, 256826, 'Sweet Little Angel');
INSERT INTO recording (artist_credit, comment, edits_pending, gid, id, last_updated, length, name) VALUES (22492, '', 0, '18cfa4b0-61a1-4a11-a121-3df3cadeee52', 685420, NULL, 214000, 'It''s My Own Fault');
INSERT INTO recording (artist_credit, comment, edits_pending, gid, id, last_updated, length, name) VALUES (22492, '', 0, '865d01f9-4810-4543-83a4-eda236c1481a', 685421, NULL, 216106, 'How Blue Can You Get?');
INSERT INTO recording (artist_credit, comment, edits_pending, gid, id, last_updated, length, name) VALUES (22492, '', 0, '15fb7b37-bde3-46cb-9bb9-6b96b68fce9e', 685422, NULL, 180600, 'Please Love Me');
INSERT INTO recording (artist_credit, comment, edits_pending, gid, id, last_updated, length, name) VALUES (22492, '', 0, '928be528-cf7c-45af-8487-bb29711e8d65', 685423, NULL, 142160, 'You Upset Me Baby');
INSERT INTO recording (artist_credit, comment, edits_pending, gid, id, last_updated, length, name) VALUES (22492, '', 0, '6f01882b-b2ef-43a0-97ba-072ecbbf40a9', 685424, NULL, 384840, 'Worry, Worry');
INSERT INTO recording (artist_credit, comment, edits_pending, gid, id, last_updated, length, name) VALUES (22492, '', 0, 'b10acd9e-78b1-4d5d-a737-f696efedbd9b', 685425, NULL, 104933, 'Woke Up This Mornin''');
INSERT INTO recording (artist_credit, comment, edits_pending, gid, id, last_updated, length, name) VALUES (22492, '', 0, '555e061f-e281-4e64-962b-2f6948953f8a', 685426, NULL, 275760, 'You Done Lost Your Good Thing Now');
INSERT INTO recording (artist_credit, comment, edits_pending, gid, id, last_updated, length, name) VALUES (22492, '', 0, '00a0f124-fc69-4990-8976-f4f33e03c153', 685427, NULL, 159706, 'Help the Poor');
INSERT INTO recording (artist_credit, comment, edits_pending, gid, id, last_updated, length, name) VALUES (398438, '', 0, '88d26635-cfc8-4fd9-b81e-36f7a1b3d270', 7905439, NULL, 256666, 'Reverend Charisma');
INSERT INTO recording (artist_credit, comment, edits_pending, gid, id, last_updated, length, name) VALUES (398438, '', 0, '37a8d72a-a9c9-4edc-9ecf-b5b58e6197a9', 7905440, NULL, 86666, 'Dear Diary');
INSERT INTO recording (artist_credit, comment, edits_pending, gid, id, last_updated, length, name) VALUES (398438, '', 0, '7152d72e-c7d4-4b15-9f8e-97fabb88b1af', 7905441, NULL, 213666, 'Black Sundress');
INSERT INTO recording (artist_credit, comment, edits_pending, gid, id, last_updated, length, name) VALUES (398438, '', 0, 'da778cae-9e88-4385-af7f-666e102b94af', 7905442, NULL, 266666, 'Allegiance?WTF?');
INSERT INTO recording (artist_credit, comment, edits_pending, gid, id, last_updated, length, name) VALUES (398438, '', 0, '150b8c8c-ed02-4ade-99cc-e8d673f6f5b9', 7905443, NULL, 254666, 'Maggie&Heidi');
INSERT INTO recording (artist_credit, comment, edits_pending, gid, id, last_updated, length, name) VALUES (398438, '', 0, '9815c3e5-f842-41c2-bb5c-bcd0dd97dbe5', 7905444, NULL, 236666, 'Discopharma');
INSERT INTO recording (artist_credit, comment, edits_pending, gid, id, last_updated, length, name) VALUES (398438, '', 0, '6356e37c-a44b-4218-80ce-6fb6c11a124f', 7905445, NULL, 230666, 'Still Unsatisfied');
INSERT INTO recording (artist_credit, comment, edits_pending, gid, id, last_updated, length, name) VALUES (398438, '', 0, '4878bc36-7306-497a-b45a-561d9f7f8573', 7905446, NULL, 274666, 'Asseswaving');
INSERT INTO recording (artist_credit, comment, edits_pending, gid, id, last_updated, length, name) VALUES (398438, '', 0, '15918f5f-20b1-4e1a-888d-8762790017a9', 7905447, NULL, 249653, 'Just Because');
INSERT INTO recording (artist_credit, comment, edits_pending, gid, id, last_updated, length, name) VALUES (398598, '', 0, 'b997f9c9-c7d9-42cc-a9dd-2561215c6611', 8621499, NULL, 1027000, 'Here');
INSERT INTO recording (artist_credit, comment, edits_pending, gid, id, last_updated, length, name) VALUES (398598, '', 0, 'c87d7541-3478-4c71-9e14-10bad6e16768', 8621500, NULL, 394000, 'Kira');
INSERT INTO recording (artist_credit, comment, edits_pending, gid, id, last_updated, length, name) VALUES (398598, '', 0, 'f2cd70c2-e077-40c2-a4aa-351bedf8394f', 8621501, NULL, 249000, 'Life as a Genuine Fake');
INSERT INTO recording (artist_credit, comment, edits_pending, gid, id, last_updated, length, name) VALUES (398598, '', 0, '84b725db-def5-4c39-b8f2-ee7b96c18fde', 8621502, NULL, 370000, 'It Takes a Thief');
INSERT INTO recording (artist_credit, comment, edits_pending, gid, id, last_updated, length, name) VALUES (398598, '', 0, '52fce516-1836-41ad-b21d-dcb555c124bb', 8621503, NULL, 2036000, 'Good Old Albermarle (6x9)');
INSERT INTO recording (artist_credit, comment, edits_pending, gid, id, last_updated, length, name) VALUES (398598, '', 0, '572ceed5-7497-40fe-a31a-e09ff68b3155', 8621504, NULL, 2770000, 'Life as an Ampersand');
INSERT INTO recording (artist_credit, comment, edits_pending, gid, id, last_updated, length, name) VALUES (398598, '', 0, 'f7b7fcbc-d1af-4366-8a43-506e92c21ed6', 8621505, NULL, 1071000, 'Nat Sherman and the Beauty of the Blade');
INSERT INTO recording (artist_credit, comment, edits_pending, gid, id, last_updated, length, name) VALUES (398598, '', 0, 'c5c1380a-214d-4073-8682-70ece2e1a08d', 8621506, NULL, 1614000, 'Saul''s First Vision');
INSERT INTO recording (artist_credit, comment, edits_pending, gid, id, last_updated, length, name) VALUES (398598, '', 0, '3be114ea-e757-4e31-a8b1-5c55a69d5ea5', 8621507, NULL, 562000, 'The Rattigan');
INSERT INTO recording (artist_credit, comment, edits_pending, gid, id, last_updated, length, name) VALUES (398598, '', 0, '77fe028e-b026-4b0e-9fde-b60280508ac9', 8621508, NULL, 758000, 'The Rattigan, Part Two');
INSERT INTO recording (artist_credit, comment, edits_pending, gid, id, last_updated, length, name) VALUES (398598, '', 0, '5c443b7f-bf16-402a-ad45-4fca59dc1bf6', 8621509, NULL, 322000, 'Wasted Early Sunday Morning');
INSERT INTO recording (artist_credit, comment, edits_pending, gid, id, last_updated, length, name) VALUES (398598, '', 0, '87d58ffb-3aee-49c7-b382-afad76ea8777', 8621510, NULL, 1097000, 'I''m Not Crazy');
INSERT INTO recording (artist_credit, comment, edits_pending, gid, id, last_updated, length, name) VALUES (398598, '', 0, 'ff424a8b-e3aa-494b-a159-3eb51cf0bf6f', 8621511, NULL, 2074000, 'The Saul Shields Gospel Hour');
INSERT INTO recording (artist_credit, comment, edits_pending, gid, id, last_updated, length, name) VALUES (398598, '', 0, '1bf74356-f781-4f3f-90bd-cdccfbfbf0aa', 8621512, NULL, 216000, 'Saul''s Second Vision');
INSERT INTO recording (artist_credit, comment, edits_pending, gid, id, last_updated, length, name) VALUES (398598, '', 0, 'c41ae2e6-d88f-4ab1-a0e8-02141893766f', 8621513, NULL, 802000, 'One Thing Leads to Another / Epilogue');
INSERT INTO recording (artist_credit, comment, edits_pending, gid, id, last_updated, length, name) VALUES (265420, '', 0, '162630d9-36d2-4a8d-ade1-1c77440b34e7', 4223059, NULL, 296026, 'サマーれげぇ!レインボー');
INSERT INTO recording (artist_credit, comment, edits_pending, gid, id, last_updated, length, name) VALUES (265420, '', 0, '487cac92-eed5-4efa-8563-c9a818079b9a', 4223060, NULL, 213106, 'HELLO! また会おうね (7人祭 version)');
INSERT INTO recording (artist_credit, comment, edits_pending, gid, id, last_updated, length, name) VALUES (265420, '', 0, 'eb818aa4-d472-4d2b-b1a9-7fe5f1c7d26e', 4223061, NULL, 292800, 'サマーれげぇ!レインボー (instrumental)');

UPDATE recording_meta SET rating_count = NULL, rating = NULL WHERE id = 4223059;
UPDATE recording_meta SET rating_count = NULL, rating = NULL WHERE id = 4223060;
UPDATE recording_meta SET rating_count = NULL, rating = NULL WHERE id = 4223061;
UPDATE recording_meta SET rating_count = NULL, rating = NULL WHERE id = 1542682;
UPDATE recording_meta SET rating_count = NULL, rating = NULL WHERE id = 1542683;
UPDATE recording_meta SET rating_count = NULL, rating = NULL WHERE id = 1542684;
UPDATE recording_meta SET rating_count = NULL, rating = NULL WHERE id = 1542685;
UPDATE recording_meta SET rating_count = NULL, rating = NULL WHERE id = 1542686;
UPDATE recording_meta SET rating_count = NULL, rating = NULL WHERE id = 1542687;
UPDATE recording_meta SET rating_count = NULL, rating = NULL WHERE id = 1542688;
UPDATE recording_meta SET rating_count = NULL, rating = NULL WHERE id = 1542689;
UPDATE recording_meta SET rating_count = NULL, rating = NULL WHERE id = 1542690;
UPDATE recording_meta SET rating_count = NULL, rating = NULL WHERE id = 1542691;
UPDATE recording_meta SET rating_count = NULL, rating = NULL WHERE id = 6750260;
UPDATE recording_meta SET rating_count = NULL, rating = NULL WHERE id = 6750261;
UPDATE recording_meta SET rating_count = NULL, rating = NULL WHERE id = 6750262;
UPDATE recording_meta SET rating_count = NULL, rating = NULL WHERE id = 6750263;
UPDATE recording_meta SET rating_count = NULL, rating = NULL WHERE id = 6750264;
UPDATE recording_meta SET rating_count = NULL, rating = NULL WHERE id = 6750265;
UPDATE recording_meta SET rating_count = NULL, rating = NULL WHERE id = 6750266;
UPDATE recording_meta SET rating_count = NULL, rating = NULL WHERE id = 6750267;
UPDATE recording_meta SET rating_count = NULL, rating = NULL WHERE id = 6750268;
UPDATE recording_meta SET rating_count = NULL, rating = NULL WHERE id = 6750269;
UPDATE recording_meta SET rating_count = NULL, rating = NULL WHERE id = 6750270;
UPDATE recording_meta SET rating_count = NULL, rating = NULL WHERE id = 6750271;
UPDATE recording_meta SET rating_count = NULL, rating = NULL WHERE id = 8509231;
UPDATE recording_meta SET rating_count = NULL, rating = NULL WHERE id = 8509232;
UPDATE recording_meta SET rating_count = NULL, rating = NULL WHERE id = 8509233;
UPDATE recording_meta SET rating_count = NULL, rating = NULL WHERE id = 8509234;
UPDATE recording_meta SET rating_count = NULL, rating = NULL WHERE id = 8509235;
UPDATE recording_meta SET rating_count = NULL, rating = NULL WHERE id = 8509236;
UPDATE recording_meta SET rating_count = NULL, rating = NULL WHERE id = 8509237;
UPDATE recording_meta SET rating_count = NULL, rating = NULL WHERE id = 8509238;
UPDATE recording_meta SET rating_count = NULL, rating = NULL WHERE id = 8509239;
UPDATE recording_meta SET rating_count = NULL, rating = NULL WHERE id = 8692017;
UPDATE recording_meta SET rating_count = NULL, rating = NULL WHERE id = 8692018;
UPDATE recording_meta SET rating_count = NULL, rating = NULL WHERE id = 8692019;
UPDATE recording_meta SET rating_count = NULL, rating = NULL WHERE id = 8692020;
UPDATE recording_meta SET rating_count = NULL, rating = NULL WHERE id = 8692021;
UPDATE recording_meta SET rating_count = NULL, rating = NULL WHERE id = 8692022;
UPDATE recording_meta SET rating_count = NULL, rating = NULL WHERE id = 8692023;
UPDATE recording_meta SET rating_count = NULL, rating = NULL WHERE id = 8692024;
UPDATE recording_meta SET rating_count = NULL, rating = NULL WHERE id = 8692025;
UPDATE recording_meta SET rating_count = NULL, rating = NULL WHERE id = 4525123;
UPDATE recording_meta SET rating_count = NULL, rating = NULL WHERE id = 4525010;
UPDATE recording_meta SET rating_count = NULL, rating = NULL WHERE id = 4525011;
UPDATE recording_meta SET rating_count = NULL, rating = NULL WHERE id = 3451976;
UPDATE recording_meta SET rating_count = NULL, rating = NULL WHERE id = 1307406;
UPDATE recording_meta SET rating_count = NULL, rating = NULL WHERE id = 3622822;
UPDATE recording_meta SET rating_count = NULL, rating = NULL WHERE id = 3622823;
UPDATE recording_meta SET rating_count = NULL, rating = NULL WHERE id = 3584195;
UPDATE recording_meta SET rating_count = NULL, rating = NULL WHERE id = 3622825;
UPDATE recording_meta SET rating_count = NULL, rating = NULL WHERE id = 3622826;
UPDATE recording_meta SET rating_count = NULL, rating = NULL WHERE id = 3622827;
UPDATE recording_meta SET rating_count = NULL, rating = NULL WHERE id = 3622828;
UPDATE recording_meta SET rating_count = NULL, rating = NULL WHERE id = 3451975;
UPDATE recording_meta SET rating_count = NULL, rating = NULL WHERE id = 3622830;
UPDATE recording_meta SET rating_count = NULL, rating = NULL WHERE id = 3622831;
UPDATE recording_meta SET rating_count = NULL, rating = NULL WHERE id = 3584196;
UPDATE recording_meta SET rating_count = NULL, rating = NULL WHERE id = 9538744;
UPDATE recording_meta SET rating_count = NULL, rating = NULL WHERE id = 9538745;
UPDATE recording_meta SET rating_count = NULL, rating = NULL WHERE id = 9538746;
UPDATE recording_meta SET rating_count = NULL, rating = NULL WHERE id = 9538747;
UPDATE recording_meta SET rating_count = NULL, rating = NULL WHERE id = 9538748;
UPDATE recording_meta SET rating_count = NULL, rating = NULL WHERE id = 9538749;
UPDATE recording_meta SET rating_count = NULL, rating = NULL WHERE id = 7883923;
UPDATE recording_meta SET rating_count = NULL, rating = NULL WHERE id = 7883924;
UPDATE recording_meta SET rating_count = NULL, rating = NULL WHERE id = 2746106;
UPDATE recording_meta SET rating_count = NULL, rating = NULL WHERE id = 2746107;
UPDATE recording_meta SET rating_count = NULL, rating = NULL WHERE id = 7776491;
UPDATE recording_meta SET rating_count = NULL, rating = NULL WHERE id = 7776492;
UPDATE recording_meta SET rating_count = 1, rating = 50 WHERE id = 1062699;
UPDATE recording_meta SET rating_count = NULL, rating = NULL WHERE id = 1353886;
UPDATE recording_meta SET rating_count = NULL, rating = NULL WHERE id = 2726277;
UPDATE recording_meta SET rating_count = NULL, rating = NULL WHERE id = 2726271;
UPDATE recording_meta SET rating_count = NULL, rating = NULL WHERE id = 2726274;
UPDATE recording_meta SET rating_count = NULL, rating = NULL WHERE id = 15296;
UPDATE recording_meta SET rating_count = NULL, rating = NULL WHERE id = 2726276;
UPDATE recording_meta SET rating_count = NULL, rating = NULL WHERE id = 2726281;
UPDATE recording_meta SET rating_count = NULL, rating = NULL WHERE id = 2726275;
UPDATE recording_meta SET rating_count = NULL, rating = NULL WHERE id = 2726272;
UPDATE recording_meta SET rating_count = NULL, rating = NULL WHERE id = 2726278;
UPDATE recording_meta SET rating_count = NULL, rating = NULL WHERE id = 2726280;
UPDATE recording_meta SET rating_count = NULL, rating = NULL WHERE id = 4844120;
UPDATE recording_meta SET rating_count = NULL, rating = NULL WHERE id = 4844121;
UPDATE recording_meta SET rating_count = NULL, rating = NULL WHERE id = 4844122;
UPDATE recording_meta SET rating_count = NULL, rating = NULL WHERE id = 4844123;
UPDATE recording_meta SET rating_count = NULL, rating = NULL WHERE id = 8106513;
UPDATE recording_meta SET rating_count = NULL, rating = NULL WHERE id = 8106514;
UPDATE recording_meta SET rating_count = NULL, rating = NULL WHERE id = 8106515;
UPDATE recording_meta SET rating_count = NULL, rating = NULL WHERE id = 8106516;
UPDATE recording_meta SET rating_count = NULL, rating = NULL WHERE id = 8106517;
UPDATE recording_meta SET rating_count = NULL, rating = NULL WHERE id = 8106507;
UPDATE recording_meta SET rating_count = NULL, rating = NULL WHERE id = 8106508;
UPDATE recording_meta SET rating_count = NULL, rating = NULL WHERE id = 8106509;
UPDATE recording_meta SET rating_count = NULL, rating = NULL WHERE id = 8106510;
UPDATE recording_meta SET rating_count = NULL, rating = NULL WHERE id = 8106511;
UPDATE recording_meta SET rating_count = NULL, rating = NULL WHERE id = 8106512;
UPDATE recording_meta SET rating_count = NULL, rating = NULL WHERE id = 11484260;
UPDATE recording_meta SET rating_count = NULL, rating = NULL WHERE id = 11484261;
UPDATE recording_meta SET rating_count = NULL, rating = NULL WHERE id = 11484262;
UPDATE recording_meta SET rating_count = NULL, rating = NULL WHERE id = 11484263;
UPDATE recording_meta SET rating_count = NULL, rating = NULL WHERE id = 11484264;
UPDATE recording_meta SET rating_count = NULL, rating = NULL WHERE id = 11484265;
UPDATE recording_meta SET rating_count = NULL, rating = NULL WHERE id = 1462891;
UPDATE recording_meta SET rating_count = NULL, rating = NULL WHERE id = 1462892;
UPDATE recording_meta SET rating_count = NULL, rating = NULL WHERE id = 1462893;
UPDATE recording_meta SET rating_count = 2, rating = 60 WHERE id = 160074;
UPDATE recording_meta SET rating_count = 1, rating = 40 WHERE id = 162921;
UPDATE recording_meta SET rating_count = NULL, rating = NULL WHERE id = 162922;
UPDATE recording_meta SET rating_count = NULL, rating = NULL WHERE id = 162923;
UPDATE recording_meta SET rating_count = 1, rating = 60 WHERE id = 162924;
UPDATE recording_meta SET rating_count = 2, rating = 80 WHERE id = 162925;
UPDATE recording_meta SET rating_count = NULL, rating = NULL WHERE id = 162926;
UPDATE recording_meta SET rating_count = NULL, rating = NULL WHERE id = 162927;
UPDATE recording_meta SET rating_count = NULL, rating = NULL WHERE id = 334848;
UPDATE recording_meta SET rating_count = NULL, rating = NULL WHERE id = 334849;
UPDATE recording_meta SET rating_count = NULL, rating = NULL WHERE id = 334850;
UPDATE recording_meta SET rating_count = NULL, rating = NULL WHERE id = 334851;
UPDATE recording_meta SET rating_count = NULL, rating = NULL WHERE id = 334852;
UPDATE recording_meta SET rating_count = NULL, rating = NULL WHERE id = 334853;
UPDATE recording_meta SET rating_count = NULL, rating = NULL WHERE id = 334854;
UPDATE recording_meta SET rating_count = NULL, rating = NULL WHERE id = 334855;
UPDATE recording_meta SET rating_count = NULL, rating = NULL WHERE id = 334856;
UPDATE recording_meta SET rating_count = NULL, rating = NULL WHERE id = 334857;
UPDATE recording_meta SET rating_count = NULL, rating = NULL WHERE id = 334858;
UPDATE recording_meta SET rating_count = NULL, rating = NULL WHERE id = 334859;
UPDATE recording_meta SET rating_count = NULL, rating = NULL WHERE id = 334860;
UPDATE recording_meta SET rating_count = NULL, rating = NULL WHERE id = 334861;
UPDATE recording_meta SET rating_count = NULL, rating = NULL WHERE id = 7505755;
UPDATE recording_meta SET rating_count = NULL, rating = NULL WHERE id = 7505756;
UPDATE recording_meta SET rating_count = NULL, rating = NULL WHERE id = 7505767;
UPDATE recording_meta SET rating_count = NULL, rating = NULL WHERE id = 7505768;
UPDATE recording_meta SET rating_count = NULL, rating = NULL WHERE id = 685418;
UPDATE recording_meta SET rating_count = NULL, rating = NULL WHERE id = 685419;
UPDATE recording_meta SET rating_count = NULL, rating = NULL WHERE id = 685420;
UPDATE recording_meta SET rating_count = NULL, rating = NULL WHERE id = 685421;
UPDATE recording_meta SET rating_count = NULL, rating = NULL WHERE id = 685422;
UPDATE recording_meta SET rating_count = NULL, rating = NULL WHERE id = 685423;
UPDATE recording_meta SET rating_count = NULL, rating = NULL WHERE id = 685424;
UPDATE recording_meta SET rating_count = NULL, rating = NULL WHERE id = 685425;
UPDATE recording_meta SET rating_count = NULL, rating = NULL WHERE id = 685426;
UPDATE recording_meta SET rating_count = NULL, rating = NULL WHERE id = 685427;
UPDATE recording_meta SET rating_count = NULL, rating = NULL WHERE id = 7905439;
UPDATE recording_meta SET rating_count = NULL, rating = NULL WHERE id = 7905440;
UPDATE recording_meta SET rating_count = NULL, rating = NULL WHERE id = 7905441;
UPDATE recording_meta SET rating_count = NULL, rating = NULL WHERE id = 7905442;
UPDATE recording_meta SET rating_count = NULL, rating = NULL WHERE id = 7905443;
UPDATE recording_meta SET rating_count = NULL, rating = NULL WHERE id = 7905444;
UPDATE recording_meta SET rating_count = NULL, rating = NULL WHERE id = 7905445;
UPDATE recording_meta SET rating_count = NULL, rating = NULL WHERE id = 7905446;
UPDATE recording_meta SET rating_count = NULL, rating = NULL WHERE id = 7905447;
UPDATE recording_meta SET rating_count = NULL, rating = NULL WHERE id = 8621499;
UPDATE recording_meta SET rating_count = NULL, rating = NULL WHERE id = 8621500;
UPDATE recording_meta SET rating_count = NULL, rating = NULL WHERE id = 8621501;
UPDATE recording_meta SET rating_count = NULL, rating = NULL WHERE id = 8621502;
UPDATE recording_meta SET rating_count = NULL, rating = NULL WHERE id = 8621503;
UPDATE recording_meta SET rating_count = NULL, rating = NULL WHERE id = 8621504;
UPDATE recording_meta SET rating_count = NULL, rating = NULL WHERE id = 8621505;
UPDATE recording_meta SET rating_count = NULL, rating = NULL WHERE id = 8621506;
UPDATE recording_meta SET rating_count = NULL, rating = NULL WHERE id = 8621507;
UPDATE recording_meta SET rating_count = NULL, rating = NULL WHERE id = 8621508;
UPDATE recording_meta SET rating_count = NULL, rating = NULL WHERE id = 8621509;
UPDATE recording_meta SET rating_count = NULL, rating = NULL WHERE id = 8621510;
UPDATE recording_meta SET rating_count = NULL, rating = NULL WHERE id = 8621511;
UPDATE recording_meta SET rating_count = NULL, rating = NULL WHERE id = 8621512;
UPDATE recording_meta SET rating_count = NULL, rating = NULL WHERE id = 8621513;

INSERT INTO isrc (created, edits_pending, id, isrc, recording, source) VALUES ('2011-01-18 15:56:00.408782+00', 0, 189218, 'GBAAA9900303', 1062699, 0);
INSERT INTO isrc (created, edits_pending, id, isrc, recording, source) VALUES ('2011-01-18 15:56:00.408782+00', 0, 189222, 'GBAAA9900297', 1353886, 0);
INSERT INTO isrc (created, edits_pending, id, isrc, recording, source) VALUES ('2011-01-18 15:56:00.408782+00', 0, 189217, 'GBAAA9900301', 2726277, 0);
INSERT INTO isrc (created, edits_pending, id, isrc, recording, source) VALUES ('2011-01-18 15:56:00.408782+00', 0, 189216, 'GBAAA9900295', 2726271, 0);
INSERT INTO isrc (created, edits_pending, id, isrc, recording, source) VALUES ('2011-01-18 15:56:00.408782+00', 0, 189215, 'GBAAA9900298', 2726274, 0);
INSERT INTO isrc (created, edits_pending, id, isrc, recording, source) VALUES ('2011-01-18 15:56:00.408782+00', 0, 189224, 'GBAAA9900300', 2726276, 0);
INSERT INTO isrc (created, edits_pending, id, isrc, recording, source) VALUES ('2011-01-18 15:56:00.408782+00', 0, 189223, 'GBAAA9900305', 2726281, 0);
INSERT INTO isrc (created, edits_pending, id, isrc, recording, source) VALUES ('2011-01-18 15:56:00.408782+00', 0, 38816, 'GBAAA9900299', 2726275, 0);
INSERT INTO isrc (created, edits_pending, id, isrc, recording, source) VALUES ('2011-01-18 15:56:00.408782+00', 0, 189220, 'GBAAA9900296', 2726272, 0);
INSERT INTO isrc (created, edits_pending, id, isrc, recording, source) VALUES ('2011-01-18 15:56:00.408782+00', 0, 189219, 'GBAAA9900302', 2726278, 0);
INSERT INTO isrc (created, edits_pending, id, isrc, recording, source) VALUES ('2011-01-18 15:56:00.408782+00', 0, 189225, 'GBAAA9900304', 2726280, 0);
INSERT INTO isrc (created, edits_pending, id, isrc, recording, source) VALUES ('2011-01-18 15:56:00.408782+00', 0, 176395, 'GBAAA9900309', 4844121, 0);
INSERT INTO isrc (created, edits_pending, id, isrc, recording, source) VALUES ('2011-01-18 15:56:00.408782+00', 0, 176392, 'GBAAA9900528', 4844122, 0);
INSERT INTO isrc (created, edits_pending, id, isrc, recording, source) VALUES ('2011-01-18 15:56:00.408782+00', 0, 176393, 'GBAAA9900529', 4844123, 0);
INSERT INTO isrc (created, edits_pending, id, isrc, recording, source) VALUES ('2011-01-18 15:56:00.408782+00', 0, 30027, 'USAT20703876', 160074, 0);
INSERT INTO isrc (created, edits_pending, id, isrc, recording, source) VALUES ('2011-01-18 15:56:00.408782+00', 0, 30029, 'USAT20703878', 162925, 0);
INSERT INTO isrc (created, edits_pending, id, isrc, recording, source) VALUES ('2011-01-18 15:56:00.408782+00', 0, 30030, 'USAT20703879', 162926, 0);
INSERT INTO isrc (created, edits_pending, id, isrc, recording, source) VALUES ('2011-01-18 15:56:00.408782+00', 0, 4255, 'JPA600102450', 4223059, 0);
INSERT INTO isrc (created, edits_pending, id, isrc, recording, source) VALUES ('2011-01-18 15:56:00.408782+00', 0, 4256, 'JPA600102460', 4223060, 0);
INSERT INTO isrc (created, edits_pending, id, isrc, recording, source) VALUES ('2011-01-18 15:56:00.408782+00', 0, 4257, 'JPA600102459', 4223061, 0);

-- Releases

INSERT INTO release (artist_credit, barcode, comment, edits_pending, gid, id, language, last_updated, name, packaging, quality, release_group, script, status) VALUES (265420, '4942463511227', '', 0, '0385f276-5f4f-4c81-a7a4-6bd7b8d85a7e', 49161, 198, NULL, 'サマーれげぇ!レインボー', NULL, -1, 377462, 85, 1);
INSERT INTO release (artist_credit, barcode, comment, edits_pending, gid, id, language, last_updated, name, packaging, quality, release_group, script, status) VALUES (265420, '4942463511227', '', 0, 'b3b7e934-445b-4c68-a097-730c6a6d47e6', 123054, 198, NULL, 'Summer Reggae! Rainbow', NULL, -1, 377462, 28, 4);
INSERT INTO release (status, release_group, edits_pending, packaging, id, quality, last_updated, script, language, name, artist_credit, barcode, comment, gid) VALUES (1, 155364, 0, NULL, 24752, -1, '2010-02-22 02:01:29.413661+00', 28, 120, 'For Beginner Piano', 11545, '5021603064126', '', '4f5a6b97-a09b-4893-80d1-eae1f3bfa221');
INSERT INTO release (status, release_group, edits_pending, packaging, id, quality, last_updated, script, language, name, artist_credit, barcode, comment, gid) VALUES (1, 155364, 0, NULL, 243064, -1, '2010-02-22 02:01:29.413661+00', 28, 120, 'For Beginner Piano', 11545, NULL, '', 'fbe4eb72-0f24-3875-942e-f581589713d4');
INSERT INTO release (status, release_group, edits_pending, packaging, id, quality, last_updated, script, language, name, artist_credit, barcode, comment, gid) VALUES (1, 155364, 0, NULL, 654729, -1, '2010-02-22 02:01:29.413661+00', 28, 120, 'For Beginner Piano', 11545, '', '', 'dd66bfdd-6097-32e3-91b6-67f47ba25d4c');
INSERT INTO release (status, release_group, edits_pending, packaging, id, quality, last_updated, script, language, name, artist_credit, barcode, comment, gid) VALUES (1, 597897, 0, NULL, 246898, -1, '2010-06-02 13:52:58.277743+00', 28, 120, 'My Demons', 427385, '600116817020', '', 'adcf7b48-086e-48ee-b420-1001f88d672f');
INSERT INTO release (status, release_group, edits_pending, packaging, id, quality, last_updated, script, language, name, artist_credit, barcode, comment, gid) VALUES (1, 761939, 0, NULL, 446581, -1, '2010-06-02 13:25:54.789939+00', 28, 120, 'Repercussions', 427385, '600116822123', '', '3b3d130a-87a8-4a47-b9fb-920f2530d134');
INSERT INTO release (status, release_group, edits_pending, packaging, id, quality, last_updated, script, language, name, artist_credit, barcode, comment, gid) VALUES (1, 403214, 0, NULL, 59662, -1, '2009-08-17 08:23:42.424855+00', 28, 120, 'the Love Bug', 135345, '4988064451180', '', 'aff4a693-5970-4e2e-bd46-e2ee49c22de7');
INSERT INTO release (status, release_group, edits_pending, packaging, id, quality, last_updated, script, language, name, artist_credit, barcode, comment, gid) VALUES (4, 326504, 0, NULL, 4675, -1, NULL, 28, 198, 'LOVE & HONESTY', 9496, NULL, '', '757a1723-3769-4298-89cd-48d31177852a');
INSERT INTO release (status, release_group, edits_pending, packaging, id, quality, last_updated, script, language, name, artist_credit, barcode, comment, gid) VALUES (1, 326504, 0, NULL, 59312, -1, '2009-09-24 19:33:36.305407+00', 85, 198, 'LOVE & HONESTY', 9496, '4988064173907', '', 'cacc586f-c2f2-49db-8534-6f44b55196f2');
INSERT INTO release (status, release_group, edits_pending, packaging, id, quality, last_updated, script, language, name, artist_credit, barcode, comment, gid) VALUES (1, 326504, 0, NULL, 558940, -1, '2009-09-24 19:33:36.305407+00', 85, 198, 'LOVE & HONESTY', 9496, '4988064173891', '', '28fc2337-985b-3da9-ac40-ad6f28ff0d8e');
INSERT INTO release (status, release_group, edits_pending, packaging, id, quality, last_updated, script, language, name, artist_credit, barcode, comment, gid) VALUES (1, 701319, 0, NULL, 372913, -1, NULL, 28, 120, 'Desert Siege / Crash', 781759, NULL, '', '91c1799c-fb3a-4e06-9cca-c78a6a5092c0');
INSERT INTO release (status, release_group, edits_pending, packaging, id, quality, last_updated, script, language, name, artist_credit, barcode, comment, gid) VALUES (1, 253157, 0, NULL, 238598, -1, NULL, 28, 120, 'Cool Down / Roll On', 9772, NULL, '', '4fa034ef-0e0a-40ef-ac12-8555a6dc19bc');
INSERT INTO release (status, release_group, edits_pending, packaging, id, quality, last_updated, script, language, name, artist_credit, barcode, comment, gid) VALUES (1, 691664, 0, NULL, 361465, -1, NULL, 28, 120, 'Acid Test / Get on Up', 199379, NULL, '', '3fb99662-c9d4-46f4-a156-1634caa1cdd9');
INSERT INTO release (status, release_group, edits_pending, packaging, id, quality, last_updated, script, language, name, artist_credit, barcode, comment, gid) VALUES (2, 724150, 0, NULL, 8312, -1, '2009-07-20 18:08:07.739267+00', 28, 120, 'Surrender', 242, NULL, '', '8268c2f8-bfc3-4079-9c25-fad0d69a38df');
INSERT INTO release (status, release_group, edits_pending, packaging, id, quality, last_updated, script, language, name, artist_credit, barcode, comment, gid) VALUES (1, 724150, 0, NULL, 19969, 2, '2010-10-03 08:04:16.761636+00', 28, 120, 'Surrender', 242, '724384761028', '', '91d36d01-a898-426d-bc28-35ee5b7a7b6b');
INSERT INTO release (status, release_group, edits_pending, packaging, id, quality, last_updated, script, language, name, artist_credit, barcode, comment, gid) VALUES (1, 724150, 0, NULL, 31689, 2, '2010-10-03 08:04:16.761636+00', 28, 120, 'Surrender', 242, '9326165000435', '', '7e188ed0-249a-3f43-a13e-0a5085b1ab4b');
INSERT INTO release (status, release_group, edits_pending, packaging, id, quality, last_updated, script, language, name, artist_credit, barcode, comment, gid) VALUES (1, 724150, 0, NULL, 31690, 2, '2010-10-03 08:04:16.761636+00', 28, 120, 'Surrender', 242, '724384761028', '', 'b4820c33-41f0-3fd5-854e-8b9f98a60b50');
INSERT INTO release (status, release_group, edits_pending, packaging, id, quality, last_updated, script, language, name, artist_credit, barcode, comment, gid) VALUES (1, 724150, 0, NULL, 278075, 2, '2010-10-03 08:04:16.761636+00', 28, 120, 'Surrender', 242, '724384761080', '', '46706d7e-f543-379c-a626-b0f0f0e7fbb4');
INSERT INTO release (status, release_group, edits_pending, packaging, id, quality, last_updated, script, language, name, artist_credit, barcode, comment, gid) VALUES (1, 724150, 0, NULL, 338506, -1, '2010-10-03 08:04:16.761636+00', 28, 120, 'Surrender', 242, '724384884901', '', '5199f302-99bc-3c80-a9ec-dffd68867c10');
INSERT INTO release (status, release_group, edits_pending, packaging, id, quality, last_updated, script, language, name, artist_credit, barcode, comment, gid) VALUES (1, 724150, 0, NULL, 400930, -1, NULL, 28, 120, 'Surrender', 242, '724384761011', '', '0117b17b-7721-49a9-a202-089f8d1b3d42');
INSERT INTO release (status, release_group, edits_pending, packaging, id, quality, last_updated, script, language, name, artist_credit, barcode, comment, gid) VALUES (2, 724150, 0, NULL, 741970, -1, '2010-10-16 17:05:05.553747+00', 28, 120, 'Surrender', 242, NULL, '', 'a84b9fea-aee9-4e1f-b5a2-a5a23c673688');
INSERT INTO release (status, release_group, edits_pending, packaging, id, quality, last_updated, script, language, name, artist_credit, barcode, comment, gid) VALUES (1, 724150, 0, NULL, 748905, 2, '2010-10-03 08:04:16.761636+00', 28, 120, 'Surrender', 242, '9326165000435', '', '699c8545-75b4-378e-bc29-9d0f951f7eee');
INSERT INTO release (status, release_group, edits_pending, packaging, id, quality, last_updated, script, language, name, artist_credit, barcode, comment, gid) VALUES (1, 148670, 0, NULL, 442242, -1, '2010-10-03 03:50:35.285976+00', 28, 120, 'Make It Hot', 301255, '075596382120', '', '22dd59b1-8eb2-4769-b936-3a0ebb224228');
INSERT INTO release (status, release_group, edits_pending, packaging, id, quality, last_updated, script, language, name, artist_credit, barcode, comment, gid) VALUES (1, 148670, 0, NULL, 748906, -1, '2010-10-03 03:50:35.285976+00', 28, 120, 'Make It Hot', 301255, '075596382120', '', 'bffcffcd-1299-3a4c-b454-080d77d28fe7');
INSERT INTO release (status, release_group, edits_pending, packaging, id, quality, last_updated, script, language, name, artist_credit, barcode, comment, gid) VALUES (1, 18759, 0, NULL, 12998, -1, '2010-01-01 02:25:12.608534+00', 28, 120, 'Houses of the Holy', 388, NULL, '', '3ccb4cb2-940a-4e2e-b1fd-4c0b7483280f');
INSERT INTO release (status, release_group, edits_pending, packaging, id, quality, last_updated, script, language, name, artist_credit, barcode, comment, gid) VALUES (1, 18759, 0, NULL, 278984, -1, '2010-01-01 02:25:12.608534+00', 28, 120, 'Houses of the Holy', 388, '075678263927', '', 'cdcc97e5-60d8-3768-b36b-4b1a79ae0bb3');
INSERT INTO release (status, release_group, edits_pending, packaging, id, quality, last_updated, script, language, name, artist_credit, barcode, comment, gid) VALUES (1, 18759, 0, NULL, 441328, -1, '2010-01-01 02:25:12.608534+00', 28, 120, 'Houses of the Holy', 388, NULL, '', '827e1e04-da94-310a-b0a2-aa9e891fb6b3');
INSERT INTO release (status, release_group, edits_pending, packaging, id, quality, last_updated, script, language, name, artist_credit, barcode, comment, gid) VALUES (1, 18759, 0, NULL, 479654, -1, '2010-01-01 02:25:12.608534+00', 28, 120, 'Houses of the Holy', 388, '07567815292', '', '938cef50-de9a-3ced-a1fe-bdfbd3bc4315');
INSERT INTO release (status, release_group, edits_pending, packaging, id, quality, last_updated, script, language, name, artist_credit, barcode, comment, gid) VALUES (1, 18759, 0, NULL, 513103, -1, '2010-01-01 02:25:12.608534+00', 28, 120, 'Houses of the Holy', 388, NULL, '', 'a6c0e878-9035-3c50-9ee5-d06a97648a1c');
INSERT INTO release (status, release_group, edits_pending, packaging, id, quality, last_updated, script, language, name, artist_credit, barcode, comment, gid) VALUES (1, 18759, 0, NULL, 523041, -1, '2010-01-01 02:25:12.608534+00', 28, 120, 'Houses of the Holy', 388, NULL, '', '3d29a558-15fa-311c-8af7-c2eb86246518');
INSERT INTO release (status, release_group, edits_pending, packaging, id, quality, last_updated, script, language, name, artist_credit, barcode, comment, gid) VALUES (1, 18759, 0, NULL, 553372, -1, '2010-01-01 02:25:12.608534+00', 28, 120, 'Houses of the Holy', 388, '081227990466', '', '7ba78608-e191-3a45-8797-baa54d058781');
INSERT INTO release (status, release_group, edits_pending, packaging, id, quality, last_updated, script, language, name, artist_credit, barcode, comment, gid) VALUES (1, 18759, 0, NULL, 601118, -1, '2010-01-01 02:25:12.608534+00', 28, 120, 'Houses of the Holy', 388, '075678263927', '', 'ce09a8d2-2e5b-3e6c-80ed-094da1a788ff');
INSERT INTO release (status, release_group, edits_pending, packaging, id, quality, last_updated, script, language, name, artist_credit, barcode, comment, gid) VALUES (1, 18759, 0, NULL, 630918, -1, '2010-01-01 02:25:12.608534+00', 28, 120, 'Houses of the Holy', 388, NULL, '', '10dd792c-567e-3cea-9046-f640116f92c5');
INSERT INTO release (status, release_group, edits_pending, packaging, id, quality, last_updated, script, language, name, artist_credit, barcode, comment, gid) VALUES (1, 18759, 0, NULL, 630919, -1, '2010-01-01 02:25:12.608534+00', 28, 120, 'Houses of the Holy', 388, NULL, '', '8be70056-0bfe-3a48-9e02-a22a17feaa28');
INSERT INTO release (status, release_group, edits_pending, packaging, id, quality, last_updated, script, language, name, artist_credit, barcode, comment, gid) VALUES (1, 47743, 0, NULL, 32094, -1, '2010-03-10 19:09:47.049696+00', 28, 120, 'Recipe for Hate', 779, '075678254628', '', 'f07d489d-a06e-4f39-b95e-5692e2a4f465');
INSERT INTO release (status, release_group, edits_pending, packaging, id, quality, last_updated, script, language, name, artist_credit, barcode, comment, gid) VALUES (1, 47743, 0, NULL, 509518, -1, '2010-03-10 19:09:47.049696+00', 28, 120, 'Recipe for Hate', 779, '8714092642025', '', '99303476-675d-3c88-a4ee-8c40ea91b1e2');
INSERT INTO release (status, release_group, edits_pending, packaging, id, quality, last_updated, script, language, name, artist_credit, barcode, comment, gid) VALUES (1, 666173, 0, NULL, 329521, -1, NULL, 28, 120, 'The Future Sound of Budapest', 100300, NULL, '', 'd94a8330-f129-4ec0-87e1-0107836066fa');
INSERT INTO release (status, release_group, edits_pending, packaging, id, quality, last_updated, script, language, name, artist_credit, barcode, comment, gid) VALUES (1, 87135, 0, NULL, 207481, -1, '2010-04-03 15:11:01.630562+00', 28, 120, 'Live at the Regal', 22492, '008811164621', '', '871027ad-84a1-4a0e-ab71-7010cd93774e');
INSERT INTO release (status, release_group, edits_pending, packaging, id, quality, last_updated, script, language, name, artist_credit, barcode, comment, gid) VALUES (1, 87135, 0, NULL, 580942, -1, '2010-04-03 15:11:01.630562+00', 28, 120, 'Live at the Regal', 22492, NULL, '', '31ea2414-6327-3b95-a17a-db06edb144d2');
INSERT INTO release (status, release_group, edits_pending, packaging, id, quality, last_updated, script, language, name, artist_credit, barcode, comment, gid) VALUES (1, 87135, 0, NULL, 596488, -1, '2010-04-03 15:11:01.630562+00', 28, 120, 'Live at the Regal', 22492, NULL, '', '1ed16fd9-3e05-3704-9825-0ecb2575c389');
INSERT INTO release (status, release_group, edits_pending, packaging, id, quality, last_updated, script, language, name, artist_credit, barcode, comment, gid) VALUES (1, 87135, 0, NULL, 596489, -1, '2010-04-03 15:11:01.630562+00', 28, 120, 'Live at the Regal', 22492, NULL, '', '4c884d96-8e0e-34cf-8f75-b6db47687d5f');
INSERT INTO release (status, release_group, edits_pending, packaging, id, quality, last_updated, script, language, name, artist_credit, barcode, comment, gid) VALUES (1, 87135, 0, NULL, 596490, -1, '2010-04-03 15:11:01.630562+00', 28, 120, 'Live at the Regal', 22492, NULL, '', '069b3e95-12e1-3e80-9f68-dda0d7004cde');
INSERT INTO release (status, release_group, edits_pending, packaging, id, quality, last_updated, script, language, name, artist_credit, barcode, comment, gid) VALUES (1, 87135, 0, NULL, 596491, -1, '2010-04-03 15:11:01.630562+00', 28, 120, 'Live at the Regal', 22492, '076731110622', '', '93852aca-b6d4-3320-8eaa-4e9c70d0302f');
INSERT INTO release (status, release_group, edits_pending, packaging, id, quality, last_updated, script, language, name, artist_credit, barcode, comment, gid) VALUES (1, 87135, 0, NULL, 596492, -1, '2010-04-03 15:11:01.630562+00', 28, 120, 'Live at the Regal', 22492, '015775154827', '', '1160f69e-030a-3574-99a9-557ed0c008a0');
INSERT INTO release (status, release_group, edits_pending, packaging, id, quality, last_updated, script, language, name, artist_credit, barcode, comment, gid) VALUES (1, 87135, 0, NULL, 672077, -1, '2010-04-03 15:11:01.630562+00', 28, 120, 'Live at the Regal', 22492, '015775154827', '', '686852e7-de39-3316-adb0-6c4400d60838');
INSERT INTO release (status, release_group, edits_pending, packaging, id, quality, last_updated, script, language, name, artist_credit, barcode, comment, gid) VALUES (1, 703316, 0, NULL, 375273, -1, NULL, 28, 120, 'Exogamy', 398438, '844395014422', '', '980e0f65-930e-4743-95d3-602665c25c15');
INSERT INTO release (status, release_group, edits_pending, packaging, id, quality, last_updated, script, language, name, artist_credit, barcode, comment, gid) VALUES (1, 772397, 0, NULL, 459740, -1, NULL, 28, 120, 'An Inextricable Tale Audiobook', 398598, '634479663338', '', '4ccb3e54-caab-4ad4-94a6-a598e0e52eec');

UPDATE release_meta SET amazon_asin = 'B00005LA6G', date_added = '2005-07-09 06:10:18.57297+00', info_url = 'http://www.amazon.co.jp/gp/product/B00005LA6G', cover_art_presence = 'absent', amazon_store = NULL WHERE id = 49161;
UPDATE release_meta SET amazon_asin = 'B00005LA6G', date_added = '2006-03-18 07:45:41.990026+00', info_url = 'http://www.amazon.co.jp/gp/product/B00005LA6G', cover_art_presence = 'absent', amazon_store = NULL WHERE id = 123054;
UPDATE release_meta SET amazon_asin = 'B00001IVAI', date_added = '2003-10-28 13:47:22.987027+00', info_url = 'http://www.amazon.com/gp/product/B00001IVAI', cover_art_presence = 'absent', amazon_store = NULL WHERE id = 24752;
UPDATE release_meta SET amazon_asin = 'B00001IVAI', date_added = '2003-10-28 13:47:22.987027+00', info_url = 'http://www.amazon.com/gp/product/B00001IVAI', cover_art_presence = 'absent', amazon_store = NULL WHERE id = 243064;
UPDATE release_meta SET amazon_asin = NULL, date_added = '2003-10-28 13:47:22.987027+00', info_url = NULL, cover_art_presence = 'absent', amazon_store = NULL WHERE id = 654729;
UPDATE release_meta SET amazon_asin = 'B000KJTG6K', date_added = '2007-03-14 23:33:51.126346+00', info_url = 'http://www.amazon.co.uk/gp/product/B000KJTG6K', cover_art_presence = 'absent', amazon_store = NULL WHERE id = 246898;
UPDATE release_meta SET amazon_asin = 'B001IKWNCE', date_added = '2008-10-05 16:57:46.005559+00', info_url = 'http://www.amazon.co.uk/gp/product/B001IKWNCE', cover_art_presence = 'absent', amazon_store = NULL WHERE id = 446581;
UPDATE release_meta SET amazon_asin = 'B0001FAD2O', date_added = '2005-09-07 02:23:50.964236+00', info_url = 'http://www.amazon.co.jp/gp/product/B0001FAD2O', cover_art_presence = 'present', amazon_store = NULL WHERE id = 59662;
UPDATE release_meta SET amazon_asin = 'B0000YGBSG', date_added = '2004-02-15 07:01:30.766831+00', info_url = 'http://www.amazon.co.jp/gp/product/B0000YGBSG', cover_art_presence = 'absent', amazon_store = NULL WHERE id = 4675;
UPDATE release_meta SET amazon_asin = 'B0000YG9NS', date_added = '2005-03-12 19:22:14.383478+00', info_url = 'http://www.amazon.co.jp/gp/product/B0000YG9NS', cover_art_presence = 'absent', amazon_store = NULL WHERE id = 59312;
UPDATE release_meta SET amazon_asin = 'B0000YGBSG', date_added = '2005-03-12 19:22:14.383478+00', info_url = 'http://www.amazon.co.jp/gp/product/B0000YGBSG', cover_art_presence = 'absent', amazon_store = NULL WHERE id = 558940;
UPDATE release_meta SET amazon_asin = NULL, date_added = '2008-04-04 09:13:40.333718+00', info_url = NULL, cover_art_presence = 'absent', amazon_store = NULL WHERE id = 372913;
UPDATE release_meta SET amazon_asin = NULL, date_added = '2004-08-27 18:15:07.246227+00', info_url = NULL, cover_art_presence = 'absent', amazon_store = NULL WHERE id = 238598;
UPDATE release_meta SET amazon_asin = NULL, date_added = '2008-03-03 10:28:17.702688+00', info_url = NULL, cover_art_presence = 'absent', amazon_store = NULL WHERE id = 361465;
UPDATE release_meta SET amazon_asin = 'B00000J8EK', date_added = NULL, info_url = 'http://www.amazon.com/gp/product/B00000J8EK', cover_art_presence = 'absent', amazon_store = NULL WHERE id = 8312;
UPDATE release_meta SET amazon_asin = 'B00000J8EK', date_added = '2004-08-23 07:28:55.160816+00', info_url = 'http://www.amazon.co.uk/gp/product/B00000J8EK', cover_art_presence = 'absent', amazon_store = NULL WHERE id = 19969;
UPDATE release_meta SET amazon_asin = NULL, date_added = '2004-08-23 07:28:55.160816+00', info_url = NULL, cover_art_presence = 'absent', amazon_store = NULL WHERE id = 31689;
UPDATE release_meta SET amazon_asin = 'B00000J8EK', date_added = '2004-08-23 07:28:55.160816+00', info_url = 'http://www.amazon.co.uk/gp/product/B00000J8EK', cover_art_presence = 'absent', amazon_store = NULL WHERE id = 31690;
UPDATE release_meta SET amazon_asin = NULL, date_added = '2004-08-23 07:28:55.160816+00', info_url = NULL, cover_art_presence = 'absent', amazon_store = NULL WHERE id = 278075;
UPDATE release_meta SET amazon_asin = 'B00003W1QB', date_added = '2004-08-23 07:28:55.160816+00', info_url = 'http://www.amazon.de/gp/product/B00003W1QB', cover_art_presence = 'absent', amazon_store = NULL WHERE id = 338506;
UPDATE release_meta SET amazon_asin = 'B00000JKRG', date_added = '2008-06-06 21:20:07.761374+00', info_url = 'http://www.amazon.co.uk/gp/product/B00000JKRG', cover_art_presence = 'absent', amazon_store = NULL WHERE id = 400930;
UPDATE release_meta SET amazon_asin = NULL, date_added = '2010-09-18 08:06:53.407161+00', info_url = NULL, cover_art_presence = 'absent', amazon_store = NULL WHERE id = 741970;
UPDATE release_meta SET amazon_asin = NULL, date_added = '2004-08-23 07:28:55.160816+00', info_url = NULL, cover_art_presence = 'absent', amazon_store = NULL WHERE id = 748905;
UPDATE release_meta SET amazon_asin = 'B00000GAII', date_added = '2003-09-28 13:13:26.833329+00', info_url = 'http://www.amazon.co.uk/gp/product/B00000GAII', cover_art_presence = 'absent', amazon_store = NULL WHERE id = 442242;
UPDATE release_meta SET amazon_asin = 'B00000GAII', date_added = '2003-09-28 13:13:26.833329+00', info_url = 'http://www.amazon.co.uk/gp/product/B00000GAII', cover_art_presence = 'absent', amazon_store = NULL WHERE id = 748906;
UPDATE release_meta SET amazon_asin = NULL, date_added = NULL, info_url = NULL, cover_art_presence = 'absent', amazon_store = NULL WHERE id = 12998;
UPDATE release_meta SET amazon_asin = 'B000002J0B', date_added = NULL, info_url = 'http://www.amazon.com/gp/product/B000002J0B', cover_art_presence = 'absent', amazon_store = NULL WHERE id = 278984;
UPDATE release_meta SET amazon_asin = NULL, date_added = NULL, info_url = NULL, cover_art_presence = 'absent', amazon_store = NULL WHERE id = 441328;
UPDATE release_meta SET amazon_asin = NULL, date_added = NULL, info_url = NULL, cover_art_presence = 'absent', amazon_store = NULL WHERE id = 479654;
UPDATE release_meta SET amazon_asin = NULL, date_added = NULL, info_url = NULL, cover_art_presence = 'absent', amazon_store = NULL WHERE id = 513103;
UPDATE release_meta SET amazon_asin = NULL, date_added = NULL, info_url = NULL, cover_art_presence = 'absent', amazon_store = NULL WHERE id = 523041;
UPDATE release_meta SET amazon_asin = NULL, date_added = NULL, info_url = NULL, cover_art_presence = 'absent', amazon_store = NULL WHERE id = 553372;
UPDATE release_meta SET amazon_asin = 'B000002J0B', date_added = NULL, info_url = 'http://www.amazon.com/gp/product/B000002J0B', cover_art_presence = 'absent', amazon_store = NULL WHERE id = 601118;
UPDATE release_meta SET amazon_asin = NULL, date_added = NULL, info_url = NULL, cover_art_presence = 'absent', amazon_store = NULL WHERE id = 630918;
UPDATE release_meta SET amazon_asin = NULL, date_added = NULL, info_url = NULL, cover_art_presence = 'absent', amazon_store = NULL WHERE id = 630919;
UPDATE release_meta SET amazon_asin = 'B000002IX5', date_added = '2001-12-26 19:33:53+00', info_url = 'http://www.amazon.com/gp/product/B000002IX5', cover_art_presence = 'absent', amazon_store = NULL WHERE id = 32094;
UPDATE release_meta SET amazon_asin = NULL, date_added = '2001-12-26 19:33:53+00', info_url = NULL, cover_art_presence = 'absent', amazon_store = NULL WHERE id = 509518;
UPDATE release_meta SET amazon_asin = NULL, date_added = '2007-12-07 04:39:46.888511+00', info_url = NULL, cover_art_presence = 'absent', amazon_store = NULL WHERE id = 329521;
UPDATE release_meta SET amazon_asin = 'B000002P72', date_added = '2002-09-30 00:42:53.890488+00', info_url = 'http://www.amazon.com/gp/product/B000002P72', cover_art_presence = 'absent', amazon_store = NULL WHERE id = 207481;
UPDATE release_meta SET amazon_asin = NULL, date_added = '2002-09-30 00:42:53.890488+00', info_url = NULL, cover_art_presence = 'absent', amazon_store = NULL WHERE id = 580942;
UPDATE release_meta SET amazon_asin = NULL, date_added = '2002-09-30 00:42:53.890488+00', info_url = NULL, cover_art_presence = 'absent', amazon_store = NULL WHERE id = 596488;
UPDATE release_meta SET amazon_asin = NULL, date_added = '2002-09-30 00:42:53.890488+00', info_url = NULL, cover_art_presence = 'absent', amazon_store = NULL WHERE id = 596489;
UPDATE release_meta SET amazon_asin = NULL, date_added = '2002-09-30 00:42:53.890488+00', info_url = NULL, cover_art_presence = 'absent', amazon_store = NULL WHERE id = 596490;
UPDATE release_meta SET amazon_asin = NULL, date_added = '2002-09-30 00:42:53.890488+00', info_url = NULL, cover_art_presence = 'absent', amazon_store = NULL WHERE id = 596491;
UPDATE release_meta SET amazon_asin = NULL, date_added = '2002-09-30 00:42:53.890488+00', info_url = NULL, cover_art_presence = 'absent', amazon_store = NULL WHERE id = 596492;
UPDATE release_meta SET amazon_asin = NULL, date_added = '2002-09-30 00:42:53.890488+00', info_url = NULL, cover_art_presence = 'absent', amazon_store = NULL WHERE id = 672077;
UPDATE release_meta SET amazon_asin = 'B0015XAAY2', date_added = '2008-04-10 17:44:44.312392+00', info_url = 'http://www.amazon.com/gp/product/B0015XAAY2', cover_art_presence = 'absent', amazon_store = NULL WHERE id = 375273;
UPDATE release_meta SET amazon_asin = 'B000XULO2A', date_added = '2008-11-06 20:09:13.862182+00', info_url = 'http://www.amazon.com/gp/product/B000XULO2A', cover_art_presence = 'absent', amazon_store = NULL WHERE id = 459740;

INSERT INTO release_country (release, country, date_year, date_month, date_day) VALUES (4675, 107, 2004, 1, 15);
INSERT INTO release_country (release, country, date_year, date_month, date_day) VALUES (8312, 222, 1999, NULL, NULL);
INSERT INTO release_country (release, country, date_year, date_month, date_day) VALUES (12998, 222, 1973, 3, 28);
INSERT INTO release_country (release, country, date_year, date_month, date_day) VALUES (19969, 222, 1999, 6, 22);
INSERT INTO release_country (release, country, date_year, date_month, date_day) VALUES (24752, 221, 1999, 9, 13);
INSERT INTO release_country (release, country, date_year, date_month, date_day) VALUES (31689, 13, 1999, 6, 21);
INSERT INTO release_country (release, country, date_year, date_month, date_day) VALUES (31690, 221, 1999, 6, 21);
INSERT INTO release_country (release, country, date_year, date_month, date_day) VALUES (32094, 222, 1993, 9, 21);
INSERT INTO release_country (release, country, date_year, date_month, date_day) VALUES (49161, 107, 2001, 7, 4);
INSERT INTO release_country (release, country, date_year, date_month, date_day) VALUES (59312, 107, 2004, 1, 15);
INSERT INTO release_country (release, country, date_year, date_month, date_day) VALUES (59662, 107, 2004, 3, 17);
INSERT INTO release_country (release, country, date_year, date_month, date_day) VALUES (123054, 107, 2001, 7, 4);
INSERT INTO release_country (release, country, date_year, date_month, date_day) VALUES (207481, 150, 1997, NULL, NULL);
INSERT INTO release_country (release, country, date_year, date_month, date_day) VALUES (238598, 221, 1995, NULL, NULL);
INSERT INTO release_country (release, country, date_year, date_month, date_day) VALUES (243064, 222, 1999, 9, 23);
INSERT INTO release_country (release, country, date_year, date_month, date_day) VALUES (246898, 221, 2007, 1, 29);
INSERT INTO release_country (release, country, date_year, date_month, date_day) VALUES (278075, 221, 1999, 6, 21);
INSERT INTO release_country (release, country, date_year, date_month, date_day) VALUES (278984, 222, 1994, 7, 19);
INSERT INTO release_country (release, country, date_year, date_month, date_day) VALUES (329521, 221, 2005, 11, 28);
INSERT INTO release_country (release, country, date_year, date_month, date_day) VALUES (338506, 13, 2000, 1, 25);
INSERT INTO release_country (release, country, date_year, date_month, date_day) VALUES (361465, 221, 2004, NULL, NULL);
INSERT INTO release_country (release, country, date_year, date_month, date_day) VALUES (372913, 221, 2004, 12, 13);
INSERT INTO release_country (release, country, date_year, date_month, date_day) VALUES (375273, 222, 2008, 4, 29);
INSERT INTO release_country (release, country, date_year, date_month, date_day) VALUES (400930, 221, 1999, 6, 21);
INSERT INTO release_country (release, country, date_year, date_month, date_day) VALUES (441328, 107, 2008, 9, NULL);
INSERT INTO release_country (release, country, date_year, date_month, date_day) VALUES (442242, 221, 1998, 6, 15);
INSERT INTO release_country (release, country, date_year, date_month, date_day) VALUES (446581, 221, 2008, 11, 17);
INSERT INTO release_country (release, country, date_year, date_month, date_day) VALUES (459740, 222, 2007, 11, 8);
INSERT INTO release_country (release, country, date_year, date_month, date_day) VALUES (509518, 222, 1993, 4, 6);
INSERT INTO release_country (release, country, date_year, date_month, date_day) VALUES (513103, 241, 1994, 7, NULL);
INSERT INTO release_country (release, country, date_year, date_month, date_day) VALUES (523041, 222, 2000, NULL, NULL);
INSERT INTO release_country (release, country, date_year, date_month, date_day) VALUES (553372, 81, 2008, 11, 7);
INSERT INTO release_country (release, country, date_year, date_month, date_day) VALUES (558940, 107, 2004, 1, 15);
INSERT INTO release_country (release, country, date_year, date_month, date_day) VALUES (580942, 222, 1965, NULL, NULL);
INSERT INTO release_country (release, country, date_year, date_month, date_day) VALUES (596488, 221, NULL, NULL, NULL);
INSERT INTO release_country (release, country, date_year, date_month, date_day) VALUES (596489, 222, 1965, NULL, NULL);
INSERT INTO release_country (release, country, date_year, date_month, date_day) VALUES (596490, 222, 1971, NULL, NULL);
INSERT INTO release_country (release, country, date_year, date_month, date_day) VALUES (596491, 222, 1987, NULL, NULL);
INSERT INTO release_country (release, country, date_year, date_month, date_day) VALUES (596492, 222, 1989, NULL, NULL);
INSERT INTO release_country (release, country, date_year, date_month, date_day) VALUES (601118, 241, 1994, 7, NULL);
INSERT INTO release_country (release, country, date_year, date_month, date_day) VALUES (630918, 222, NULL, NULL, NULL);
INSERT INTO release_country (release, country, date_year, date_month, date_day) VALUES (630919, 241, NULL, NULL, NULL);
INSERT INTO release_country (release, country, date_year, date_month, date_day) VALUES (654729, 221, 1999, 9, 13);
INSERT INTO release_country (release, country, date_year, date_month, date_day) VALUES (672077, 222, 1991, 7, 1);
INSERT INTO release_country (release, country, date_year, date_month, date_day) VALUES (741970, 81, 1999, NULL, NULL);
INSERT INTO release_country (release, country, date_year, date_month, date_day) VALUES (748905, 13, 1999, 6, 21);
INSERT INTO release_country (release, country, date_year, date_month, date_day) VALUES (748906, 221, 1998, 6, 15);

INSERT INTO release_unknown_country (release, date_year, date_month, date_day) VALUES (479654, 1987, NULL, NULL);

-- Mediums

INSERT INTO medium (edits_pending, format, id, last_updated, name, position, release, track_count) VALUES (0, 1, 49161, '2011-01-18 15:21:33.71184+00', NULL, 1, 49161, 3);
INSERT INTO medium (edits_pending, format, id, last_updated, name, position, release, track_count) VALUES (0, 1, 123054, '2011-01-18 15:21:33.71184+00', NULL, 1, 123054, 3);
INSERT INTO medium (edits_pending, format, id, last_updated, name, position, release, track_count) VALUES (0, 1, 24752, '2011-01-18 15:21:33.71184+00', NULL, 1, 24752, 10);
INSERT INTO medium (edits_pending, format, id, last_updated, name, position, release, track_count) VALUES (0, 1, 243064, '2011-01-18 15:21:33.71184+00', NULL, 1, 243064, 10);
INSERT INTO medium (edits_pending, format, id, last_updated, name, position, release, track_count) VALUES (0, 7, 654729, '2011-01-18 15:21:33.71184+00', NULL, 1, 654729, 10);
INSERT INTO medium (edits_pending, format, id, last_updated, name, position, release, track_count) VALUES (0, 1, 246898, '2011-01-18 15:21:33.71184+00', NULL, 1, 246898, 12);
INSERT INTO medium (edits_pending, format, id, last_updated, name, position, release, track_count) VALUES (0, 1, 446581, '2011-01-18 15:21:33.71184+00', NULL, 1, 446581, 9);
INSERT INTO medium (edits_pending, format, id, last_updated, name, position, release, track_count) VALUES (0, 1, 467794, '2011-01-18 15:21:33.71184+00', 'Chestplate Singles', 2, 446581, 9);
INSERT INTO medium (edits_pending, format, id, last_updated, name, position, release, track_count) VALUES (0, 1, 59662, '2011-01-18 15:21:33.71184+00', NULL, 1, 59662, 3);
INSERT INTO medium (edits_pending, format, id, last_updated, name, position, release, track_count) VALUES (0, NULL, 4675, '2011-01-18 15:21:33.71184+00', NULL, 1, 4675, 13);
INSERT INTO medium (edits_pending, format, id, last_updated, name, position, release, track_count) VALUES (0, 1, 59312, '2011-01-18 15:21:33.71184+00', NULL, 1, 59312, 13);
INSERT INTO medium (edits_pending, format, id, last_updated, name, position, release, track_count) VALUES (0, 1, 558940, '2011-01-18 15:21:33.71184+00', NULL, 1, 558940, 13);
INSERT INTO medium (edits_pending, format, id, last_updated, name, position, release, track_count) VALUES (0, 2, 558944, '2011-01-18 15:21:33.71184+00', NULL, 2, 558940, 6);
INSERT INTO medium (edits_pending, format, id, last_updated, name, position, release, track_count) VALUES (0, 7, 372913, '2011-01-18 15:21:33.71184+00', NULL, 1, 372913, 2);
INSERT INTO medium (edits_pending, format, id, last_updated, name, position, release, track_count) VALUES (0, 7, 238598, '2011-01-18 15:21:33.71184+00', NULL, 1, 238598, 2);
INSERT INTO medium (edits_pending, format, id, last_updated, name, position, release, track_count) VALUES (0, 7, 361465, '2011-01-18 15:21:33.71184+00', NULL, 1, 361465, 2);
INSERT INTO medium (edits_pending, format, id, last_updated, name, position, release, track_count) VALUES (0, 1, 8312, '2011-01-18 15:21:33.71184+00', NULL, 1, 8312, 11);
INSERT INTO medium (edits_pending, format, id, last_updated, name, position, release, track_count) VALUES (0, 1, 19969, '2011-01-18 15:21:33.71184+00', NULL, 1, 19969, 11);
INSERT INTO medium (edits_pending, format, id, last_updated, name, position, release, track_count) VALUES (0, 1, 31689, '2011-01-18 15:21:33.71184+00', NULL, 1, 31689, 11);
INSERT INTO medium (edits_pending, format, id, last_updated, name, position, release, track_count) VALUES (0, 1, 31690, '2011-01-18 15:21:33.71184+00', NULL, 1, 31690, 11);
INSERT INTO medium (edits_pending, format, id, last_updated, name, position, release, track_count) VALUES (0, 6, 278075, '2011-01-18 15:21:33.71184+00', NULL, 1, 278075, 11);
INSERT INTO medium (edits_pending, format, id, last_updated, name, position, release, track_count) VALUES (0, 1, 338506, '2011-01-18 15:21:33.71184+00', NULL, 1, 338506, 11);
INSERT INTO medium (edits_pending, format, id, last_updated, name, position, release, track_count) VALUES (0, 1, 73608, '2011-01-18 15:21:33.71184+00', NULL, 2, 338506, 4);
INSERT INTO medium (edits_pending, format, id, last_updated, name, position, release, track_count) VALUES (0, 7, 400930, '2011-01-18 15:21:33.71184+00', NULL, 1, 400930, 5);
INSERT INTO medium (edits_pending, format, id, last_updated, name, position, release, track_count) VALUES (0, 7, 400929, '2011-01-18 15:21:33.71184+00', NULL, 2, 400930, 6);
INSERT INTO medium (edits_pending, format, id, last_updated, name, position, release, track_count) VALUES (0, 1, 741970, '2011-01-18 15:21:33.71184+00', NULL, 1, 741970, 6);
INSERT INTO medium (edits_pending, format, id, last_updated, name, position, release, track_count) VALUES (0, 1, 748905, '2011-01-18 15:21:33.71184+00', NULL, 1, 748905, 11);
INSERT INTO medium (edits_pending, format, id, last_updated, name, position, release, track_count) VALUES (0, 1, 442242, '2011-01-18 15:21:33.71184+00', NULL, 1, 442242, 3);
INSERT INTO medium (edits_pending, format, id, last_updated, name, position, release, track_count) VALUES (0, 1, 748906, '2011-01-18 15:21:33.71184+00', NULL, 1, 748906, 3);
INSERT INTO medium (edits_pending, format, id, last_updated, name, position, release, track_count) VALUES (0, 7, 12998, '2011-01-18 15:21:33.71184+00', NULL, 1, 12998, 8);
INSERT INTO medium (edits_pending, format, id, last_updated, name, position, release, track_count) VALUES (0, 1, 278984, '2011-01-18 15:21:33.71184+00', NULL, 1, 278984, 8);
INSERT INTO medium (edits_pending, format, id, last_updated, name, position, release, track_count) VALUES (0, 1, 441328, '2011-01-18 15:21:33.71184+00', NULL, 1, 441328, 8);
INSERT INTO medium (edits_pending, format, id, last_updated, name, position, release, track_count) VALUES (0, 1, 479654, '2011-01-18 15:21:33.71184+00', NULL, 1, 479654, 8);
INSERT INTO medium (edits_pending, format, id, last_updated, name, position, release, track_count) VALUES (0, 1, 513103, '2011-01-18 15:21:33.71184+00', NULL, 1, 513103, 8);
INSERT INTO medium (edits_pending, format, id, last_updated, name, position, release, track_count) VALUES (0, 7, 523041, '2011-01-18 15:21:33.71184+00', NULL, 1, 523041, 8);
INSERT INTO medium (edits_pending, format, id, last_updated, name, position, release, track_count) VALUES (0, 1, 553372, '2011-01-18 15:21:33.71184+00', NULL, 1, 553372, 8);
INSERT INTO medium (edits_pending, format, id, last_updated, name, position, release, track_count) VALUES (0, 1, 601118, '2011-01-18 15:21:33.71184+00', NULL, 1, 601118, 8);
INSERT INTO medium (edits_pending, format, id, last_updated, name, position, release, track_count) VALUES (0, 1, 630918, '2011-01-18 15:21:33.71184+00', NULL, 1, 630918, 8);
INSERT INTO medium (edits_pending, format, id, last_updated, name, position, release, track_count) VALUES (0, 1, 630919, '2011-01-18 15:21:33.71184+00', NULL, 1, 630919, 8);
INSERT INTO medium (edits_pending, format, id, last_updated, name, position, release, track_count) VALUES (0, 1, 32094, '2011-01-18 15:21:33.71184+00', NULL, 1, 32094, 14);
INSERT INTO medium (edits_pending, format, id, last_updated, name, position, release, track_count) VALUES (0, 1, 509518, '2011-01-18 15:21:33.71184+00', NULL, 1, 509518, 14);
INSERT INTO medium (edits_pending, format, id, last_updated, name, position, release, track_count) VALUES (0, 7, 329521, '2011-01-18 15:21:33.71184+00', NULL, 1, 329521, 2);
INSERT INTO medium (edits_pending, format, id, last_updated, name, position, release, track_count) VALUES (0, 7, 329523, '2011-01-18 15:21:33.71184+00', NULL, 2, 329521, 2);
INSERT INTO medium (edits_pending, format, id, last_updated, name, position, release, track_count) VALUES (0, 1, 207481, '2011-01-18 15:21:33.71184+00', NULL, 1, 207481, 10);
INSERT INTO medium (edits_pending, format, id, last_updated, name, position, release, track_count) VALUES (0, 7, 580942, '2011-01-18 15:21:33.71184+00', NULL, 1, 580942, 10);
INSERT INTO medium (edits_pending, format, id, last_updated, name, position, release, track_count) VALUES (0, 7, 596488, '2011-01-18 15:21:33.71184+00', NULL, 1, 596488, 10);
INSERT INTO medium (edits_pending, format, id, last_updated, name, position, release, track_count) VALUES (0, 7, 596489, '2011-01-18 15:21:33.71184+00', NULL, 1, 596489, 10);
INSERT INTO medium (edits_pending, format, id, last_updated, name, position, release, track_count) VALUES (0, 7, 596490, '2011-01-18 15:21:33.71184+00', NULL, 1, 596490, 10);
INSERT INTO medium (edits_pending, format, id, last_updated, name, position, release, track_count) VALUES (0, 1, 596491, '2011-01-18 15:21:33.71184+00', NULL, 1, 596491, 10);
INSERT INTO medium (edits_pending, format, id, last_updated, name, position, release, track_count) VALUES (0, 1, 596492, '2011-01-18 15:21:33.71184+00', NULL, 1, 596492, 10);
INSERT INTO medium (edits_pending, format, id, last_updated, name, position, release, track_count) VALUES (0, 1, 672077, '2011-01-18 15:21:33.71184+00', NULL, 1, 672077, 10);
INSERT INTO medium (edits_pending, format, id, last_updated, name, position, release, track_count) VALUES (0, 1, 375273, '2011-01-18 15:21:33.71184+00', NULL, 1, 375273, 9);
INSERT INTO medium (edits_pending, format, id, last_updated, name, position, release, track_count) VALUES (0, 1, 459740, '2011-01-18 15:21:33.71184+00', NULL, 1, 459740, 15);

-- Tracks

INSERT INTO track (artist_credit, edits_pending, gid, id, last_updated, length, medium, name, number, position, recording) VALUES (427385, 0, '6b7cff23-5e7c-352c-9e34-585ddc0e0f82', '62', '2011-01-18 15:56:00.408782+00', 317733, 467794, 'Feel Me', '5', 5, 8692021);
INSERT INTO track (artist_credit, edits_pending, gid, id, last_updated, length, medium, name, number, position, recording) VALUES (427385, 0, '5ce47862-147f-33f8-82e9-9d0dade5b49e', '63', '2011-01-18 15:56:00.408782+00', 325720, 467794, 'Radical', '6', 6, 8692022);
INSERT INTO track (artist_credit, edits_pending, gid, id, last_updated, length, medium, name, number, position, recording) VALUES (427385, 0, '93ae1131-88a5-37c2-929d-c4c2c3467292', '64', '2011-01-18 15:56:00.408782+00', 334266, 467794, 'No Sunshine', '7', 7, 8692023);
INSERT INTO track (artist_credit, edits_pending, gid, id, last_updated, length, medium, name, number, position, recording) VALUES (427385, 0, '63aab7f9-488b-3a5a-ab77-21014062fafa', '65', '2011-01-18 15:56:00.408782+00', 305600, 467794, 'Victim Support', '8', 8, 8692024);
INSERT INTO track (artist_credit, edits_pending, gid, id, last_updated, length, medium, name, number, position, recording) VALUES (427385, 0, '622951f1-f779-3981-98f2-4f39003be002', '66', '2011-01-18 15:56:00.408782+00', 286186, 467794, 'Battle Sequence', '9', 9, 8692025);
INSERT INTO track (artist_credit, edits_pending, gid, id, last_updated, length, medium, name, number, position, recording) VALUES (792488, 0, 'ec60f5e2-ed8a-391d-90cd-bf119c50f6a0', '67', '2011-01-18 15:56:00.408782+00', 243000, 59662, 'the Love Bug', '1', 1, 4525123);
INSERT INTO track (artist_credit, edits_pending, gid, id, last_updated, length, medium, name, number, position, recording) VALUES (792488, 0, '2519283c-93d9-30de-a0ba-75f99ca25604', '68', '2011-01-18 15:56:00.408782+00', 222000, 59662, 'the Love Bug (Big Bug NYC remix)', '2', 2, 4525010);
INSERT INTO track (artist_credit, edits_pending, gid, id, last_updated, length, medium, name, number, position, recording) VALUES (283833, 0, '4ffc18f0-96cc-3e1f-8192-cf0d0c489beb', '69', '2011-01-18 15:56:00.408782+00', 333000, 59662, 'the Love Bug (cover)', '3', 3, 4525011);
INSERT INTO track (artist_credit, edits_pending, gid, id, last_updated, length, medium, name, number, position, recording) VALUES (9496, 0, 'c7d5f3c4-cee7-320d-8a69-18a745729ee6', '70', '2011-01-18 15:56:00.408782+00', 254400, 4675, 'Rock With You', '1', 1, 3451976);
INSERT INTO track (artist_credit, edits_pending, gid, id, last_updated, length, medium, name, number, position, recording) VALUES (9496, 0, '3184a594-f32c-3544-9896-1b571726543d', '71', '2011-01-18 15:56:00.408782+00', 305266, 4675, 'Shine We Are!', '2', 2, 1307406);
INSERT INTO track (artist_credit, edits_pending, gid, id, last_updated, length, medium, name, number, position, recording) VALUES (9496, 0, 'fb17af0e-b6a4-3128-bbae-a4821912210a', '72', '2011-01-18 15:56:00.408782+00', 273426, 4675, 'SOME DAY ONE DAY (feat. VERBAL (m-flo))', '3', 3, 3622822);
INSERT INTO track (artist_credit, edits_pending, gid, id, last_updated, length, medium, name, number, position, recording) VALUES (9496, 0, '1a8b1e4a-8081-3410-a211-dda74b7c4c02', '73', '2011-01-18 15:56:00.408782+00', 282466, 4675, 'LOVE & HONESTY', '4', 4, 3622823);
INSERT INTO track (artist_credit, edits_pending, gid, id, last_updated, length, medium, name, number, position, recording) VALUES (9496, 0, '726118fa-e3cc-3ae3-ae5d-9d47a639ce95', '74', '2011-01-18 15:56:00.408782+00', 261600, 4675, 'Midnight Parade', '5', 5, 3584195);
INSERT INTO track (artist_credit, edits_pending, gid, id, last_updated, length, medium, name, number, position, recording) VALUES (9496, 0, 'dd91ceb6-0db0-303f-abbd-24a31abf8a01', '75', '2011-01-18 15:56:00.408782+00', 227173, 4675, 'Be the one', '6', 6, 3622825);
INSERT INTO track (artist_credit, edits_pending, gid, id, last_updated, length, medium, name, number, position, recording) VALUES (9496, 0, '2783742f-c686-304b-90fa-82fff6b8b18d', '76', '2011-01-18 15:56:00.408782+00', 260000, 4675, 'EXPECT', '7', 7, 3622826);
INSERT INTO track (artist_credit, edits_pending, gid, id, last_updated, length, medium, name, number, position, recording) VALUES (9496, 0, '86334de5-72d4-3d6b-ab53-eccef40e5e6a', '77', '2011-01-18 15:56:00.408782+00', 349466, 4675, 'OVER ~across the time~', '8', 8, 3622827);
INSERT INTO track (artist_credit, edits_pending, gid, id, last_updated, length, medium, name, number, position, recording) VALUES (9496, 0, '60876afe-e6bf-312d-b7a9-f36c97aa87cd', '78', '2011-01-18 15:56:00.408782+00', 289866, 4675, 'Kokoro no Tegami', '9', 9, 3622828);
INSERT INTO track (artist_credit, edits_pending, gid, id, last_updated, length, medium, name, number, position, recording) VALUES (9496, 0, '79e12293-7225-3306-bafa-cc4bff78297f', '79', '2011-01-18 15:56:00.408782+00', 208333, 4675, 'DOUBLE', '10', 10, 3451975);
INSERT INTO track (artist_credit, edits_pending, gid, id, last_updated, length, medium, name, number, position, recording) VALUES (9496, 0, 'c50eed88-f571-3293-8ba4-ed64fc50e79f', '80', '2011-01-18 15:56:00.408782+00', 295160, 4675, 'Easy To Be Hard', '11', 11, 3622830);
INSERT INTO track (artist_credit, edits_pending, gid, id, last_updated, length, medium, name, number, position, recording) VALUES (9496, 0, '43da7544-6283-3159-84f9-537fe823a1a7', '81', '2011-01-18 15:56:00.408782+00', 186173, 4675, 'Song With No Name', '12', 12, 3622831);
INSERT INTO track (artist_credit, edits_pending, gid, id, last_updated, length, medium, name, number, position, recording) VALUES (9496, 0, '23aacc6d-f388-37fe-b2fc-e60958ecb572', '82', '2011-01-18 15:56:00.408782+00', 199667, 4675, 'Milky Way', '13', 13, 3584196);
INSERT INTO track (artist_credit, edits_pending, gid, id, last_updated, length, medium, name, number, position, recording) VALUES (9496, 0, 'ad762819-bdfe-3e70-94d6-1abcc3da3ebd', '84', '2011-01-18 15:56:00.408782+00', 254000, 59312, 'Rock With You', '1', 1, 3451976);
INSERT INTO track (artist_credit, edits_pending, gid, id, last_updated, length, medium, name, number, position, recording) VALUES (9496, 0, '2b0f230b-dc66-36f2-880d-0f1a304e1da2', '86', '2011-01-18 15:56:00.408782+00', 305000, 59312, 'Shine We Are!', '2', 2, 1307406);
INSERT INTO track (artist_credit, edits_pending, gid, id, last_updated, length, medium, name, number, position, recording) VALUES (9496, 0, '5a2cc59d-a255-3256-bfdb-d7d94fbb0868', '88', '2011-01-18 15:56:00.408782+00', 273000, 59312, 'SOME DAY ONE DAY (feat. VERBAL (m-flo))', '3', 3, 3622822);
INSERT INTO track (artist_credit, edits_pending, gid, id, last_updated, length, medium, name, number, position, recording) VALUES (9496, 0, '9520f971-f048-3ae0-95de-c9c034551544', '90', '2011-01-18 15:56:00.408782+00', 282000, 59312, 'LOVE & HONESTY', '4', 4, 3622823);
INSERT INTO track (artist_credit, edits_pending, gid, id, last_updated, length, medium, name, number, position, recording) VALUES (9496, 0, '0355f7e5-2288-30fb-b2ba-c580450c7dab', '92', '2011-01-18 15:56:00.408782+00', 262000, 59312, 'Midnight Parade', '5', 5, 3584195);
INSERT INTO track (artist_credit, edits_pending, gid, id, last_updated, length, medium, name, number, position, recording) VALUES (9496, 0, '77438323-bdcf-3584-89e7-559ef4474983', '94', '2011-01-18 15:56:00.408782+00', 227000, 59312, 'Be the one', '6', 6, 3622825);
INSERT INTO track (artist_credit, edits_pending, gid, id, last_updated, length, medium, name, number, position, recording) VALUES (9496, 0, 'f34f2cc8-686f-3954-b78b-dc63a46cbf9d', '96', '2011-01-18 15:56:00.408782+00', 260000, 59312, 'EXPECT', '7', 7, 3622826);
INSERT INTO track (artist_credit, edits_pending, gid, id, last_updated, length, medium, name, number, position, recording) VALUES (9496, 0, 'dfc0ed57-c1d7-38eb-9782-1dd7e2143eb3', '98', '2011-01-18 15:56:00.408782+00', 349000, 59312, 'OVER～across the time～', '8', 8, 3622827);
INSERT INTO track (artist_credit, edits_pending, gid, id, last_updated, length, medium, name, number, position, recording) VALUES (9496, 0, '9c6a0164-b24b-3592-b41d-a04e40de923e', '100', '2011-01-18 15:56:00.408782+00', 290000, 59312, '心の手紙', '9', 9, 3622828);
INSERT INTO track (artist_credit, edits_pending, gid, id, last_updated, length, medium, name, number, position, recording) VALUES (9496, 0, 'cf4531ba-6c6b-32ea-aafc-e85e577178ef', '102', '2011-01-18 15:56:00.408782+00', 208000, 59312, 'DOUBLE', '10', 10, 3451975);
INSERT INTO track (artist_credit, edits_pending, gid, id, last_updated, length, medium, name, number, position, recording) VALUES (9496, 0, '44903f1e-2270-32f0-86b5-66194ed0d44b', '104', '2011-01-18 15:56:00.408782+00', 295000, 59312, 'Easy To Be Hard', '11', 11, 3622830);
INSERT INTO track (artist_credit, edits_pending, gid, id, last_updated, length, medium, name, number, position, recording) VALUES (9496, 0, '54d69466-d0f2-3e1a-acf2-d2f96d610622', '106', '2011-01-18 15:56:00.408782+00', 186000, 59312, 'Song With No Name～名前のない歌～', '12', 12, 3622831);
INSERT INTO track (artist_credit, edits_pending, gid, id, last_updated, length, medium, name, number, position, recording) VALUES (9496, 0, 'e56c6d3c-09cf-33a0-81c5-ceade77c35dc', '108', '2011-01-18 15:56:00.408782+00', 200000, 59312, 'Milky Way-君の歌-', '13', 13, 3584196);
INSERT INTO track (artist_credit, edits_pending, gid, id, last_updated, length, medium, name, number, position, recording) VALUES (9496, 0, '8ca1c76b-bb5c-3dbc-b3ab-dc1d287b1859', '83', '2011-01-18 15:56:00.408782+00', 254000, 558940, 'Rock With You', '1', 1, 3451976);
INSERT INTO track (artist_credit, edits_pending, gid, id, last_updated, length, medium, name, number, position, recording) VALUES (9496, 0, 'b78014e7-7314-342b-8fa0-a19c733279cb', '85', '2011-01-18 15:56:00.408782+00', 305000, 558940, 'Shine We Are!', '2', 2, 1307406);
INSERT INTO track (artist_credit, edits_pending, gid, id, last_updated, length, medium, name, number, position, recording) VALUES (9496, 0, 'f95a72bf-f7e8-3c48-81f3-603a9091ba9d', '87', '2011-01-18 15:56:00.408782+00', 273000, 558940, 'SOME DAY ONE DAY (feat. VERBAL (m-flo))', '3', 3, 3622822);
INSERT INTO track (artist_credit, edits_pending, gid, id, last_updated, length, medium, name, number, position, recording) VALUES (9496, 0, 'e7a9d5cf-e9ee-3f98-a964-666db90a0b0b', '89', '2011-01-18 15:56:00.408782+00', 282000, 558940, 'LOVE & HONESTY', '4', 4, 3622823);
INSERT INTO track (artist_credit, edits_pending, gid, id, last_updated, length, medium, name, number, position, recording) VALUES (9496, 0, '5e29f99c-e089-32ae-a922-fd5d3d57a5f9', '91', '2011-01-18 15:56:00.408782+00', 262000, 558940, 'Midnight Parade', '5', 5, 3584195);
INSERT INTO track (artist_credit, edits_pending, gid, id, last_updated, length, medium, name, number, position, recording) VALUES (9496, 0, 'b23ef113-fa28-3c2c-9cb8-55b1b05fb0aa', '93', '2011-01-18 15:56:00.408782+00', 227000, 558940, 'Be the one', '6', 6, 3622825);
INSERT INTO track (artist_credit, edits_pending, gid, id, last_updated, length, medium, name, number, position, recording) VALUES (9496, 0, '82d48378-d892-3837-99fc-b94ad8ef7775', '95', '2011-01-18 15:56:00.408782+00', 260000, 558940, 'EXPECT', '7', 7, 3622826);
INSERT INTO track (artist_credit, edits_pending, gid, id, last_updated, length, medium, name, number, position, recording) VALUES (9496, 0, 'b96622e2-863f-34ca-a5b3-3ecadec0ff92', '97', '2011-01-18 15:56:00.408782+00', 349000, 558940, 'OVER～across the time～', '8', 8, 3622827);
INSERT INTO track (artist_credit, edits_pending, gid, id, last_updated, length, medium, name, number, position, recording) VALUES (9496, 0, 'fa124f9a-d8ea-36a3-bed3-c817fdbe13e2', '99', '2011-01-18 15:56:00.408782+00', 290000, 558940, '心の手紙', '9', 9, 3622828);
INSERT INTO track (artist_credit, edits_pending, gid, id, last_updated, length, medium, name, number, position, recording) VALUES (9496, 0, 'f6c40f8f-2271-3fe9-b06c-32edd9da0b78', '101', '2011-01-18 15:56:00.408782+00', 208000, 558940, 'DOUBLE', '10', 10, 3451975);
INSERT INTO track (artist_credit, edits_pending, gid, id, last_updated, length, medium, name, number, position, recording) VALUES (9496, 0, '412646d4-dfda-3ef5-bce3-43e9025d67af', '103', '2011-01-18 15:56:00.408782+00', 295000, 558940, 'Easy To Be Hard', '11', 11, 3622830);
INSERT INTO track (artist_credit, edits_pending, gid, id, last_updated, length, medium, name, number, position, recording) VALUES (9496, 0, 'e9612ce5-5ba4-3e6c-8fd7-725f136516e7', '105', '2011-01-18 15:56:00.408782+00', 186000, 558940, 'Song With No Name～名前のない歌～', '12', 12, 3622831);
INSERT INTO track (artist_credit, edits_pending, gid, id, last_updated, length, medium, name, number, position, recording) VALUES (9496, 0, 'd09c8169-51b8-38c9-95b6-dcd5c9a03389', '107', '2011-01-18 15:56:00.408782+00', 200000, 558940, 'Milky Way-君の歌-', '13', 13, 3584196);
INSERT INTO track (artist_credit, edits_pending, gid, id, last_updated, length, medium, name, number, position, recording) VALUES (9496, 0, '5fabde7e-88f6-343a-b4f0-3b0d6d9f3f72', '109', '2011-01-18 15:56:00.408782+00', NULL, 558944, 'Shine We Are! (Video clip)', '1', 1, 9538744);
INSERT INTO track (artist_credit, edits_pending, gid, id, last_updated, length, medium, name, number, position, recording) VALUES (9496, 0, '01994320-b161-3491-a9be-74cbdec88999', '110', '2011-01-18 15:56:00.408782+00', NULL, 558944, 'Rock With You (Video clip)', '2', 2, 9538745);
INSERT INTO track (artist_credit, edits_pending, gid, id, last_updated, length, medium, name, number, position, recording) VALUES (9496, 0, '8f04b4a6-4ba8-3b80-8b2e-8e2a5bc6ad66', '111', '2011-01-18 15:56:00.408782+00', NULL, 558944, 'NO.1 (Video clip)', '3', 3, 9538746);
INSERT INTO track (artist_credit, edits_pending, gid, id, last_updated, length, medium, name, number, position, recording) VALUES (9496, 0, 'd102bf10-e401-3f0f-85ab-6caad1bd98ef', '112', '2011-01-18 15:56:00.408782+00', NULL, 558944, 'Rock With You (Making of)', '4', 4, 9538747);
INSERT INTO track (artist_credit, edits_pending, gid, id, last_updated, length, medium, name, number, position, recording) VALUES (9496, 0, '6b45389c-8b13-3ace-af6f-faf026bab54a', '113', '2011-01-18 15:56:00.408782+00', NULL, 558944, 'Commercial Films', '5', 5, 9538748);
INSERT INTO track (artist_credit, edits_pending, gid, id, last_updated, length, medium, name, number, position, recording) VALUES (9496, 0, '6ef49e01-2367-3045-ae4b-8ff9645d8a68', '114', '2011-01-18 15:56:00.408782+00', NULL, 558944, 'Interview', '6', 6, 9538749);
INSERT INTO track (artist_credit, edits_pending, gid, id, last_updated, length, medium, name, number, position, recording) VALUES (781759, 0, 'ac10fda1-c050-3303-9c7a-dae6f5a13773', '115', '2011-01-18 15:56:00.408782+00', NULL, 372913, 'Desert Siege', '1', 1, 7883923);
INSERT INTO track (artist_credit, edits_pending, gid, id, last_updated, length, medium, name, number, position, recording) VALUES (781759, 0, '297e561f-58dd-3353-9bf7-e8d5ade681b5', '116', '2011-01-18 15:56:00.408782+00', NULL, 372913, 'Crash', '2', 2, 7883924);
INSERT INTO track (artist_credit, edits_pending, gid, id, last_updated, length, medium, name, number, position, recording) VALUES (9772, 0, '909a5611-0d0c-3508-b71d-63ea826197e3', '117', '2011-01-18 15:56:00.408782+00', NULL, 238598, 'Cool Down', '1', 1, 2746106);
INSERT INTO track (artist_credit, edits_pending, gid, id, last_updated, length, medium, name, number, position, recording) VALUES (9772, 0, 'ca503b18-46be-3420-a0da-20bf6ab542bd', '118', '2011-01-18 15:56:00.408782+00', NULL, 238598, 'Roll On', '2', 2, 2746107);
INSERT INTO track (artist_credit, edits_pending, gid, id, last_updated, length, medium, name, number, position, recording) VALUES (199379, 0, 'db3021ee-3c9d-38d8-a7df-16bc075b8a10', '119', '2011-01-18 15:56:00.408782+00', 358000, 361465, 'Acid Test', '1', 1, 7776491);
INSERT INTO track (artist_credit, edits_pending, gid, id, last_updated, length, medium, name, number, position, recording) VALUES (199379, 0, '04d942b6-4bd5-387a-bd24-b310e53fd65d', '120', '2011-01-18 15:56:00.408782+00', 358000, 361465, 'Get on Up', '2', 2, 7776492);
INSERT INTO track (artist_credit, edits_pending, gid, id, last_updated, length, medium, name, number, position, recording) VALUES (242, 0, '9d67af7d-add6-31a0-a792-ab5c8794fe71', '129', '2011-01-18 15:56:00.408782+00', 290493, 8312, 'Hey Boy Hey Girl', '9', 9, 1062699);
INSERT INTO track (artist_credit, edits_pending, gid, id, last_updated, length, medium, name, number, position, recording) VALUES (242, 0, '54e0f05b-4bba-3ec8-80ae-e87dc7b1a1d9', '123', '2011-01-18 15:56:00.408782+00', 439760, 8312, 'Out of Control', '3', 3, 1353886);
INSERT INTO track (artist_credit, edits_pending, gid, id, last_updated, length, medium, name, number, position, recording) VALUES (242, 0, '01f552ee-c0f1-32db-9e60-35d315efe026', '127', '2011-01-18 15:56:00.408782+00', 287226, 8312, 'Asleep From Day', '7', 7, 2726277);
INSERT INTO track (artist_credit, edits_pending, gid, id, last_updated, length, medium, name, number, position, recording) VALUES (242, 0, '7890317d-b34a-3f64-aaa9-1e4e8c33a61c', '121', '2011-01-18 15:56:00.408782+00', 319960, 8312, 'Music: Response', '1', 1, 2726271);
INSERT INTO track (artist_credit, edits_pending, gid, id, last_updated, length, medium, name, number, position, recording) VALUES (242, 0, '1e8e5ef9-c2cb-3165-a8f3-bd898e422483', '124', '2011-01-18 15:56:00.408782+00', 186640, 8312, 'Orange Wedge', '4', 4, 2726274);
INSERT INTO track (artist_credit, edits_pending, gid, id, last_updated, length, medium, name, number, position, recording) VALUES (242, 0, 'e16a8e65-554d-34d0-bc67-4f382895f80e', '130', '2011-01-18 15:56:00.408782+00', 270040, 8312, 'Racing the Tide', '10', 10, 15296);
INSERT INTO track (artist_credit, edits_pending, gid, id, last_updated, length, medium, name, number, position, recording) VALUES (242, 0, 'b107859d-d32f-3038-87cc-99353b99dace', '126', '2011-01-18 15:56:00.408782+00', 518906, 8312, 'The Sunshine Underground', '6', 6, 2726276);
INSERT INTO track (artist_credit, edits_pending, gid, id, last_updated, length, medium, name, number, position, recording) VALUES (242, 0, 'c2f1abc3-13e0-37e4-8492-162f787865de', '131', '2011-01-18 15:56:00.408782+00', 406533, 8312, 'Dream On', '11', 11, 2726281);
INSERT INTO track (artist_credit, edits_pending, gid, id, last_updated, length, medium, name, number, position, recording) VALUES (242, 0, '09d638e1-04c5-3809-8005-406cc30645e3', '125', '2011-01-18 15:56:00.408782+00', 236360, 8312, 'Let Forever Be', '5', 5, 2726275);
INSERT INTO track (artist_credit, edits_pending, gid, id, last_updated, length, medium, name, number, position, recording) VALUES (242, 0, '5f761d2b-6de7-3ce9-99e2-543451197ef8', '122', '2011-01-18 15:56:00.408782+00', 256040, 8312, 'Under the Influence', '2', 2, 2726272);
INSERT INTO track (artist_credit, edits_pending, gid, id, last_updated, length, medium, name, number, position, recording) VALUES (242, 0, 'fdff1d7e-8903-3b2f-8986-f8a3276fb954', '128', '2011-01-18 15:56:00.408782+00', 326440, 8312, 'Got Glint?', '8', 8, 2726278);
INSERT INTO track (artist_credit, edits_pending, gid, id, last_updated, length, medium, name, number, position, recording) VALUES (242, 0, 'cabc36f1-44b8-3c84-a384-0f9ec159dc60', '137', '2011-01-18 15:56:00.408782+00', 320146, 19969, 'Music: Response', '1', 1, 2726271);
INSERT INTO track (artist_credit, edits_pending, gid, id, last_updated, length, medium, name, number, position, recording) VALUES (242, 0, 'ca629f30-9a52-39c5-ada7-f000d63a7c7d', '143', '2011-01-18 15:56:00.408782+00', 256253, 19969, 'Under the Influence', '2', 2, 2726272);
INSERT INTO track (artist_credit, edits_pending, gid, id, last_updated, length, medium, name, number, position, recording) VALUES (242, 0, '1de0d658-5cad-3a93-8c4b-cd402d356935', '149', '2011-01-18 15:56:00.408782+00', 439546, 19969, 'Out of Control', '3', 3, 1353886);
INSERT INTO track (artist_credit, edits_pending, gid, id, last_updated, length, medium, name, number, position, recording) VALUES (242, 0, 'c2ba4dc4-7171-3f16-bb3c-d078bc3c8543', '155', '2011-01-18 15:56:00.408782+00', 186826, 19969, 'Orange Wedge', '4', 4, 2726274);
INSERT INTO track (artist_credit, edits_pending, gid, id, last_updated, length, medium, name, number, position, recording) VALUES (242, 0, '5484c5aa-83da-37c5-a705-fe2e1cd2398c', '161', '2011-01-18 15:56:00.408782+00', 235360, 19969, 'Let Forever Be', '5', 5, 2726275);
INSERT INTO track (artist_credit, edits_pending, gid, id, last_updated, length, medium, name, number, position, recording) VALUES (242, 0, 'e4ebff5d-ce66-3360-b0b6-c22dda7ed001', '167', '2011-01-18 15:56:00.408782+00', 518906, 19969, 'The Sunshine Underground', '6', 6, 2726276);
INSERT INTO track (artist_credit, edits_pending, gid, id, last_updated, length, medium, name, number, position, recording) VALUES (242, 0, 'eeefd589-1eba-3159-96fb-04ecb89bc148', '173', '2011-01-18 15:56:00.408782+00', 287386, 19969, 'Asleep From Day', '7', 7, 2726277);
INSERT INTO track (artist_credit, edits_pending, gid, id, last_updated, length, medium, name, number, position, recording) VALUES (242, 0, '7d2cc2e8-26b1-30f7-a846-8dea130c4a95', '179', '2011-01-18 15:56:00.408782+00', 326906, 19969, 'Got Glint?', '8', 8, 2726278);
INSERT INTO track (artist_credit, edits_pending, gid, id, last_updated, length, medium, name, number, position, recording) VALUES (242, 0, 'ab2f62e9-75d0-3b30-b0d4-0c6146d6e9bf', '185', '2011-01-18 15:56:00.408782+00', 289946, 19969, 'Hey Boy Hey Girl', '9', 9, 1062699);
INSERT INTO track (artist_credit, edits_pending, gid, id, last_updated, length, medium, name, number, position, recording) VALUES (242, 0, '7a3a0f15-df95-3f66-9858-93df8074c4cf', '191', '2011-01-18 15:56:00.408782+00', 269360, 19969, 'Surrender', '10', 10, 2726280);
INSERT INTO track (artist_credit, edits_pending, gid, id, last_updated, length, medium, name, number, position, recording) VALUES (242, 0, '9d86c134-4aa5-3674-b94c-1c5b6eac0b57', '197', '2011-01-18 15:56:00.408782+00', 405760, 19969, 'Dream On', '11', 11, 2726281);
INSERT INTO track (artist_credit, edits_pending, gid, id, last_updated, length, medium, name, number, position, recording) VALUES (242, 0, '6ac5437e-43ca-317d-9cc2-95c7502c4e4f', '136', '2011-01-18 15:56:00.408782+00', 320146, 31689, 'Music: Response', '1', 1, 2726271);
INSERT INTO track (artist_credit, edits_pending, gid, id, last_updated, length, medium, name, number, position, recording) VALUES (242, 0, '9187620a-0d52-3745-a450-f390aefbb9cd', '142', '2011-01-18 15:56:00.408782+00', 256253, 31689, 'Under the Influence', '2', 2, 2726272);
INSERT INTO track (artist_credit, edits_pending, gid, id, last_updated, length, medium, name, number, position, recording) VALUES (242, 0, '1ae874f9-41a9-37e2-9600-acf9232f1fcb', '148', '2011-01-18 15:56:00.408782+00', 439546, 31689, 'Out of Control', '3', 3, 1353886);
INSERT INTO track (artist_credit, edits_pending, gid, id, last_updated, length, medium, name, number, position, recording) VALUES (242, 0, '130917bc-085c-3123-9120-11c53fadc5ed', '154', '2011-01-18 15:56:00.408782+00', 186826, 31689, 'Orange Wedge', '4', 4, 2726274);
INSERT INTO track (artist_credit, edits_pending, gid, id, last_updated, length, medium, name, number, position, recording) VALUES (242, 0, '87cf2992-ce3e-322f-85de-bb272bec6de6', '160', '2011-01-18 15:56:00.408782+00', 235360, 31689, 'Let Forever Be', '5', 5, 2726275);
INSERT INTO track (artist_credit, edits_pending, gid, id, last_updated, length, medium, name, number, position, recording) VALUES (242, 0, '49318032-eb75-3d16-9448-63662ad44ff2', '166', '2011-01-18 15:56:00.408782+00', 518906, 31689, 'The Sunshine Underground', '6', 6, 2726276);
INSERT INTO track (artist_credit, edits_pending, gid, id, last_updated, length, medium, name, number, position, recording) VALUES (242, 0, 'c19c6197-1744-39d8-abcb-f4e1c6d7ceff', '172', '2011-01-18 15:56:00.408782+00', 287386, 31689, 'Asleep From Day', '7', 7, 2726277);
INSERT INTO track (artist_credit, edits_pending, gid, id, last_updated, length, medium, name, number, position, recording) VALUES (242, 0, 'e86f9042-b45c-3687-b088-ce1acd3679bc', '178', '2011-01-18 15:56:00.408782+00', 326906, 31689, 'Got Glint?', '8', 8, 2726278);
INSERT INTO track (artist_credit, edits_pending, gid, id, last_updated, length, medium, name, number, position, recording) VALUES (242, 0, '84b32f22-3628-36c1-b322-0df30a4a7af9', '184', '2011-01-18 15:56:00.408782+00', 289946, 31689, 'Hey Boy Hey Girl', '9', 9, 1062699);
INSERT INTO track (artist_credit, edits_pending, gid, id, last_updated, length, medium, name, number, position, recording) VALUES (242, 0, '6f53057e-f644-3c4a-9a62-d6d2cf9d9106', '190', '2011-01-18 15:56:00.408782+00', 269360, 31689, 'Surrender', '10', 10, 2726280);
INSERT INTO track (artist_credit, edits_pending, gid, id, last_updated, length, medium, name, number, position, recording) VALUES (242, 0, '200dd597-f1d2-32ee-8f2f-d75afb33370d', '196', '2011-01-18 15:56:00.408782+00', 405760, 31689, 'Dream On', '11', 11, 2726281);
INSERT INTO track (artist_credit, edits_pending, gid, id, last_updated, length, medium, name, number, position, recording) VALUES (242, 0, '17c8ef25-d633-366d-b50b-1c3332eaf1b2', '135', '2011-01-18 15:56:00.408782+00', 320146, 31690, 'Music: Response', '1', 1, 2726271);
INSERT INTO track (artist_credit, edits_pending, gid, id, last_updated, length, medium, name, number, position, recording) VALUES (242, 0, 'eeaac0db-3f32-3da9-b851-3389d7917cf4', '141', '2011-01-18 15:56:00.408782+00', 256253, 31690, 'Under the Influence', '2', 2, 2726272);
INSERT INTO track (artist_credit, edits_pending, gid, id, last_updated, length, medium, name, number, position, recording) VALUES (242, 0, '1364ccbd-019c-39db-8694-b4ecbef60d4e', '147', '2011-01-18 15:56:00.408782+00', 439546, 31690, 'Out of Control', '3', 3, 1353886);
INSERT INTO track (artist_credit, edits_pending, gid, id, last_updated, length, medium, name, number, position, recording) VALUES (242, 0, 'dd4cc74d-182f-3b7c-9e11-8aad60e89440', '153', '2011-01-18 15:56:00.408782+00', 186826, 31690, 'Orange Wedge', '4', 4, 2726274);
INSERT INTO track (artist_credit, edits_pending, gid, id, last_updated, length, medium, name, number, position, recording) VALUES (242, 0, 'a72ebf86-4c36-3e3c-9471-903415bdf3ba', '159', '2011-01-18 15:56:00.408782+00', 235360, 31690, 'Let Forever Be', '5', 5, 2726275);
INSERT INTO track (artist_credit, edits_pending, gid, id, last_updated, length, medium, name, number, position, recording) VALUES (242, 0, 'f5b35850-9a5d-3d6a-bf37-83d1febe8dec', '165', '2011-01-18 15:56:00.408782+00', 518906, 31690, 'The Sunshine Underground', '6', 6, 2726276);
INSERT INTO track (artist_credit, edits_pending, gid, id, last_updated, length, medium, name, number, position, recording) VALUES (242, 0, '9bb30543-392e-3471-84fb-98ac37d917b5', '171', '2011-01-18 15:56:00.408782+00', 287386, 31690, 'Asleep From Day', '7', 7, 2726277);
INSERT INTO track (artist_credit, edits_pending, gid, id, last_updated, length, medium, name, number, position, recording) VALUES (242, 0, '0ab555a7-889a-309d-832d-9c379dd6029d', '177', '2011-01-18 15:56:00.408782+00', 326906, 31690, 'Got Glint?', '8', 8, 2726278);
INSERT INTO track (artist_credit, edits_pending, gid, id, last_updated, length, medium, name, number, position, recording) VALUES (242, 0, 'a30c7cbd-793f-35eb-a85d-a681fd9d91f1', '183', '2011-01-18 15:56:00.408782+00', 289946, 31690, 'Hey Boy Hey Girl', '9', 9, 1062699);
INSERT INTO track (artist_credit, edits_pending, gid, id, last_updated, length, medium, name, number, position, recording) VALUES (242, 0, '600c137c-b62f-3e56-9e0b-aad1d45b1958', '189', '2011-01-18 15:56:00.408782+00', 269360, 31690, 'Surrender', '10', 10, 2726280);
INSERT INTO track (artist_credit, edits_pending, gid, id, last_updated, length, medium, name, number, position, recording) VALUES (242, 0, 'f6f13e8d-2a28-3c54-baa4-d50893bed6a8', '195', '2011-01-18 15:56:00.408782+00', 405760, 31690, 'Dream On', '11', 11, 2726281);
INSERT INTO track (artist_credit, edits_pending, gid, id, last_updated, length, medium, name, number, position, recording) VALUES (242, 0, '05fdfafe-5071-3588-818d-025d4117d784', '134', '2011-01-18 15:56:00.408782+00', 320146, 278075, 'Music: Response', '1', 1, 2726271);
INSERT INTO track (artist_credit, edits_pending, gid, id, last_updated, length, medium, name, number, position, recording) VALUES (242, 0, '85e0fc8e-d4b3-3dc5-8146-0437a064ced2', '140', '2011-01-18 15:56:00.408782+00', 256253, 278075, 'Under the Influence', '2', 2, 2726272);
INSERT INTO track (artist_credit, edits_pending, gid, id, last_updated, length, medium, name, number, position, recording) VALUES (242, 0, '60ee87a0-3a9d-3939-82fb-3b028d5152b5', '146', '2011-01-18 15:56:00.408782+00', 439546, 278075, 'Out of Control', '3', 3, 1353886);
INSERT INTO track (artist_credit, edits_pending, gid, id, last_updated, length, medium, name, number, position, recording) VALUES (242, 0, 'faf931aa-3267-36b0-8c42-13ce057e18a3', '152', '2011-01-18 15:56:00.408782+00', 186826, 278075, 'Orange Wedge', '4', 4, 2726274);
INSERT INTO track (artist_credit, edits_pending, gid, id, last_updated, length, medium, name, number, position, recording) VALUES (242, 0, 'a844da2d-8abd-328e-8305-6743fa9cd2d8', '158', '2011-01-18 15:56:00.408782+00', 235360, 278075, 'Let Forever Be', '5', 5, 2726275);
INSERT INTO track (artist_credit, edits_pending, gid, id, last_updated, length, medium, name, number, position, recording) VALUES (242, 0, '09790e40-35e1-3dc4-a49c-8deca038d019', '164', '2011-01-18 15:56:00.408782+00', 518906, 278075, 'The Sunshine Underground', '6', 6, 2726276);
INSERT INTO track (artist_credit, edits_pending, gid, id, last_updated, length, medium, name, number, position, recording) VALUES (242, 0, 'b52e153b-8c58-380b-81bc-11f72a037606', '170', '2011-01-18 15:56:00.408782+00', 287386, 278075, 'Asleep From Day', '7', 7, 2726277);
INSERT INTO track (artist_credit, edits_pending, gid, id, last_updated, length, medium, name, number, position, recording) VALUES (242, 0, 'cb2629bb-db37-3cac-8e29-b750d906992b', '176', '2011-01-18 15:56:00.408782+00', 326906, 278075, 'Got Glint?', '8', 8, 2726278);
INSERT INTO track (artist_credit, edits_pending, gid, id, last_updated, length, medium, name, number, position, recording) VALUES (242, 0, '61bf8a24-27b8-30d6-90bd-f504617167cc', '182', '2011-01-18 15:56:00.408782+00', 289946, 278075, 'Hey Boy Hey Girl', '9', 9, 1062699);
INSERT INTO track (artist_credit, edits_pending, gid, id, last_updated, length, medium, name, number, position, recording) VALUES (242, 0, '2055086b-d6c6-32a4-9844-83243d16631f', '188', '2011-01-18 15:56:00.408782+00', 269360, 278075, 'Surrender', '10', 10, 2726280);
INSERT INTO track (artist_credit, edits_pending, gid, id, last_updated, length, medium, name, number, position, recording) VALUES (242, 0, '9cf3f04c-4378-3368-b066-375768b4b578', '194', '2011-01-18 15:56:00.408782+00', 405760, 278075, 'Dream On', '11', 11, 2726281);
INSERT INTO track (artist_credit, edits_pending, gid, id, last_updated, length, medium, name, number, position, recording) VALUES (242, 0, 'd78b0d35-d566-3293-a00f-3874586a1640', '133', '2011-01-18 15:56:00.408782+00', 320146, 338506, 'Music: Response', '1', 1, 2726271);
INSERT INTO track (artist_credit, edits_pending, gid, id, last_updated, length, medium, name, number, position, recording) VALUES (242, 0, '16c475bf-723d-326e-b0fc-cd8bd7199532', '139', '2011-01-18 15:56:00.408782+00', 256253, 338506, 'Under the Influence', '2', 2, 2726272);
INSERT INTO track (artist_credit, edits_pending, gid, id, last_updated, length, medium, name, number, position, recording) VALUES (242, 0, '88a74fe1-6820-3d86-8b65-e4296b6a31d9', '145', '2011-01-18 15:56:00.408782+00', 439546, 338506, 'Out of Control', '3', 3, 1353886);
INSERT INTO track (artist_credit, edits_pending, gid, id, last_updated, length, medium, name, number, position, recording) VALUES (242, 0, 'fca6070a-54f1-357f-8251-c4421f6d7792', '151', '2011-01-18 15:56:00.408782+00', 186826, 338506, 'Orange Wedge', '4', 4, 2726274);
INSERT INTO track (artist_credit, edits_pending, gid, id, last_updated, length, medium, name, number, position, recording) VALUES (242, 0, '239c0c5b-fe1b-32c3-a68c-aed3f34325e6', '157', '2011-01-18 15:56:00.408782+00', 235360, 338506, 'Let Forever Be', '5', 5, 2726275);
INSERT INTO track (artist_credit, edits_pending, gid, id, last_updated, length, medium, name, number, position, recording) VALUES (242, 0, '0b5250c3-1ee1-3bc1-91ad-9e8f5fa3ad99', '163', '2011-01-18 15:56:00.408782+00', 518906, 338506, 'The Sunshine Underground', '6', 6, 2726276);
INSERT INTO track (artist_credit, edits_pending, gid, id, last_updated, length, medium, name, number, position, recording) VALUES (242, 0, '8c3c0249-416d-3df9-bf3b-ae0af8c40702', '169', '2011-01-18 15:56:00.408782+00', 287386, 338506, 'Asleep From Day', '7', 7, 2726277);
INSERT INTO track (artist_credit, edits_pending, gid, id, last_updated, length, medium, name, number, position, recording) VALUES (242, 0, 'b78329ae-1540-3ffd-9d82-cb1b45aae1a3', '175', '2011-01-18 15:56:00.408782+00', 326906, 338506, 'Got Glint?', '8', 8, 2726278);
INSERT INTO track (artist_credit, edits_pending, gid, id, last_updated, length, medium, name, number, position, recording) VALUES (242, 0, '2da74354-272c-36a1-8007-3ec303ceeb31', '181', '2011-01-18 15:56:00.408782+00', 289946, 338506, 'Hey Boy Hey Girl', '9', 9, 1062699);
INSERT INTO track (artist_credit, edits_pending, gid, id, last_updated, length, medium, name, number, position, recording) VALUES (242, 0, '26a9a0df-0616-39e2-bd9e-124a00d180f6', '187', '2011-01-18 15:56:00.408782+00', 269360, 338506, 'Surrender', '10', 10, 2726280);
INSERT INTO track (artist_credit, edits_pending, gid, id, last_updated, length, medium, name, number, position, recording) VALUES (242, 0, 'bc0eff1d-454d-3e71-b19a-4f8c9d5fbd39', '193', '2011-01-18 15:56:00.408782+00', 405760, 338506, 'Dream On', '11', 11, 2726281);
INSERT INTO track (artist_credit, edits_pending, gid, id, last_updated, length, medium, name, number, position, recording) VALUES (242, 0, '0ea76ec4-84d2-31f8-b25f-ef84e3981ab3', '198', '2011-01-18 15:56:00.408782+00', 364560, 73608, 'Hey Boy Hey Girl (extended version)', '1', 1, 4844120);
INSERT INTO track (artist_credit, edits_pending, gid, id, last_updated, length, medium, name, number, position, recording) VALUES (242, 0, '77c9d005-aaec-3c56-a514-a4fb98881b55', '199', '2011-01-18 15:56:00.408782+00', 318946, 73608, 'Flashback', '2', 2, 4844121);
INSERT INTO track (artist_credit, edits_pending, gid, id, last_updated, length, medium, name, number, position, recording) VALUES (242, 0, '19ff2766-3840-3673-9565-3534686aa457', '200', '2011-01-18 15:56:00.408782+00', 249493, 73608, 'Power Move', '3', 3, 4844122);
INSERT INTO track (artist_credit, edits_pending, gid, id, last_updated, length, medium, name, number, position, recording) VALUES (242, 0, 'dce5de51-6c0a-3b99-b222-2a6d0052803f', '201', '2011-01-18 15:56:00.408782+00', 439000, 73608, 'Out of Control (Sasha remix)', '4', 4, 4844123);
INSERT INTO track (artist_credit, edits_pending, gid, id, last_updated, length, medium, name, number, position, recording) VALUES (242, 0, '63b4576b-5938-3fe9-bb0b-5bbc72f0dda2', '202', '2011-01-18 15:56:00.408782+00', 319000, 400930, 'Music: Response', '1', 1, 8106513);
INSERT INTO track (artist_credit, edits_pending, gid, id, last_updated, length, medium, name, number, position, recording) VALUES (242, 0, '581d6a0c-389c-3c71-9110-98be6e1036d1', '203', '2011-01-18 15:56:00.408782+00', 256000, 400930, 'Under the Influence', '2', 2, 8106514);
INSERT INTO track (artist_credit, edits_pending, gid, id, last_updated, length, medium, name, number, position, recording) VALUES (242, 0, '6f988237-a9bb-3aa0-a400-a8f366e0c833', '204', '2011-01-18 15:56:00.408782+00', 439000, 400930, 'Out of Control', '3', 3, 8106515);
INSERT INTO track (artist_credit, edits_pending, gid, id, last_updated, length, medium, name, number, position, recording) VALUES (242, 0, 'ef1bc128-97a7-3151-b4e5-8f7e99a649eb', '205', '2011-01-18 15:56:00.408782+00', 186000, 400930, 'Orange Wedge', '4', 4, 8106516);
INSERT INTO track (artist_credit, edits_pending, gid, id, last_updated, length, medium, name, number, position, recording) VALUES (242, 0, '863d5969-0d9e-300d-b2e2-2486e0bd199a', '206', '2011-01-18 15:56:00.408782+00', 236000, 400930, 'Let Forever Be', '5', 5, 8106517);
INSERT INTO track (artist_credit, edits_pending, gid, id, last_updated, length, medium, name, number, position, recording) VALUES (242, 0, '1dbaa07d-6477-3a05-afe9-19004cb41e66', '207', '2011-01-18 15:56:00.408782+00', 518000, 400929, 'The Sunshine Underground', '1', 1, 8106507);
INSERT INTO track (artist_credit, edits_pending, gid, id, last_updated, length, medium, name, number, position, recording) VALUES (242, 0, 'aabb776b-2383-3cce-8231-984c98b25bb8', '208', '2011-01-18 15:56:00.408782+00', 287000, 400929, 'Asleep From Day', '2', 2, 8106508);
INSERT INTO track (artist_credit, edits_pending, gid, id, last_updated, length, medium, name, number, position, recording) VALUES (242, 0, 'b064fb0c-a547-3227-b2f3-464de430d9ac', '209', '2011-01-18 15:56:00.408782+00', 326000, 400929, 'Got Glint?', '3', 3, 8106509);
INSERT INTO track (artist_credit, edits_pending, gid, id, last_updated, length, medium, name, number, position, recording) VALUES (242, 0, '5463d2f4-0cfb-35d5-bd14-945b5c2f32cd', '210', '2011-01-18 15:56:00.408782+00', 290000, 400929, 'Hey Boy Hey Girl', '4', 4, 8106510);
INSERT INTO track (artist_credit, edits_pending, gid, id, last_updated, length, medium, name, number, position, recording) VALUES (242, 0, '36f45036-3e4c-35bb-9060-7e109dd35d78', '211', '2011-01-18 15:56:00.408782+00', 270000, 400929, 'Surrender', '5', 5, 8106511);
INSERT INTO track (artist_credit, edits_pending, gid, id, last_updated, length, medium, name, number, position, recording) VALUES (242, 0, '5f4a28cc-63a0-3e33-8b25-44cbae10fca4', '212', '2011-01-18 15:56:00.408782+00', 406000, 400929, 'Dream On', '6', 6, 8106512);
INSERT INTO track (artist_credit, edits_pending, gid, id, last_updated, length, medium, name, number, position, recording) VALUES (242, 0, '908c21bf-cb31-3725-ae5a-a34c7b4425c8', '213', '2011-01-18 15:56:00.408782+00', 102000, 741970, 'Out of Control', '1', 1, 11484260);
INSERT INTO track (artist_credit, edits_pending, gid, id, last_updated, length, medium, name, number, position, recording) VALUES (242, 0, '672694cb-5600-3cd5-8a85-075f8d6d5b76', '214', '2011-01-18 15:56:00.408782+00', 99000, 741970, 'Let Forever Be', '2', 2, 11484261);
INSERT INTO track (artist_credit, edits_pending, gid, id, last_updated, length, medium, name, number, position, recording) VALUES (242, 0, '16095f7b-37dc-3dd5-be15-8cf911d868d8', '215', '2011-01-18 15:56:00.408782+00', 82000, 741970, 'The Sunshine Underground', '3', 3, 11484262);
INSERT INTO track (artist_credit, edits_pending, gid, id, last_updated, length, medium, name, number, position, recording) VALUES (242, 0, '76a0ba62-4787-3dc3-99e9-ffa686815c56', '216', '2011-01-18 15:56:00.408782+00', 91000, 741970, 'Asleep From Day', '4', 4, 11484263);
INSERT INTO track (artist_credit, edits_pending, gid, id, last_updated, length, medium, name, number, position, recording) VALUES (242, 0, '899067f5-8e1a-3e87-88af-08a392b0520e', '217', '2011-01-18 15:56:00.408782+00', 83000, 741970, 'Hey Boy, Hey Girl', '5', 5, 11484264);
INSERT INTO track (artist_credit, edits_pending, gid, id, last_updated, length, medium, name, number, position, recording) VALUES (242, 0, '7555667b-d4aa-33ed-9dec-02d0aa453531', '218', '2011-01-18 15:56:00.408782+00', 91000, 741970, 'Got Glint?', '6', 6, 11484265);
INSERT INTO track (artist_credit, edits_pending, gid, id, last_updated, length, medium, name, number, position, recording) VALUES (242, 0, 'c8525ac8-0fca-335a-9107-d68a11432b2a', '132', '2011-01-18 15:56:00.408782+00', 320146, 748905, 'Music: Response', '1', 1, 2726271);
INSERT INTO track (artist_credit, edits_pending, gid, id, last_updated, length, medium, name, number, position, recording) VALUES (242, 0, '5860ba7a-07d1-3666-9220-8fa150faaea1', '138', '2011-01-18 15:56:00.408782+00', 256253, 748905, 'Under the Influence', '2', 2, 2726272);
INSERT INTO track (artist_credit, edits_pending, gid, id, last_updated, length, medium, name, number, position, recording) VALUES (242, 0, 'f06c53e6-214f-339a-a99c-60c60fce35fb', '144', '2011-01-18 15:56:00.408782+00', 439546, 748905, 'Out of Control', '3', 3, 1353886);
INSERT INTO track (artist_credit, edits_pending, gid, id, last_updated, length, medium, name, number, position, recording) VALUES (242, 0, 'a50f4001-0be4-394c-8d4a-de297b210503', '150', '2011-01-18 15:56:00.408782+00', 186826, 748905, 'Orange Wedge', '4', 4, 2726274);
INSERT INTO track (artist_credit, edits_pending, gid, id, last_updated, length, medium, name, number, position, recording) VALUES (242, 0, 'f3d74239-3544-33e6-aebe-143583bbcead', '156', '2011-01-18 15:56:00.408782+00', 235360, 748905, 'Let Forever Be', '5', 5, 2726275);
INSERT INTO track (artist_credit, edits_pending, gid, id, last_updated, length, medium, name, number, position, recording) VALUES (242, 0, '34690c03-ed34-32c6-8c57-dfed747190ae', '162', '2011-01-18 15:56:00.408782+00', 518906, 748905, 'The Sunshine Underground', '6', 6, 2726276);
INSERT INTO track (artist_credit, edits_pending, gid, id, last_updated, length, medium, name, number, position, recording) VALUES (242, 0, '2b1acd58-64e5-3758-923f-ba75b09354e9', '168', '2011-01-18 15:56:00.408782+00', 287386, 748905, 'Asleep From Day', '7', 7, 2726277);
INSERT INTO track (artist_credit, edits_pending, gid, id, last_updated, length, medium, name, number, position, recording) VALUES (242, 0, '278f062e-9aa6-38de-96ac-456b882c14dc', '174', '2011-01-18 15:56:00.408782+00', 326906, 748905, 'Got Glint?', '8', 8, 2726278);
INSERT INTO track (artist_credit, edits_pending, gid, id, last_updated, length, medium, name, number, position, recording) VALUES (242, 0, '7f4611dd-e291-3e05-acbb-52b5d272d011', '180', '2011-01-18 15:56:00.408782+00', 289946, 748905, 'Hey Boy Hey Girl', '9', 9, 1062699);
INSERT INTO track (artist_credit, edits_pending, gid, id, last_updated, length, medium, name, number, position, recording) VALUES (242, 0, '28dab397-8fb8-3b32-a535-2f009d9d4d3e', '186', '2011-01-18 15:56:00.408782+00', 269360, 748905, 'Surrender', '10', 10, 2726280);
INSERT INTO track (artist_credit, edits_pending, gid, id, last_updated, length, medium, name, number, position, recording) VALUES (242, 0, '0ed421be-606f-3fec-b761-21a5d63b34e4', '192', '2011-01-18 15:56:00.408782+00', 405760, 748905, 'Dream On', '11', 11, 2726281);
INSERT INTO track (artist_credit, edits_pending, gid, id, last_updated, length, medium, name, number, position, recording) VALUES (301255, 0, '555283ae-7537-39d8-9949-1e63f564a6ff', '220', '2011-01-18 15:56:00.408782+00', 248173, 442242, 'Make It Hot (radio version)', '1', 1, 1462891);
INSERT INTO track (artist_credit, edits_pending, gid, id, last_updated, length, medium, name, number, position, recording) VALUES (301255, 0, 'b80b3a0f-d8b2-359b-b97c-9a9f429e504d', '222', '2011-01-18 15:56:00.408782+00', 270000, 442242, 'Make It Hot (LP version)', '2', 2, 1462892);
INSERT INTO track (artist_credit, edits_pending, gid, id, last_updated, length, medium, name, number, position, recording) VALUES (301255, 0, 'af36e684-cef9-3599-865b-cd5b6c4d433f', '224', '2011-01-18 15:56:00.408782+00', 267400, 442242, 'Make It Hot (instrumental)', '3', 3, 1462893);
INSERT INTO track (artist_credit, edits_pending, gid, id, last_updated, length, medium, name, number, position, recording) VALUES (301255, 0, '497ef22b-c3aa-325f-9b4b-6a155f883668', '219', '2011-01-18 15:56:00.408782+00', 248173, 748906, 'Make It Hot (radio version)', '1', 1, 1462891);
INSERT INTO track (artist_credit, edits_pending, gid, id, last_updated, length, medium, name, number, position, recording) VALUES (301255, 0, '1e84a834-530b-3076-b8b7-82d8d566ddd9', '221', '2011-01-18 15:56:00.408782+00', 270000, 748906, 'Make It Hot (LP version)', '2', 2, 1462892);
INSERT INTO track (artist_credit, edits_pending, gid, id, last_updated, length, medium, name, number, position, recording) VALUES (301255, 0, 'cb91e456-7397-3f25-a28d-7c5895664462', '223', '2011-01-18 15:56:00.408782+00', 267400, 748906, 'Make It Hot (instrumental)', '3', 3, 1462893);
INSERT INTO track (artist_credit, edits_pending, gid, id, last_updated, length, medium, name, number, position, recording) VALUES (388, 0, 'a3f54f8a-a596-393d-88f1-34b6d1f5c9bd', '234', '2011-01-18 15:56:00.408782+00', 330160, 12998, 'The Song Remains the Same', '1', 1, 160074);
INSERT INTO track (artist_credit, edits_pending, gid, id, last_updated, length, medium, name, number, position, recording) VALUES (388, 0, 'c16fb791-5229-3652-961d-4208a11664cd', '244', '2011-01-18 15:56:00.408782+00', 459266, 12998, 'The Rain Song', '2', 2, 162921);
INSERT INTO track (artist_credit, edits_pending, gid, id, last_updated, length, medium, name, number, position, recording) VALUES (388, 0, '7ddbbaa3-dc43-3ebb-8f89-a127d6866f64', '254', '2011-01-18 15:56:00.408782+00', 290000, 12998, 'Over the Hills and Far Away', '3', 3, 162922);
INSERT INTO track (artist_credit, edits_pending, gid, id, last_updated, length, medium, name, number, position, recording) VALUES (388, 0, '5013802f-8ab1-3063-a19a-aeb872fd0baf', '264', '2011-01-18 15:56:00.408782+00', 197266, 12998, 'The Crunge', '4', 4, 162923);
INSERT INTO track (artist_credit, edits_pending, gid, id, last_updated, length, medium, name, number, position, recording) VALUES (388, 0, '73b911bb-7065-3de9-b80b-1ecab6dc7147', '274', '2011-01-18 15:56:00.408782+00', 223173, 12998, 'Dancing Days', '5', 5, 162924);
INSERT INTO track (artist_credit, edits_pending, gid, id, last_updated, length, medium, name, number, position, recording) VALUES (388, 0, 'cde4d990-f424-3614-a32c-74fdde01f165', '284', '2011-01-18 15:56:00.408782+00', 262626, 12998, 'D''yer Mak''er', '6', 6, 162925);
INSERT INTO track (artist_credit, edits_pending, gid, id, last_updated, length, medium, name, number, position, recording) VALUES (388, 0, 'd7146ac4-af6f-3738-88d2-da4130bf556a', '294', '2011-01-18 15:56:00.408782+00', 420573, 12998, 'No Quarter', '7', 7, 162926);
INSERT INTO track (artist_credit, edits_pending, gid, id, last_updated, length, medium, name, number, position, recording) VALUES (388, 0, '2231086d-b4ce-3f9a-b8e5-8c05946dba09', '304', '2011-01-18 15:56:00.408782+00', 271066, 12998, 'The Ocean', '8', 8, 162927);
INSERT INTO track (artist_credit, edits_pending, gid, id, last_updated, length, medium, name, number, position, recording) VALUES (388, 0, '8f47120a-0fa9-35d2-b953-d2d857db7862', '233', '2011-01-18 15:56:00.408782+00', 330160, 278984, 'The Song Remains the Same', '1', 1, 160074);
INSERT INTO track (artist_credit, edits_pending, gid, id, last_updated, length, medium, name, number, position, recording) VALUES (388, 0, '62f939ac-1b30-3263-adfb-60fdb4d862e5', '243', '2011-01-18 15:56:00.408782+00', 459266, 278984, 'The Rain Song', '2', 2, 162921);
INSERT INTO track (artist_credit, edits_pending, gid, id, last_updated, length, medium, name, number, position, recording) VALUES (388, 0, '1cc1f778-3a86-3209-a643-7bd86b05cd2f', '253', '2011-01-18 15:56:00.408782+00', 290000, 278984, 'Over the Hills and Far Away', '3', 3, 162922);
INSERT INTO track (artist_credit, edits_pending, gid, id, last_updated, length, medium, name, number, position, recording) VALUES (388, 0, 'aa6c9cef-d5fb-3009-b6be-85dd8091f55b', '263', '2011-01-18 15:56:00.408782+00', 197266, 278984, 'The Crunge', '4', 4, 162923);
INSERT INTO track (artist_credit, edits_pending, gid, id, last_updated, length, medium, name, number, position, recording) VALUES (388, 0, '0a26cb34-4fd3-3c64-aee6-7f9ca066e3fa', '273', '2011-01-18 15:56:00.408782+00', 223173, 278984, 'Dancing Days', '5', 5, 162924);
INSERT INTO track (artist_credit, edits_pending, gid, id, last_updated, length, medium, name, number, position, recording) VALUES (388, 0, '33db3b7a-d569-3600-a30a-8217d8c08ede', '283', '2011-01-18 15:56:00.408782+00', 262626, 278984, 'D''yer Mak''er', '6', 6, 162925);
INSERT INTO track (artist_credit, edits_pending, gid, id, last_updated, length, medium, name, number, position, recording) VALUES (388, 0, 'b96ba786-6bc7-3b17-85ca-108180c8227b', '293', '2011-01-18 15:56:00.408782+00', 420573, 278984, 'No Quarter', '7', 7, 162926);
INSERT INTO track (artist_credit, edits_pending, gid, id, last_updated, length, medium, name, number, position, recording) VALUES (388, 0, '94a5ba64-3ef0-3c11-ae72-2d566a8e647c', '303', '2011-01-18 15:56:00.408782+00', 271066, 278984, 'The Ocean', '8', 8, 162927);
INSERT INTO track (artist_credit, edits_pending, gid, id, last_updated, length, medium, name, number, position, recording) VALUES (388, 0, 'a41e475b-0296-33f9-909e-eef75b7b8175', '232', '2011-01-18 15:56:00.408782+00', 330160, 441328, 'The Song Remains the Same', '1', 1, 160074);
INSERT INTO track (artist_credit, edits_pending, gid, id, last_updated, length, medium, name, number, position, recording) VALUES (388, 0, 'cb42a5dc-0474-3536-b408-530289337406', '242', '2011-01-18 15:56:00.408782+00', 459266, 441328, 'The Rain Song', '2', 2, 162921);
INSERT INTO track (artist_credit, edits_pending, gid, id, last_updated, length, medium, name, number, position, recording) VALUES (388, 0, '3b37a7ad-3421-3ff7-b3a1-8df5a85c63ff', '252', '2011-01-18 15:56:00.408782+00', 290000, 441328, 'Over the Hills and Far Away', '3', 3, 162922);
INSERT INTO track (artist_credit, edits_pending, gid, id, last_updated, length, medium, name, number, position, recording) VALUES (388, 0, '13cfb3b0-4c7c-35da-afac-6949b78d92d3', '262', '2011-01-18 15:56:00.408782+00', 197266, 441328, 'The Crunge', '4', 4, 162923);
INSERT INTO track (artist_credit, edits_pending, gid, id, last_updated, length, medium, name, number, position, recording) VALUES (388, 0, 'a142e2e1-8f64-3621-bea9-6c00f43dc160', '272', '2011-01-18 15:56:00.408782+00', 223173, 441328, 'Dancing Days', '5', 5, 162924);
INSERT INTO track (artist_credit, edits_pending, gid, id, last_updated, length, medium, name, number, position, recording) VALUES (388, 0, '0c52c37b-04a7-36e4-950a-31e6042ffe02', '282', '2011-01-18 15:56:00.408782+00', 262626, 441328, 'D''yer Mak''er', '6', 6, 162925);
INSERT INTO track (artist_credit, edits_pending, gid, id, last_updated, length, medium, name, number, position, recording) VALUES (388, 0, 'a287a92e-9938-3907-a9bb-bf63d77fe9db', '292', '2011-01-18 15:56:00.408782+00', 420573, 441328, 'No Quarter', '7', 7, 162926);
INSERT INTO track (artist_credit, edits_pending, gid, id, last_updated, length, medium, name, number, position, recording) VALUES (388, 0, '807b9c52-3738-3c81-9fb8-660c7b5a098a', '302', '2011-01-18 15:56:00.408782+00', 271066, 441328, 'The Ocean', '8', 8, 162927);
INSERT INTO track (artist_credit, edits_pending, gid, id, last_updated, length, medium, name, number, position, recording) VALUES (388, 0, '3bf0089e-c5ab-3f8d-b03b-06c607b48e9b', '231', '2011-01-18 15:56:00.408782+00', 330160, 479654, 'The Song Remains the Same', '1', 1, 160074);
INSERT INTO track (artist_credit, edits_pending, gid, id, last_updated, length, medium, name, number, position, recording) VALUES (388, 0, '1dae67c1-1f72-374d-ad49-c0b4a0766847', '241', '2011-01-18 15:56:00.408782+00', 459266, 479654, 'The Rain Song', '2', 2, 162921);
INSERT INTO track (artist_credit, edits_pending, gid, id, last_updated, length, medium, name, number, position, recording) VALUES (388, 0, 'a67eb897-e828-3c2d-acb6-e2966d7ee3ee', '251', '2011-01-18 15:56:00.408782+00', 290000, 479654, 'Over the Hills and Far Away', '3', 3, 162922);
INSERT INTO track (artist_credit, edits_pending, gid, id, last_updated, length, medium, name, number, position, recording) VALUES (388, 0, '8746424e-7e70-3bc5-9573-524aef42c2c3', '261', '2011-01-18 15:56:00.408782+00', 197266, 479654, 'The Crunge', '4', 4, 162923);
INSERT INTO track (artist_credit, edits_pending, gid, id, last_updated, length, medium, name, number, position, recording) VALUES (388, 0, '26b61c66-f332-3c5e-a259-5a78a99b31d8', '271', '2011-01-18 15:56:00.408782+00', 223173, 479654, 'Dancing Days', '5', 5, 162924);
INSERT INTO track (artist_credit, edits_pending, gid, id, last_updated, length, medium, name, number, position, recording) VALUES (388, 0, '79564a49-46ec-38af-87d0-2b15c5a93b21', '281', '2011-01-18 15:56:00.408782+00', 262626, 479654, 'D''yer Mak''er', '6', 6, 162925);
INSERT INTO track (artist_credit, edits_pending, gid, id, last_updated, length, medium, name, number, position, recording) VALUES (388, 0, '1b88a8d0-4f29-3c24-bdfd-f74eab746a07', '291', '2011-01-18 15:56:00.408782+00', 420573, 479654, 'No Quarter', '7', 7, 162926);
INSERT INTO track (artist_credit, edits_pending, gid, id, last_updated, length, medium, name, number, position, recording) VALUES (388, 0, 'fad14d4d-277a-3587-b4f0-feea9e79eea5', '301', '2011-01-18 15:56:00.408782+00', 271066, 479654, 'The Ocean', '8', 8, 162927);
INSERT INTO track (artist_credit, edits_pending, gid, id, last_updated, length, medium, name, number, position, recording) VALUES (388, 0, '4e1dcff9-5821-3367-91b6-be83df19a15e', '230', '2011-01-18 15:56:00.408782+00', 330160, 513103, 'The Song Remains the Same', '1', 1, 160074);
INSERT INTO track (artist_credit, edits_pending, gid, id, last_updated, length, medium, name, number, position, recording) VALUES (388, 0, '13b2108e-df19-3e99-b6b2-2e4b1d797b74', '240', '2011-01-18 15:56:00.408782+00', 459266, 513103, 'The Rain Song', '2', 2, 162921);
INSERT INTO track (artist_credit, edits_pending, gid, id, last_updated, length, medium, name, number, position, recording) VALUES (388, 0, 'd8fc390b-fc69-366d-96ab-e56a9e855fa7', '250', '2011-01-18 15:56:00.408782+00', 290000, 513103, 'Over the Hills and Far Away', '3', 3, 162922);
INSERT INTO track (artist_credit, edits_pending, gid, id, last_updated, length, medium, name, number, position, recording) VALUES (388, 0, '2314b78d-4957-3ef1-95ad-1e98cf0c0752', '260', '2011-01-18 15:56:00.408782+00', 197266, 513103, 'The Crunge', '4', 4, 162923);
INSERT INTO track (artist_credit, edits_pending, gid, id, last_updated, length, medium, name, number, position, recording) VALUES (388, 0, '8ada7327-0ef2-3839-9961-5a5ed70f1499', '270', '2011-01-18 15:56:00.408782+00', 223173, 513103, 'Dancing Days', '5', 5, 162924);
INSERT INTO track (artist_credit, edits_pending, gid, id, last_updated, length, medium, name, number, position, recording) VALUES (388, 0, '05c61a62-1791-37db-9335-b41fa4f3caa6', '280', '2011-01-18 15:56:00.408782+00', 262626, 513103, 'D''yer Mak''er', '6', 6, 162925);
INSERT INTO track (artist_credit, edits_pending, gid, id, last_updated, length, medium, name, number, position, recording) VALUES (388, 0, '95c92b58-9d54-3a11-a4ad-16563dfa35f1', '290', '2011-01-18 15:56:00.408782+00', 420573, 513103, 'No Quarter', '7', 7, 162926);
INSERT INTO track (artist_credit, edits_pending, gid, id, last_updated, length, medium, name, number, position, recording) VALUES (388, 0, 'fbfa1b01-8199-3bb2-9ea1-32064b091d46', '300', '2011-01-18 15:56:00.408782+00', 271066, 513103, 'The Ocean', '8', 8, 162927);
INSERT INTO track (artist_credit, edits_pending, gid, id, last_updated, length, medium, name, number, position, recording) VALUES (388, 0, '46d1726f-5d58-31ee-88e4-f6dec92dedee', '229', '2011-01-18 15:56:00.408782+00', 330160, 523041, 'The Song Remains the Same', '1', 1, 160074);
INSERT INTO track (artist_credit, edits_pending, gid, id, last_updated, length, medium, name, number, position, recording) VALUES (388, 0, 'ae7fd789-b3a8-3440-afb8-28d62c3aef00', '239', '2011-01-18 15:56:00.408782+00', 459266, 523041, 'The Rain Song', '2', 2, 162921);
INSERT INTO track (artist_credit, edits_pending, gid, id, last_updated, length, medium, name, number, position, recording) VALUES (388, 0, '5facbd43-ce8e-3453-b053-1913df66b301', '249', '2011-01-18 15:56:00.408782+00', 290000, 523041, 'Over the Hills and Far Away', '3', 3, 162922);
INSERT INTO track (artist_credit, edits_pending, gid, id, last_updated, length, medium, name, number, position, recording) VALUES (388, 0, '8314b0fc-6170-336b-9ce7-fce10681d50a', '259', '2011-01-18 15:56:00.408782+00', 197266, 523041, 'The Crunge', '4', 4, 162923);
INSERT INTO track (artist_credit, edits_pending, gid, id, last_updated, length, medium, name, number, position, recording) VALUES (388, 0, '3a38fc6e-7755-3ffa-b558-f0bc62fddbbd', '269', '2011-01-18 15:56:00.408782+00', 223173, 523041, 'Dancing Days', '5', 5, 162924);
INSERT INTO track (artist_credit, edits_pending, gid, id, last_updated, length, medium, name, number, position, recording) VALUES (388, 0, '9314b118-f911-320c-a327-76d09265e554', '279', '2011-01-18 15:56:00.408782+00', 262626, 523041, 'D''yer Mak''er', '6', 6, 162925);
INSERT INTO track (artist_credit, edits_pending, gid, id, last_updated, length, medium, name, number, position, recording) VALUES (388, 0, '9596b7ad-1bdc-3a86-98b0-ad603700ba40', '289', '2011-01-18 15:56:00.408782+00', 420573, 523041, 'No Quarter', '7', 7, 162926);
INSERT INTO track (artist_credit, edits_pending, gid, id, last_updated, length, medium, name, number, position, recording) VALUES (388, 0, '4c0e7e7d-27af-374c-8d95-9580e751b865', '299', '2011-01-18 15:56:00.408782+00', 271066, 523041, 'The Ocean', '8', 8, 162927);
INSERT INTO track (artist_credit, edits_pending, gid, id, last_updated, length, medium, name, number, position, recording) VALUES (388, 0, 'e33b065d-974e-3099-aa92-8d8e64ae3d89', '228', '2011-01-18 15:56:00.408782+00', 330160, 553372, 'The Song Remains the Same', '1', 1, 160074);
INSERT INTO track (artist_credit, edits_pending, gid, id, last_updated, length, medium, name, number, position, recording) VALUES (388, 0, '810cf1fa-139c-3108-b397-0564549b2160', '238', '2011-01-18 15:56:00.408782+00', 459266, 553372, 'The Rain Song', '2', 2, 162921);
INSERT INTO track (artist_credit, edits_pending, gid, id, last_updated, length, medium, name, number, position, recording) VALUES (388, 0, '631de2e4-270b-352b-919f-1156288aa74e', '248', '2011-01-18 15:56:00.408782+00', 290000, 553372, 'Over the Hills and Far Away', '3', 3, 162922);
INSERT INTO track (artist_credit, edits_pending, gid, id, last_updated, length, medium, name, number, position, recording) VALUES (388, 0, 'f7ee7028-573f-3969-ae8d-64a7b6ebce43', '258', '2011-01-18 15:56:00.408782+00', 197266, 553372, 'The Crunge', '4', 4, 162923);
INSERT INTO track (artist_credit, edits_pending, gid, id, last_updated, length, medium, name, number, position, recording) VALUES (388, 0, '65219589-a5ee-3e7d-920f-694648f9399d', '268', '2011-01-18 15:56:00.408782+00', 223173, 553372, 'Dancing Days', '5', 5, 162924);
INSERT INTO track (artist_credit, edits_pending, gid, id, last_updated, length, medium, name, number, position, recording) VALUES (388, 0, '1ae7ddd4-1c5a-3d86-be1e-ea62b6d5b1ac', '278', '2011-01-18 15:56:00.408782+00', 262626, 553372, 'D''yer Mak''er', '6', 6, 162925);
INSERT INTO track (artist_credit, edits_pending, gid, id, last_updated, length, medium, name, number, position, recording) VALUES (388, 0, '3f6cb37d-8f34-3408-a19f-0b1df8ec3700', '288', '2011-01-18 15:56:00.408782+00', 420573, 553372, 'No Quarter', '7', 7, 162926);
INSERT INTO track (artist_credit, edits_pending, gid, id, last_updated, length, medium, name, number, position, recording) VALUES (388, 0, 'e5991217-1c35-3ee0-a513-cac15f7f39b8', '298', '2011-01-18 15:56:00.408782+00', 271066, 553372, 'The Ocean', '8', 8, 162927);
INSERT INTO track (artist_credit, edits_pending, gid, id, last_updated, length, medium, name, number, position, recording) VALUES (388, 0, '42d3c9e0-3e5c-3ab3-b7e3-ef79035c393c', '227', '2011-01-18 15:56:00.408782+00', 330160, 601118, 'The Song Remains the Same', '1', 1, 160074);
INSERT INTO track (artist_credit, edits_pending, gid, id, last_updated, length, medium, name, number, position, recording) VALUES (388, 0, '2d8f2cf5-be04-354c-b16b-181ef5cfea44', '237', '2011-01-18 15:56:00.408782+00', 459266, 601118, 'The Rain Song', '2', 2, 162921);
INSERT INTO track (artist_credit, edits_pending, gid, id, last_updated, length, medium, name, number, position, recording) VALUES (388, 0, '9a278ac2-1a5a-3269-82fe-95159a8fc902', '247', '2011-01-18 15:56:00.408782+00', 290000, 601118, 'Over the Hills and Far Away', '3', 3, 162922);
INSERT INTO track (artist_credit, edits_pending, gid, id, last_updated, length, medium, name, number, position, recording) VALUES (388, 0, '20e67393-db3a-3db7-8e1b-34a06f2d4741', '257', '2011-01-18 15:56:00.408782+00', 197266, 601118, 'The Crunge', '4', 4, 162923);
INSERT INTO track (artist_credit, edits_pending, gid, id, last_updated, length, medium, name, number, position, recording) VALUES (388, 0, 'ee3ecb21-ea22-38a7-9c74-9341957a0d52', '267', '2011-01-18 15:56:00.408782+00', 223173, 601118, 'Dancing Days', '5', 5, 162924);
INSERT INTO track (artist_credit, edits_pending, gid, id, last_updated, length, medium, name, number, position, recording) VALUES (388, 0, 'eeec0109-7cd7-3518-b1d1-5dbe716c319d', '277', '2011-01-18 15:56:00.408782+00', 262626, 601118, 'D''yer Mak''er', '6', 6, 162925);
INSERT INTO track (artist_credit, edits_pending, gid, id, last_updated, length, medium, name, number, position, recording) VALUES (388, 0, 'e485a899-56d2-3b72-ac2d-3dd9d2b963d5', '287', '2011-01-18 15:56:00.408782+00', 420573, 601118, 'No Quarter', '7', 7, 162926);
INSERT INTO track (artist_credit, edits_pending, gid, id, last_updated, length, medium, name, number, position, recording) VALUES (388, 0, '793b851f-4630-3ab9-9955-1cbb4035d391', '297', '2011-01-18 15:56:00.408782+00', 271066, 601118, 'The Ocean', '8', 8, 162927);
INSERT INTO track (artist_credit, edits_pending, gid, id, last_updated, length, medium, name, number, position, recording) VALUES (388, 0, 'da90738a-72a4-3080-bbd3-6a8c555d024c', '226', '2011-01-18 15:56:00.408782+00', 330160, 630918, 'The Song Remains the Same', '1', 1, 160074);
INSERT INTO track (artist_credit, edits_pending, gid, id, last_updated, length, medium, name, number, position, recording) VALUES (388, 0, 'f6ce3e14-dcd2-34f4-8183-2eb9cec91980', '236', '2011-01-18 15:56:00.408782+00', 459266, 630918, 'The Rain Song', '2', 2, 162921);
INSERT INTO track (artist_credit, edits_pending, gid, id, last_updated, length, medium, name, number, position, recording) VALUES (388, 0, '7c8b49ff-e2b2-3168-92bd-227ec5cd0952', '246', '2011-01-18 15:56:00.408782+00', 290000, 630918, 'Over the Hills and Far Away', '3', 3, 162922);
INSERT INTO track (artist_credit, edits_pending, gid, id, last_updated, length, medium, name, number, position, recording) VALUES (388, 0, 'd1e01b7c-1abf-3daf-8cbf-511f7d144b65', '256', '2011-01-18 15:56:00.408782+00', 197266, 630918, 'The Crunge', '4', 4, 162923);
INSERT INTO track (artist_credit, edits_pending, gid, id, last_updated, length, medium, name, number, position, recording) VALUES (388, 0, 'c8a485ba-7b10-30e5-a9f6-7e4042da232d', '266', '2011-01-18 15:56:00.408782+00', 223173, 630918, 'Dancing Days', '5', 5, 162924);
INSERT INTO track (artist_credit, edits_pending, gid, id, last_updated, length, medium, name, number, position, recording) VALUES (388, 0, '0fa3d26d-8241-3149-a79d-27cbdf6d109a', '276', '2011-01-18 15:56:00.408782+00', 262626, 630918, 'D''yer Mak''er', '6', 6, 162925);
INSERT INTO track (artist_credit, edits_pending, gid, id, last_updated, length, medium, name, number, position, recording) VALUES (388, 0, 'd16c993a-83cf-3207-a354-31f55aca74a1', '286', '2011-01-18 15:56:00.408782+00', 420573, 630918, 'No Quarter', '7', 7, 162926);
INSERT INTO track (artist_credit, edits_pending, gid, id, last_updated, length, medium, name, number, position, recording) VALUES (388, 0, 'c1eb5233-dc2e-3607-b464-3e315d743d17', '296', '2011-01-18 15:56:00.408782+00', 271066, 630918, 'The Ocean', '8', 8, 162927);
INSERT INTO track (artist_credit, edits_pending, gid, id, last_updated, length, medium, name, number, position, recording) VALUES (388, 0, '7c0fa3bf-575f-3246-9da1-e1770adc417a', '225', '2011-01-18 15:56:00.408782+00', 330160, 630919, 'The Song Remains the Same', '1', 1, 160074);
INSERT INTO track (artist_credit, edits_pending, gid, id, last_updated, length, medium, name, number, position, recording) VALUES (388, 0, 'eb2debd0-9a3a-3438-9ccc-5f231350a5b9', '235', '2011-01-18 15:56:00.408782+00', 459266, 630919, 'The Rain Song', '2', 2, 162921);
INSERT INTO track (artist_credit, edits_pending, gid, id, last_updated, length, medium, name, number, position, recording) VALUES (388, 0, '7342b56f-d462-3136-911b-8e6574f40178', '245', '2011-01-18 15:56:00.408782+00', 290000, 630919, 'Over the Hills and Far Away', '3', 3, 162922);
INSERT INTO track (artist_credit, edits_pending, gid, id, last_updated, length, medium, name, number, position, recording) VALUES (388, 0, 'e95e399e-e3a5-34b8-a651-4f18749644e0', '255', '2011-01-18 15:56:00.408782+00', 197266, 630919, 'The Crunge', '4', 4, 162923);
INSERT INTO track (artist_credit, edits_pending, gid, id, last_updated, length, medium, name, number, position, recording) VALUES (388, 0, '6d60b7c9-b6ba-3038-95d3-4856e659733c', '265', '2011-01-18 15:56:00.408782+00', 223173, 630919, 'Dancing Days', '5', 5, 162924);
INSERT INTO track (artist_credit, edits_pending, gid, id, last_updated, length, medium, name, number, position, recording) VALUES (388, 0, 'bfe32bd4-9325-3bfd-9cb5-2a99865762e5', '275', '2011-01-18 15:56:00.408782+00', 262626, 630919, 'D''yer Mak''er', '6', 6, 162925);
INSERT INTO track (artist_credit, edits_pending, gid, id, last_updated, length, medium, name, number, position, recording) VALUES (388, 0, '701fafe8-bed6-3983-ae84-edce3e58977b', '285', '2011-01-18 15:56:00.408782+00', 420573, 630919, 'No Quarter', '7', 7, 162926);
INSERT INTO track (artist_credit, edits_pending, gid, id, last_updated, length, medium, name, number, position, recording) VALUES (388, 0, '559282cb-fe7c-3870-bfdd-4ba4f901f8ad', '295', '2011-01-18 15:56:00.408782+00', 271066, 630919, 'The Ocean', '8', 8, 162927);
INSERT INTO track (artist_credit, edits_pending, gid, id, last_updated, length, medium, name, number, position, recording) VALUES (779, 0, '10ff099a-5322-3cd0-9614-de283efaac68', '306', '2011-01-18 15:56:00.408782+00', 122666, 32094, 'Recipe for Hate', '1', 1, 334848);
INSERT INTO track (artist_credit, edits_pending, gid, id, last_updated, length, medium, name, number, position, recording) VALUES (779, 0, 'd8b040ab-7ce9-3bd2-8607-1b553cced9ae', '308', '2011-01-18 15:56:00.408782+00', 161666, 32094, 'Kerosene', '2', 2, 334849);
INSERT INTO track (artist_credit, edits_pending, gid, id, last_updated, length, medium, name, number, position, recording) VALUES (779, 0, 'e3767e06-0259-34de-a6d8-f4a6f27456e8', '310', '2011-01-18 15:56:00.408782+00', 197400, 32094, 'American Jesus', '3', 3, 334850);
INSERT INTO track (artist_credit, edits_pending, gid, id, last_updated, length, medium, name, number, position, recording) VALUES (779, 0, '9dd962e9-acf8-3f15-9bcd-cf5874aac862', '312', '2011-01-18 15:56:00.408782+00', 164773, 32094, 'Portrait of Authority', '4', 4, 334851);
INSERT INTO track (artist_credit, edits_pending, gid, id, last_updated, length, medium, name, number, position, recording) VALUES (779, 0, 'efba3d1c-ac54-33c2-aed6-6e433703d5f4', '314', '2011-01-18 15:56:00.408782+00', 191493, 32094, 'Man With a Mission', '5', 5, 334852);
INSERT INTO track (artist_credit, edits_pending, gid, id, last_updated, length, medium, name, number, position, recording) VALUES (779, 0, 'd64b8c29-4bd0-3c16-8ed3-517d9fcc1adf', '316', '2011-01-18 15:56:00.408782+00', 187373, 32094, 'All Good Soldiers', '6', 6, 334853);
INSERT INTO track (artist_credit, edits_pending, gid, id, last_updated, length, medium, name, number, position, recording) VALUES (779, 0, 'e30eb3d6-136a-390f-a1d6-2feb017392c1', '318', '2011-01-18 15:56:00.408782+00', 154533, 32094, 'Watch It Die', '7', 7, 334854);
INSERT INTO track (artist_credit, edits_pending, gid, id, last_updated, length, medium, name, number, position, recording) VALUES (779, 0, '4971d570-6b8b-3268-8ceb-c5093a118cd7', '320', '2011-01-18 15:56:00.408782+00', 227493, 32094, 'Struck a Nerve', '8', 8, 334855);
INSERT INTO track (artist_credit, edits_pending, gid, id, last_updated, length, medium, name, number, position, recording) VALUES (779, 0, '21dbe70f-51d8-3e4c-b89e-6ea48f45095f', '322', '2011-01-18 15:56:00.408782+00', 162800, 32094, 'My Poor Friend Me', '9', 9, 334856);
INSERT INTO track (artist_credit, edits_pending, gid, id, last_updated, length, medium, name, number, position, recording) VALUES (779, 0, 'a667ba64-83d1-38c6-9d5f-10c149657586', '324', '2011-01-18 15:56:00.408782+00', 123600, 32094, 'Lookin'' In', '10', 10, 334857);
INSERT INTO track (artist_credit, edits_pending, gid, id, last_updated, length, medium, name, number, position, recording) VALUES (779, 0, 'aed9f30b-9940-389d-84f0-bff0d610f3a3', '326', '2011-01-18 15:56:00.408782+00', 162840, 32094, 'Don''t Pray on Me', '11', 11, 334858);
INSERT INTO track (artist_credit, edits_pending, gid, id, last_updated, length, medium, name, number, position, recording) VALUES (779, 0, '61e09260-e2ef-3405-a0f2-23d0032f439b', '328', '2011-01-18 15:56:00.408782+00', 166626, 32094, 'Modern Day Catastrophists', '12', 12, 334859);
INSERT INTO track (artist_credit, edits_pending, gid, id, last_updated, length, medium, name, number, position, recording) VALUES (779, 0, 'c69bcc83-e11a-3074-a5e7-1e7e23c79ec2', '330', '2011-01-18 15:56:00.408782+00', 195040, 32094, 'Skyscraper', '13', 13, 334860);
INSERT INTO track (artist_credit, edits_pending, gid, id, last_updated, length, medium, name, number, position, recording) VALUES (779, 0, '549fd690-70d2-356d-9e52-8ed9fca3a714', '332', '2011-01-18 15:56:00.408782+00', 42026, 32094, 'Stealth', '14', 14, 334861);
INSERT INTO track (artist_credit, edits_pending, gid, id, last_updated, length, medium, name, number, position, recording) VALUES (779, 0, '6f3c4f29-c01f-36b5-993b-b6d70983b28d', '305', '2011-01-18 15:56:00.408782+00', 122666, 509518, 'Recipe for Hate', '1', 1, 334848);
INSERT INTO track (artist_credit, edits_pending, gid, id, last_updated, length, medium, name, number, position, recording) VALUES (779, 0, 'eec77a79-c458-3505-ae20-0729796433b1', '307', '2011-01-18 15:56:00.408782+00', 161666, 509518, 'Kerosene', '2', 2, 334849);
INSERT INTO track (artist_credit, edits_pending, gid, id, last_updated, length, medium, name, number, position, recording) VALUES (779, 0, '9a798e35-11d4-34be-8976-0d57190884a6', '309', '2011-01-18 15:56:00.408782+00', 197400, 509518, 'American Jesus', '3', 3, 334850);
INSERT INTO track (artist_credit, edits_pending, gid, id, last_updated, length, medium, name, number, position, recording) VALUES (779, 0, 'c36d187e-737e-3421-9fc1-c1207f01c5db', '311', '2011-01-18 15:56:00.408782+00', 164773, 509518, 'Portrait of Authority', '4', 4, 334851);
INSERT INTO track (artist_credit, edits_pending, gid, id, last_updated, length, medium, name, number, position, recording) VALUES (779, 0, '4e090025-1f70-3879-83d9-eb598ff602d3', '313', '2011-01-18 15:56:00.408782+00', 191493, 509518, 'Man With a Mission', '5', 5, 334852);
INSERT INTO track (artist_credit, edits_pending, gid, id, last_updated, length, medium, name, number, position, recording) VALUES (779, 0, 'ec090e50-ef90-3649-b72f-2c88731ad379', '315', '2011-01-18 15:56:00.408782+00', 187373, 509518, 'All Good Soldiers', '6', 6, 334853);
INSERT INTO track (artist_credit, edits_pending, gid, id, last_updated, length, medium, name, number, position, recording) VALUES (779, 0, '3c74bd25-7992-3b38-b4a9-89704a2372bf', '317', '2011-01-18 15:56:00.408782+00', 154533, 509518, 'Watch It Die', '7', 7, 334854);
INSERT INTO track (artist_credit, edits_pending, gid, id, last_updated, length, medium, name, number, position, recording) VALUES (779, 0, '4f1b44f1-bedd-374e-8b25-b010d56e9934', '319', '2011-01-18 15:56:00.408782+00', 227493, 509518, 'Struck a Nerve', '8', 8, 334855);
INSERT INTO track (artist_credit, edits_pending, gid, id, last_updated, length, medium, name, number, position, recording) VALUES (779, 0, '87f679ab-9c76-3459-9423-575616caf536', '321', '2011-01-18 15:56:00.408782+00', 162800, 509518, 'My Poor Friend Me', '9', 9, 334856);
INSERT INTO track (artist_credit, edits_pending, gid, id, last_updated, length, medium, name, number, position, recording) VALUES (779, 0, 'a49b68c3-d11c-3c99-96c3-1c69a9fb8eba', '323', '2011-01-18 15:56:00.408782+00', 123600, 509518, 'Lookin'' In', '10', 10, 334857);
INSERT INTO track (artist_credit, edits_pending, gid, id, last_updated, length, medium, name, number, position, recording) VALUES (779, 0, '68b1c503-582c-3472-8ae9-9975f2b36f9e', '325', '2011-01-18 15:56:00.408782+00', 162840, 509518, 'Don''t Pray on Me', '11', 11, 334858);
INSERT INTO track (artist_credit, edits_pending, gid, id, last_updated, length, medium, name, number, position, recording) VALUES (779, 0, '0577f424-3029-37ad-a4f0-9871ebdace2f', '327', '2011-01-18 15:56:00.408782+00', 166626, 509518, 'Modern Day Catastrophists', '12', 12, 334859);
INSERT INTO track (artist_credit, edits_pending, gid, id, last_updated, length, medium, name, number, position, recording) VALUES (779, 0, '09f225c3-9f35-3035-934f-32ec5b24cfb0', '329', '2011-01-18 15:56:00.408782+00', 195040, 509518, 'Skyscraper', '13', 13, 334860);
INSERT INTO track (artist_credit, edits_pending, gid, id, last_updated, length, medium, name, number, position, recording) VALUES (779, 0, 'cbcf2157-9145-3c85-ab97-0a57c074221f', '331', '2011-01-18 15:56:00.408782+00', 42026, 509518, 'Stealth', '14', 14, 334861);
INSERT INTO track (artist_credit, edits_pending, gid, id, last_updated, length, medium, name, number, position, recording) VALUES (781759, 0, '9e354fbb-61f3-380d-ae7f-a06c403cfcbe', '333', '2011-01-18 15:56:00.408782+00', 360000, 329521, 'What''s Happening', '1', 1, 7505755);
INSERT INTO track (artist_credit, edits_pending, gid, id, last_updated, length, medium, name, number, position, recording) VALUES (180273, 0, '6b99b3f8-5daa-3796-8720-e88200a5d11c', '334', '2011-01-18 15:56:00.408782+00', 379000, 329521, 'Time Is Now', '2', 2, 7505756);
INSERT INTO track (artist_credit, edits_pending, gid, id, last_updated, length, medium, name, number, position, recording) VALUES (57874, 0, '5b2b75d6-1fd0-3490-a908-9c470d0f2644', '335', '2011-01-18 15:56:00.408782+00', 359000, 329523, 'Chillin''', '1', 1, 7505767);
INSERT INTO track (artist_credit, edits_pending, gid, id, last_updated, length, medium, name, number, position, recording) VALUES (100300, 0, '04bb2062-8e35-3204-ba4b-a4339357f3e7', '336', '2011-01-18 15:56:00.408782+00', 314000, 329523, 'Semi Bluff', '2', 2, 7505768);
INSERT INTO track (artist_credit, edits_pending, gid, id, last_updated, length, medium, name, number, position, recording) VALUES (22492, 0, '5ef102bf-5df6-3ce9-9097-519c1aa6c0a6', '344', '2011-01-18 15:56:00.408782+00', 158933, 207481, 'Every Day I Have the Blues', '1', 1, 685418);
INSERT INTO track (artist_credit, edits_pending, gid, id, last_updated, length, medium, name, number, position, recording) VALUES (22492, 0, 'f79719d1-f4a4-39d0-b8c6-0ec4ba820731', '352', '2011-01-18 15:56:00.408782+00', 256826, 207481, 'Sweet Little Angel', '2', 2, 685419);
INSERT INTO track (artist_credit, edits_pending, gid, id, last_updated, length, medium, name, number, position, recording) VALUES (22492, 0, '43866ace-349d-343d-8832-41d93b079665', '360', '2011-01-18 15:56:00.408782+00', 214000, 207481, 'It''s My Own Fault', '3', 3, 685420);
INSERT INTO track (artist_credit, edits_pending, gid, id, last_updated, length, medium, name, number, position, recording) VALUES (22492, 0, '186be9a6-c31c-36e0-9daa-773f657d32cd', '368', '2011-01-18 15:56:00.408782+00', 216106, 207481, 'How Blue Can You Get?', '4', 4, 685421);
INSERT INTO track (artist_credit, edits_pending, gid, id, last_updated, length, medium, name, number, position, recording) VALUES (22492, 0, '66941120-1f6c-345b-a46b-67f7d9adb0cd', '376', '2011-01-18 15:56:00.408782+00', 180600, 207481, 'Please Love Me', '5', 5, 685422);
INSERT INTO track (artist_credit, edits_pending, gid, id, last_updated, length, medium, name, number, position, recording) VALUES (22492, 0, '28250b7c-adca-3317-b2d8-4d5a6895b358', '384', '2011-01-18 15:56:00.408782+00', 142160, 207481, 'You Upset Me Baby', '6', 6, 685423);
INSERT INTO track (artist_credit, edits_pending, gid, id, last_updated, length, medium, name, number, position, recording) VALUES (22492, 0, '0e09d229-1fa4-3532-9a58-4e5e371f5ac5', '392', '2011-01-18 15:56:00.408782+00', 384840, 207481, 'Worry, Worry', '7', 7, 685424);
INSERT INTO track (artist_credit, edits_pending, gid, id, last_updated, length, medium, name, number, position, recording) VALUES (22492, 0, 'e116810c-0e3e-3e9f-9445-632337465822', '400', '2011-01-18 15:56:00.408782+00', 104933, 207481, 'Woke Up This Mornin''', '8', 8, 685425);
INSERT INTO track (artist_credit, edits_pending, gid, id, last_updated, length, medium, name, number, position, recording) VALUES (22492, 0, 'b7706f65-d539-3591-9c4d-22d5e832b594', '408', '2011-01-18 15:56:00.408782+00', 275760, 207481, 'You Done Lost Your Good Thing Now', '9', 9, 685426);
INSERT INTO track (artist_credit, edits_pending, gid, id, last_updated, length, medium, name, number, position, recording) VALUES (22492, 0, '62dd6d57-5ed3-34e6-8e0a-36a1611113a6', '416', '2011-01-18 15:56:00.408782+00', 159706, 207481, 'Help the Poor', '10', 10, 685427);
INSERT INTO track (artist_credit, edits_pending, gid, id, last_updated, length, medium, name, number, position, recording) VALUES (22492, 0, 'ba5184c7-0273-35f3-b446-b6e4820af8cd', '343', '2011-01-18 15:56:00.408782+00', 158933, 580942, 'Every Day I Have the Blues', '1', 1, 685418);
INSERT INTO track (artist_credit, edits_pending, gid, id, last_updated, length, medium, name, number, position, recording) VALUES (22492, 0, '66801fd6-5572-343d-97f2-4d05f8523ec2', '351', '2011-01-18 15:56:00.408782+00', 256826, 580942, 'Sweet Little Angel', '2', 2, 685419);
INSERT INTO track (artist_credit, edits_pending, gid, id, last_updated, length, medium, name, number, position, recording) VALUES (22492, 0, '232f0d40-8899-33d9-b552-d6622459cc4e', '359', '2011-01-18 15:56:00.408782+00', 214000, 580942, 'It''s My Own Fault', '3', 3, 685420);
INSERT INTO track (artist_credit, edits_pending, gid, id, last_updated, length, medium, name, number, position, recording) VALUES (22492, 0, '3d6de196-2803-3f99-8636-5a185ff2fbf6', '367', '2011-01-18 15:56:00.408782+00', 216106, 580942, 'How Blue Can You Get?', '4', 4, 685421);
INSERT INTO track (artist_credit, edits_pending, gid, id, last_updated, length, medium, name, number, position, recording) VALUES (22492, 0, '116846db-c56b-3434-889a-1af1e07c9641', '375', '2011-01-18 15:56:00.408782+00', 180600, 580942, 'Please Love Me', '5', 5, 685422);
INSERT INTO track (artist_credit, edits_pending, gid, id, last_updated, length, medium, name, number, position, recording) VALUES (22492, 0, '5b32e3df-1da3-30eb-93c0-3f06941ca6bd', '383', '2011-01-18 15:56:00.408782+00', 142160, 580942, 'You Upset Me Baby', '6', 6, 685423);
INSERT INTO track (artist_credit, edits_pending, gid, id, last_updated, length, medium, name, number, position, recording) VALUES (22492, 0, '04826de7-3d74-3aff-b322-ec54bf4fd427', '391', '2011-01-18 15:56:00.408782+00', 384840, 580942, 'Worry, Worry', '7', 7, 685424);
INSERT INTO track (artist_credit, edits_pending, gid, id, last_updated, length, medium, name, number, position, recording) VALUES (22492, 0, '83fda0d7-1e20-3fc4-89b8-76184894129c', '399', '2011-01-18 15:56:00.408782+00', 104933, 580942, 'Woke Up This Mornin''', '8', 8, 685425);
INSERT INTO track (artist_credit, edits_pending, gid, id, last_updated, length, medium, name, number, position, recording) VALUES (22492, 0, '110154be-456b-34ac-8c0b-d1f48fdca104', '407', '2011-01-18 15:56:00.408782+00', 275760, 580942, 'You Done Lost Your Good Thing Now', '9', 9, 685426);
INSERT INTO track (artist_credit, edits_pending, gid, id, last_updated, length, medium, name, number, position, recording) VALUES (22492, 0, '69539e09-33eb-323e-9524-2425b0720022', '415', '2011-01-18 15:56:00.408782+00', 159706, 580942, 'Help the Poor', '10', 10, 685427);
INSERT INTO track (artist_credit, edits_pending, gid, id, last_updated, length, medium, name, number, position, recording) VALUES (22492, 0, '2832766e-b21b-32c9-b79e-83f0c8f5ca29', '342', '2011-01-18 15:56:00.408782+00', 158933, 596488, 'Every Day I Have the Blues', '1', 1, 685418);
INSERT INTO track (artist_credit, edits_pending, gid, id, last_updated, length, medium, name, number, position, recording) VALUES (22492, 0, 'a07dd691-b27d-31e9-8a17-5eccc66cf482', '350', '2011-01-18 15:56:00.408782+00', 256826, 596488, 'Sweet Little Angel', '2', 2, 685419);
INSERT INTO track (artist_credit, edits_pending, gid, id, last_updated, length, medium, name, number, position, recording) VALUES (22492, 0, '914dfd68-29ad-3a0e-8ef3-18882123c8a4', '358', '2011-01-18 15:56:00.408782+00', 214000, 596488, 'It''s My Own Fault', '3', 3, 685420);
INSERT INTO track (artist_credit, edits_pending, gid, id, last_updated, length, medium, name, number, position, recording) VALUES (22492, 0, '1f8f18f2-0898-3357-8d9a-a05069d5d73e', '366', '2011-01-18 15:56:00.408782+00', 216106, 596488, 'How Blue Can You Get?', '4', 4, 685421);
INSERT INTO track (artist_credit, edits_pending, gid, id, last_updated, length, medium, name, number, position, recording) VALUES (22492, 0, '429a614a-fb5b-340f-a535-efb6df865147', '374', '2011-01-18 15:56:00.408782+00', 180600, 596488, 'Please Love Me', '5', 5, 685422);
INSERT INTO track (artist_credit, edits_pending, gid, id, last_updated, length, medium, name, number, position, recording) VALUES (22492, 0, '3641762b-1fd9-3109-a626-cb44acec7a92', '382', '2011-01-18 15:56:00.408782+00', 142160, 596488, 'You Upset Me Baby', '6', 6, 685423);
INSERT INTO track (artist_credit, edits_pending, gid, id, last_updated, length, medium, name, number, position, recording) VALUES (22492, 0, '86d2a0fd-debf-3acc-8fdf-872c69fb2c4c', '390', '2011-01-18 15:56:00.408782+00', 384840, 596488, 'Worry, Worry', '7', 7, 685424);
INSERT INTO track (artist_credit, edits_pending, gid, id, last_updated, length, medium, name, number, position, recording) VALUES (22492, 0, 'c6f30241-1619-33ed-b8b9-d8d02a5c9f06', '398', '2011-01-18 15:56:00.408782+00', 104933, 596488, 'Woke Up This Mornin''', '8', 8, 685425);
INSERT INTO track (artist_credit, edits_pending, gid, id, last_updated, length, medium, name, number, position, recording) VALUES (22492, 0, '45516760-68ea-31aa-a9a3-5bb1dfe8a285', '406', '2011-01-18 15:56:00.408782+00', 275760, 596488, 'You Done Lost Your Good Thing Now', '9', 9, 685426);
INSERT INTO track (artist_credit, edits_pending, gid, id, last_updated, length, medium, name, number, position, recording) VALUES (22492, 0, 'f09b5a2a-9361-3e3f-bbfd-32c685789897', '414', '2011-01-18 15:56:00.408782+00', 159706, 596488, 'Help the Poor', '10', 10, 685427);
INSERT INTO track (artist_credit, edits_pending, gid, id, last_updated, length, medium, name, number, position, recording) VALUES (22492, 0, '1ed51145-a449-31e3-84e2-cb0da489b3cb', '341', '2011-01-18 15:56:00.408782+00', 158933, 596489, 'Every Day I Have the Blues', '1', 1, 685418);
INSERT INTO track (artist_credit, edits_pending, gid, id, last_updated, length, medium, name, number, position, recording) VALUES (22492, 0, 'd1875927-607b-3aee-ba30-444912d3ffbd', '349', '2011-01-18 15:56:00.408782+00', 256826, 596489, 'Sweet Little Angel', '2', 2, 685419);
INSERT INTO track (artist_credit, edits_pending, gid, id, last_updated, length, medium, name, number, position, recording) VALUES (22492, 0, 'd79caca8-2ea3-3e1a-b52f-8cebc3444579', '357', '2011-01-18 15:56:00.408782+00', 214000, 596489, 'It''s My Own Fault', '3', 3, 685420);
INSERT INTO track (artist_credit, edits_pending, gid, id, last_updated, length, medium, name, number, position, recording) VALUES (22492, 0, '9e793612-6da1-3223-9bd6-a2fcad01079b', '365', '2011-01-18 15:56:00.408782+00', 216106, 596489, 'How Blue Can You Get?', '4', 4, 685421);
INSERT INTO track (artist_credit, edits_pending, gid, id, last_updated, length, medium, name, number, position, recording) VALUES (22492, 0, 'aed8902f-6527-3576-a55f-d639f44b6221', '373', '2011-01-18 15:56:00.408782+00', 180600, 596489, 'Please Love Me', '5', 5, 685422);
INSERT INTO track (artist_credit, edits_pending, gid, id, last_updated, length, medium, name, number, position, recording) VALUES (22492, 0, '848b6a1e-5bf1-3269-ad81-db12124ba240', '381', '2011-01-18 15:56:00.408782+00', 142160, 596489, 'You Upset Me Baby', '6', 6, 685423);
INSERT INTO track (artist_credit, edits_pending, gid, id, last_updated, length, medium, name, number, position, recording) VALUES (22492, 0, '64c0a275-591b-36bb-8990-5424a42631a8', '389', '2011-01-18 15:56:00.408782+00', 384840, 596489, 'Worry, Worry', '7', 7, 685424);
INSERT INTO track (artist_credit, edits_pending, gid, id, last_updated, length, medium, name, number, position, recording) VALUES (22492, 0, 'baa37ff1-06d6-334d-8923-1062ce3381e0', '397', '2011-01-18 15:56:00.408782+00', 104933, 596489, 'Woke Up This Mornin''', '8', 8, 685425);
INSERT INTO track (artist_credit, edits_pending, gid, id, last_updated, length, medium, name, number, position, recording) VALUES (22492, 0, 'ee709965-7757-35b6-991f-bf84e064edb3', '405', '2011-01-18 15:56:00.408782+00', 275760, 596489, 'You Done Lost Your Good Thing Now', '9', 9, 685426);
INSERT INTO track (artist_credit, edits_pending, gid, id, last_updated, length, medium, name, number, position, recording) VALUES (22492, 0, 'd3955516-44b6-3318-bd22-ea11eef7e577', '413', '2011-01-18 15:56:00.408782+00', 159706, 596489, 'Help the Poor', '10', 10, 685427);
INSERT INTO track (artist_credit, edits_pending, gid, id, last_updated, length, medium, name, number, position, recording) VALUES (22492, 0, '599beb7d-b0fa-384b-b4f7-b63568ffbeac', '340', '2011-01-18 15:56:00.408782+00', 158933, 596490, 'Every Day I Have the Blues', '1', 1, 685418);
INSERT INTO track (artist_credit, edits_pending, gid, id, last_updated, length, medium, name, number, position, recording) VALUES (22492, 0, '4c9b322d-1432-3821-a2c7-971fe79acc65', '348', '2011-01-18 15:56:00.408782+00', 256826, 596490, 'Sweet Little Angel', '2', 2, 685419);
INSERT INTO track (artist_credit, edits_pending, gid, id, last_updated, length, medium, name, number, position, recording) VALUES (22492, 0, '06c660d3-c64a-3a6a-bf89-23c7698f2cee', '356', '2011-01-18 15:56:00.408782+00', 214000, 596490, 'It''s My Own Fault', '3', 3, 685420);
INSERT INTO track (artist_credit, edits_pending, gid, id, last_updated, length, medium, name, number, position, recording) VALUES (22492, 0, '51a7d8c0-2315-3a4a-89b0-5484b24e68b8', '364', '2011-01-18 15:56:00.408782+00', 216106, 596490, 'How Blue Can You Get?', '4', 4, 685421);
INSERT INTO track (artist_credit, edits_pending, gid, id, last_updated, length, medium, name, number, position, recording) VALUES (22492, 0, '342d4563-7200-3ba4-939c-4f21acdd500e', '372', '2011-01-18 15:56:00.408782+00', 180600, 596490, 'Please Love Me', '5', 5, 685422);
INSERT INTO track (artist_credit, edits_pending, gid, id, last_updated, length, medium, name, number, position, recording) VALUES (22492, 0, 'c5c2560a-86a0-3c0a-83b5-eaf77ec06199', '380', '2011-01-18 15:56:00.408782+00', 142160, 596490, 'You Upset Me Baby', '6', 6, 685423);
INSERT INTO track (artist_credit, edits_pending, gid, id, last_updated, length, medium, name, number, position, recording) VALUES (22492, 0, '7f095b32-452a-3b7f-9a92-b1489bb3d820', '388', '2011-01-18 15:56:00.408782+00', 384840, 596490, 'Worry, Worry', '7', 7, 685424);
INSERT INTO track (artist_credit, edits_pending, gid, id, last_updated, length, medium, name, number, position, recording) VALUES (22492, 0, '8a25c694-4d08-3e06-a660-02b02c6cf118', '396', '2011-01-18 15:56:00.408782+00', 104933, 596490, 'Woke Up This Mornin''', '8', 8, 685425);
INSERT INTO track (artist_credit, edits_pending, gid, id, last_updated, length, medium, name, number, position, recording) VALUES (22492, 0, 'e7149522-6b01-3959-97ad-69351f24c7cb', '404', '2011-01-18 15:56:00.408782+00', 275760, 596490, 'You Done Lost Your Good Thing Now', '9', 9, 685426);
INSERT INTO track (artist_credit, edits_pending, gid, id, last_updated, length, medium, name, number, position, recording) VALUES (22492, 0, '8045dc3e-440b-37f2-9d17-27dde483269e', '412', '2011-01-18 15:56:00.408782+00', 159706, 596490, 'Help the Poor', '10', 10, 685427);
INSERT INTO track (artist_credit, edits_pending, gid, id, last_updated, length, medium, name, number, position, recording) VALUES (22492, 0, '5b8cc880-93fb-314f-8ede-fb395a271536', '339', '2011-01-18 15:56:00.408782+00', 158933, 596491, 'Every Day I Have the Blues', '1', 1, 685418);
INSERT INTO track (artist_credit, edits_pending, gid, id, last_updated, length, medium, name, number, position, recording) VALUES (22492, 0, '6e9dc36f-84e3-358c-aa56-112323ce3e46', '347', '2011-01-18 15:56:00.408782+00', 256826, 596491, 'Sweet Little Angel', '2', 2, 685419);
INSERT INTO track (artist_credit, edits_pending, gid, id, last_updated, length, medium, name, number, position, recording) VALUES (22492, 0, '19285505-aac1-3bfc-9957-a1c77c913098', '355', '2011-01-18 15:56:00.408782+00', 214000, 596491, 'It''s My Own Fault', '3', 3, 685420);
INSERT INTO track (artist_credit, edits_pending, gid, id, last_updated, length, medium, name, number, position, recording) VALUES (22492, 0, '427c4ea2-1226-30c4-a32f-044eb892961a', '363', '2011-01-18 15:56:00.408782+00', 216106, 596491, 'How Blue Can You Get?', '4', 4, 685421);
INSERT INTO track (artist_credit, edits_pending, gid, id, last_updated, length, medium, name, number, position, recording) VALUES (22492, 0, '5b90aa41-f5dd-3029-847b-40fa661fba3a', '371', '2011-01-18 15:56:00.408782+00', 180600, 596491, 'Please Love Me', '5', 5, 685422);
INSERT INTO track (artist_credit, edits_pending, gid, id, last_updated, length, medium, name, number, position, recording) VALUES (22492, 0, 'fa91ad42-4803-374b-af3d-1ce9e3893fdc', '379', '2011-01-18 15:56:00.408782+00', 142160, 596491, 'You Upset Me Baby', '6', 6, 685423);
INSERT INTO track (artist_credit, edits_pending, gid, id, last_updated, length, medium, name, number, position, recording) VALUES (22492, 0, 'd88ce051-8774-306d-9dd7-c115bce3edd9', '387', '2011-01-18 15:56:00.408782+00', 384840, 596491, 'Worry, Worry', '7', 7, 685424);
INSERT INTO track (artist_credit, edits_pending, gid, id, last_updated, length, medium, name, number, position, recording) VALUES (22492, 0, '033ad059-65dd-34e3-bcf3-1af5f3d771d7', '395', '2011-01-18 15:56:00.408782+00', 104933, 596491, 'Woke Up This Mornin''', '8', 8, 685425);
INSERT INTO track (artist_credit, edits_pending, gid, id, last_updated, length, medium, name, number, position, recording) VALUES (22492, 0, 'ac29b9a0-8c84-3620-94ab-791f0fced434', '403', '2011-01-18 15:56:00.408782+00', 275760, 596491, 'You Done Lost Your Good Thing Now', '9', 9, 685426);
INSERT INTO track (artist_credit, edits_pending, gid, id, last_updated, length, medium, name, number, position, recording) VALUES (22492, 0, '9f4a4084-48ce-3b1f-959f-1a27b8332619', '411', '2011-01-18 15:56:00.408782+00', 159706, 596491, 'Help the Poor', '10', 10, 685427);
INSERT INTO track (artist_credit, edits_pending, gid, id, last_updated, length, medium, name, number, position, recording) VALUES (22492, 0, 'b14dfa69-a9b8-37f9-964e-994498cef0df', '338', '2011-01-18 15:56:00.408782+00', 158933, 596492, 'Every Day I Have the Blues', '1', 1, 685418);
INSERT INTO track (artist_credit, edits_pending, gid, id, last_updated, length, medium, name, number, position, recording) VALUES (22492, 0, '62dc258c-a16f-367b-a2b0-674c3fc4c7dc', '346', '2011-01-18 15:56:00.408782+00', 256826, 596492, 'Sweet Little Angel', '2', 2, 685419);
INSERT INTO track (artist_credit, edits_pending, gid, id, last_updated, length, medium, name, number, position, recording) VALUES (22492, 0, '2c384b08-8293-3268-b4b6-11a95737f086', '354', '2011-01-18 15:56:00.408782+00', 214000, 596492, 'It''s My Own Fault', '3', 3, 685420);
INSERT INTO track (artist_credit, edits_pending, gid, id, last_updated, length, medium, name, number, position, recording) VALUES (22492, 0, '263e8a1b-0226-3673-9127-24500b99e7a9', '362', '2011-01-18 15:56:00.408782+00', 216106, 596492, 'How Blue Can You Get?', '4', 4, 685421);
INSERT INTO track (artist_credit, edits_pending, gid, id, last_updated, length, medium, name, number, position, recording) VALUES (22492, 0, '04f4e1b5-906f-371c-b542-82cf84b45fb3', '370', '2011-01-18 15:56:00.408782+00', 180600, 596492, 'Please Love Me', '5', 5, 685422);
INSERT INTO track (artist_credit, edits_pending, gid, id, last_updated, length, medium, name, number, position, recording) VALUES (22492, 0, 'e30b0a68-7d18-3386-a6b1-b778f334474e', '378', '2011-01-18 15:56:00.408782+00', 142160, 596492, 'You Upset Me Baby', '6', 6, 685423);
INSERT INTO track (artist_credit, edits_pending, gid, id, last_updated, length, medium, name, number, position, recording) VALUES (22492, 0, '33fa3505-291b-3f13-ae2c-930625e960ee', '386', '2011-01-18 15:56:00.408782+00', 384840, 596492, 'Worry, Worry', '7', 7, 685424);
INSERT INTO track (artist_credit, edits_pending, gid, id, last_updated, length, medium, name, number, position, recording) VALUES (22492, 0, 'f5d9c9ff-4876-34bc-89ab-880488f42231', '394', '2011-01-18 15:56:00.408782+00', 104933, 596492, 'Woke Up This Mornin''', '8', 8, 685425);
INSERT INTO track (artist_credit, edits_pending, gid, id, last_updated, length, medium, name, number, position, recording) VALUES (22492, 0, 'e994fa36-b0b2-3182-97e0-b7f754723cb5', '402', '2011-01-18 15:56:00.408782+00', 275760, 596492, 'You Done Lost Your Good Thing Now', '9', 9, 685426);
INSERT INTO track (artist_credit, edits_pending, gid, id, last_updated, length, medium, name, number, position, recording) VALUES (22492, 0, '1f810ee2-0e6a-335c-98d9-23135b7c9747', '410', '2011-01-18 15:56:00.408782+00', 159706, 596492, 'Help the Poor', '10', 10, 685427);
INSERT INTO track (artist_credit, edits_pending, gid, id, last_updated, length, medium, name, number, position, recording) VALUES (22492, 0, '01c8582a-57e3-3f33-afe0-c2c35f8d37d5', '337', '2011-01-18 15:56:00.408782+00', 158933, 672077, 'Every Day I Have the Blues', '1', 1, 685418);
INSERT INTO track (artist_credit, edits_pending, gid, id, last_updated, length, medium, name, number, position, recording) VALUES (22492, 0, '43bb4493-173f-32c4-935d-311a2adfb56f', '345', '2011-01-18 15:56:00.408782+00', 256826, 672077, 'Sweet Little Angel', '2', 2, 685419);
INSERT INTO track (artist_credit, edits_pending, gid, id, last_updated, length, medium, name, number, position, recording) VALUES (22492, 0, '2ab7339a-6b7a-337c-a91b-5017666266eb', '353', '2011-01-18 15:56:00.408782+00', 214000, 672077, 'It''s My Own Fault', '3', 3, 685420);
INSERT INTO track (artist_credit, edits_pending, gid, id, last_updated, length, medium, name, number, position, recording) VALUES (22492, 0, '6632591c-a2a5-37b0-92d2-b76f08c64778', '361', '2011-01-18 15:56:00.408782+00', 216106, 672077, 'How Blue Can You Get?', '4', 4, 685421);
INSERT INTO track (artist_credit, edits_pending, gid, id, last_updated, length, medium, name, number, position, recording) VALUES (22492, 0, '2f55158a-19c9-3dc8-b820-661efd8a7474', '369', '2011-01-18 15:56:00.408782+00', 180600, 672077, 'Please Love Me', '5', 5, 685422);
INSERT INTO track (artist_credit, edits_pending, gid, id, last_updated, length, medium, name, number, position, recording) VALUES (22492, 0, '9728fc6b-848e-370a-9841-a0de568b97a7', '377', '2011-01-18 15:56:00.408782+00', 142160, 672077, 'You Upset Me Baby', '6', 6, 685423);
INSERT INTO track (artist_credit, edits_pending, gid, id, last_updated, length, medium, name, number, position, recording) VALUES (22492, 0, '33869f64-47d9-304f-a805-c6e9dfe4c8c9', '385', '2011-01-18 15:56:00.408782+00', 384840, 672077, 'Worry, Worry', '7', 7, 685424);
INSERT INTO track (artist_credit, edits_pending, gid, id, last_updated, length, medium, name, number, position, recording) VALUES (22492, 0, '43bebb43-0b58-3f62-85e9-79c7b4bcad41', '393', '2011-01-18 15:56:00.408782+00', 104933, 672077, 'Woke Up This Mornin''', '8', 8, 685425);
INSERT INTO track (artist_credit, edits_pending, gid, id, last_updated, length, medium, name, number, position, recording) VALUES (22492, 0, '71b9c43d-e026-3d99-825c-cf68cd04cb3c', '401', '2011-01-18 15:56:00.408782+00', 275760, 672077, 'You Done Lost Your Good Thing Now', '9', 9, 685426);
INSERT INTO track (artist_credit, edits_pending, gid, id, last_updated, length, medium, name, number, position, recording) VALUES (22492, 0, '5cb0467f-d000-3f0d-aa7b-00a4b778b73b', '409', '2011-01-18 15:56:00.408782+00', 159706, 672077, 'Help the Poor', '10', 10, 685427);
INSERT INTO track (artist_credit, edits_pending, gid, id, last_updated, length, medium, name, number, position, recording) VALUES (398438, 0, '719e1eba-920f-31da-9c45-9eb53f791aee', '417', '2011-01-18 15:56:00.408782+00', 256666, 375273, 'Reverend Charisma', '1', 1, 7905439);
INSERT INTO track (artist_credit, edits_pending, gid, id, last_updated, length, medium, name, number, position, recording) VALUES (398438, 0, '5a0b7a30-4297-3cda-ba0f-2547c4b7ae9b', '418', '2011-01-18 15:56:00.408782+00', 86666, 375273, 'Dear Diary', '2', 2, 7905440);
INSERT INTO track (artist_credit, edits_pending, gid, id, last_updated, length, medium, name, number, position, recording) VALUES (398438, 0, 'a5b038bf-6e36-362b-9397-9cecda03e9bc', '419', '2011-01-18 15:56:00.408782+00', 213666, 375273, 'Black Sundress', '3', 3, 7905441);
INSERT INTO track (artist_credit, edits_pending, gid, id, last_updated, length, medium, name, number, position, recording) VALUES (398438, 0, '7c66606c-8a1b-3407-a856-21e4622da140', '420', '2011-01-18 15:56:00.408782+00', 266666, 375273, 'Allegiance?WTF?', '4', 4, 7905442);
INSERT INTO track (artist_credit, edits_pending, gid, id, last_updated, length, medium, name, number, position, recording) VALUES (398438, 0, '2d11d4ec-b9c0-3bfe-86d9-df5034e2522e', '421', '2011-01-18 15:56:00.408782+00', 254666, 375273, 'Maggie&Heidi', '5', 5, 7905443);
INSERT INTO track (artist_credit, edits_pending, gid, id, last_updated, length, medium, name, number, position, recording) VALUES (398438, 0, '3ec79596-482b-3d1b-8f48-325a1b332366', '422', '2011-01-18 15:56:00.408782+00', 236666, 375273, 'Discopharma', '6', 6, 7905444);
INSERT INTO track (artist_credit, edits_pending, gid, id, last_updated, length, medium, name, number, position, recording) VALUES (398438, 0, 'baaa07d9-6c32-31e6-bbea-1796fd79a8f1', '423', '2011-01-18 15:56:00.408782+00', 230666, 375273, 'Still Unsatisfied', '7', 7, 7905445);
INSERT INTO track (artist_credit, edits_pending, gid, id, last_updated, length, medium, name, number, position, recording) VALUES (398438, 0, '61add1a9-5a53-3eb3-afa6-fb503998a909', '424', '2011-01-18 15:56:00.408782+00', 274666, 375273, 'Asseswaving', '8', 8, 7905446);
INSERT INTO track (artist_credit, edits_pending, gid, id, last_updated, length, medium, name, number, position, recording) VALUES (398438, 0, '8cef791e-3363-3c36-8b29-1f5dd2982902', '425', '2011-01-18 15:56:00.408782+00', 249653, 375273, 'Just Because', '9', 9, 7905447);
INSERT INTO track (artist_credit, edits_pending, gid, id, last_updated, length, medium, name, number, position, recording) VALUES (398598, 0, '04f245ea-88ac-34e8-9bab-32c1e47072c4', '426', '2011-01-18 15:56:00.408782+00', 1027000, 459740, 'Here', '1', 1, 8621499);
INSERT INTO track (artist_credit, edits_pending, gid, id, last_updated, length, medium, name, number, position, recording) VALUES (398598, 0, '2be903ec-2958-3a63-9727-750476c46e46', '427', '2011-01-18 15:56:00.408782+00', 394000, 459740, 'Kira', '2', 2, 8621500);
INSERT INTO track (artist_credit, edits_pending, gid, id, last_updated, length, medium, name, number, position, recording) VALUES (398598, 0, 'ac6e521c-3a60-3258-b0ec-94766200de07', '428', '2011-01-18 15:56:00.408782+00', 249000, 459740, 'Life as a Genuine Fake', '3', 3, 8621501);
INSERT INTO track (artist_credit, edits_pending, gid, id, last_updated, length, medium, name, number, position, recording) VALUES (398598, 0, 'c83963c7-103e-3809-b74d-227df41a306b', '429', '2011-01-18 15:56:00.408782+00', 370000, 459740, 'It Takes a Thief', '4', 4, 8621502);
INSERT INTO track (artist_credit, edits_pending, gid, id, last_updated, length, medium, name, number, position, recording) VALUES (398598, 0, '54903059-ab65-39f4-8361-5c5ceaa44197', '430', '2011-01-18 15:56:00.408782+00', 2036000, 459740, 'Good Old Albermarle (6x9)', '5', 5, 8621503);
INSERT INTO track (artist_credit, edits_pending, gid, id, last_updated, length, medium, name, number, position, recording) VALUES (398598, 0, 'bfaa48c5-2aaf-396f-811c-699564d5bbca', '431', '2011-01-18 15:56:00.408782+00', 2770000, 459740, 'Life as an Ampersand', '6', 6, 8621504);
INSERT INTO track (artist_credit, edits_pending, gid, id, last_updated, length, medium, name, number, position, recording) VALUES (398598, 0, 'ac8931fc-ca24-32ca-8864-492b0682ed8b', '432', '2011-01-18 15:56:00.408782+00', 1071000, 459740, 'Nat Sherman and the Beauty of the Blade', '7', 7, 8621505);
INSERT INTO track (artist_credit, edits_pending, gid, id, last_updated, length, medium, name, number, position, recording) VALUES (398598, 0, 'c164c872-acca-3559-ac6a-50af68d5fef8', '433', '2011-01-18 15:56:00.408782+00', 1614000, 459740, 'Saul''s First Vision', '8', 8, 8621506);
INSERT INTO track (artist_credit, edits_pending, gid, id, last_updated, length, medium, name, number, position, recording) VALUES (398598, 0, 'f51cd028-bfdd-3e0b-b48e-8f527fe34e41', '434', '2011-01-18 15:56:00.408782+00', 562000, 459740, 'The Rattigan', '9', 9, 8621507);
INSERT INTO track (artist_credit, edits_pending, gid, id, last_updated, length, medium, name, number, position, recording) VALUES (398598, 0, '58c5fe5a-1adf-3489-bc68-39a0107c3b4f', '435', '2011-01-18 15:56:00.408782+00', 758000, 459740, 'The Rattigan, Part Two', '10', 10, 8621508);
INSERT INTO track (artist_credit, edits_pending, gid, id, last_updated, length, medium, name, number, position, recording) VALUES (398598, 0, '42b615c5-f57b-38fd-8ac8-571aab35b6b6', '436', '2011-01-18 15:56:00.408782+00', 322000, 459740, 'Wasted Early Sunday Morning', '11', 11, 8621509);
INSERT INTO track (artist_credit, edits_pending, gid, id, last_updated, length, medium, name, number, position, recording) VALUES (398598, 0, 'd3d7a423-e1d9-30ff-bfb2-07ceebc70b96', '437', '2011-01-18 15:56:00.408782+00', 1097000, 459740, 'I''m Not Crazy', '12', 12, 8621510);
INSERT INTO track (artist_credit, edits_pending, gid, id, last_updated, length, medium, name, number, position, recording) VALUES (398598, 0, 'c9ddfb56-5715-38c3-ad1b-214510e62cd0', '438', '2011-01-18 15:56:00.408782+00', 2074000, 459740, 'The Saul Shields Gospel Hour', '13', 13, 8621511);
INSERT INTO track (artist_credit, edits_pending, gid, id, last_updated, length, medium, name, number, position, recording) VALUES (398598, 0, 'c2531c44-08c8-32d3-8200-6f667db4605f', '439', '2011-01-18 15:56:00.408782+00', 216000, 459740, 'Saul''s Second Vision', '14', 14, 8621512);
INSERT INTO track (artist_credit, edits_pending, gid, id, last_updated, length, medium, name, number, position, recording) VALUES (398598, 0, '2e28c3a9-304b-3d5a-b965-758af49dba8c', '440', '2011-01-18 15:56:00.408782+00', 802000, 459740, 'One Thing Leads to Another / Epilogue', '15', 15, 8621513);
INSERT INTO track (artist_credit, edits_pending, gid, id, last_updated, length, medium, name, number, position, recording) VALUES (265420, 0, '4a7c2f1e-cf40-383c-a1c1-d1272d8234cd', '1', '2011-01-18 15:56:00.408782+00', 296026, 49161, 'サマーれげぇ!レインボー', '1', 1, 4223059);
INSERT INTO track (artist_credit, edits_pending, gid, id, last_updated, length, medium, name, number, position, recording) VALUES (265420, 0, 'b5efef3e-6a1f-3234-9c9c-fceedf2ff10d', '2', '2011-01-18 15:56:00.408782+00', 213106, 49161, 'HELLO! また会おうね (7人祭 version)', '2', 2, 4223060);
INSERT INTO track (artist_credit, edits_pending, gid, id, last_updated, length, medium, name, number, position, recording) VALUES (265420, 0, '817bd026-3e05-3005-9beb-8d212e1b6b52', '3', '2011-01-18 15:56:00.408782+00', 292800, 49161, 'サマーれげぇ!レインボー (instrumental)', '3', 3, 4223061);
INSERT INTO track (artist_credit, edits_pending, gid, id, last_updated, length, medium, name, number, position, recording) VALUES (265420, 0, '3b9d0128-ed86-3c2c-af24-c331a3798875', '4', '2011-01-18 15:56:00.408782+00', 296026, 123054, 'Summer Reggae! Rainbow', '1', 1, 4223059);
INSERT INTO track (artist_credit, edits_pending, gid, id, last_updated, length, medium, name, number, position, recording) VALUES (265420, 0, 'c7c21691-6f85-3ec7-9b08-e431c3b310a5', '5', '2011-01-18 15:56:00.408782+00', 213106, 123054, 'Hello! Mata Aou Ne (7nin Matsuri version)', '2', 2, 4223060);
INSERT INTO track (artist_credit, edits_pending, gid, id, last_updated, length, medium, name, number, position, recording) VALUES (265420, 0, 'e436c057-ca19-36c6-9f1e-dc4ada2604b0', '6', '2011-01-18 15:56:00.408782+00', 292800, 123054, 'Summer Reggae! Rainbow (Instrumental)', '3', 3, 4223061);
INSERT INTO track (artist_credit, edits_pending, gid, id, last_updated, length, medium, name, number, position, recording) VALUES (11545, 0, '9b9a84b5-0a41-38f6-859f-36cb22ac813c', '9', '2011-01-18 15:56:00.408782+00', 267560, 24752, 'On My Bus', '1', 1, 1542682);
INSERT INTO track (artist_credit, edits_pending, gid, id, last_updated, length, medium, name, number, position, recording) VALUES (11545, 0, 'f38b8e31-a10d-3973-8c1f-10923ee61adc', '12', '2011-01-18 15:56:00.408782+00', 230506, 24752, 'Top & Low Rent', '2', 2, 1542683);
INSERT INTO track (artist_credit, edits_pending, gid, id, last_updated, length, medium, name, number, position, recording) VALUES (11545, 0, 'd17bed32-940a-3fcc-9210-a5d7c516b4bb', '15', '2011-01-18 15:56:00.408782+00', 237133, 24752, 'Plock', '3', 3, 1542684);
INSERT INTO track (artist_credit, edits_pending, gid, id, last_updated, length, medium, name, number, position, recording) VALUES (11545, 0, '001bc675-ba25-32bc-9914-d5d9e22c3c44', '18', '2011-01-18 15:56:00.408782+00', 229826, 24752, 'Marbles', '4', 4, 1542685);
INSERT INTO track (artist_credit, edits_pending, gid, id, last_updated, length, medium, name, number, position, recording) VALUES (11545, 0, 'c009176f-ff26-3f5f-bd16-46cede30ebe6', '21', '2011-01-18 15:56:00.408782+00', 217440, 24752, 'Busy Working', '5', 5, 1542686);
INSERT INTO track (artist_credit, edits_pending, gid, id, last_updated, length, medium, name, number, position, recording) VALUES (11545, 0, '70454e43-b39b-3ca7-8c50-ae235b5ef358', '24', '2011-01-18 15:56:00.408782+00', 227293, 24752, 'The Greek Alphabet', '6', 6, 1542687);
INSERT INTO track (artist_credit, edits_pending, gid, id, last_updated, length, medium, name, number, position, recording) VALUES (11545, 0, '1b5da50c-e20f-3762-839c-5a0eea89d6a5', '27', '2011-01-18 15:56:00.408782+00', 244506, 24752, 'Press a Key', '7', 7, 1542688);
INSERT INTO track (artist_credit, edits_pending, gid, id, last_updated, length, medium, name, number, position, recording) VALUES (11545, 0, 'f1b5bd23-ad01-3c0c-a49a-cf8e99088369', '30', '2011-01-18 15:56:00.408782+00', 173960, 24752, 'Bibi Plone', '8', 8, 1542689);
INSERT INTO track (artist_credit, edits_pending, gid, id, last_updated, length, medium, name, number, position, recording) VALUES (11545, 0, '928f2274-5694-35f9-92da-a1fc565867cf', '33', '2011-01-18 15:56:00.408782+00', 208706, 24752, 'Be Rude to Your School', '9', 9, 1542690);
INSERT INTO track (artist_credit, edits_pending, gid, id, last_updated, length, medium, name, number, position, recording) VALUES (11545, 0, '40727388-237d-34b2-8a3a-288878e5c883', '36', '2011-01-18 15:56:00.408782+00', 320067, 24752, 'Summer Plays Out', '10', 10, 1542691);
INSERT INTO track (artist_credit, edits_pending, gid, id, last_updated, length, medium, name, number, position, recording) VALUES (11545, 0, '659797a3-5be2-3563-b308-58667c80cbf9', '8', '2011-01-18 15:56:00.408782+00', 267560, 243064, 'On My Bus', '1', 1, 1542682);
INSERT INTO track (artist_credit, edits_pending, gid, id, last_updated, length, medium, name, number, position, recording) VALUES (11545, 0, 'e29ffe54-9f94-382a-84d1-de55048a873c', '11', '2011-01-18 15:56:00.408782+00', 230506, 243064, 'Top & Low Rent', '2', 2, 1542683);
INSERT INTO track (artist_credit, edits_pending, gid, id, last_updated, length, medium, name, number, position, recording) VALUES (11545, 0, '9df3b0d8-ac00-3005-bec9-7534427ae4ef', '14', '2011-01-18 15:56:00.408782+00', 237133, 243064, 'Plock', '3', 3, 1542684);
INSERT INTO track (artist_credit, edits_pending, gid, id, last_updated, length, medium, name, number, position, recording) VALUES (11545, 0, 'd7b86b05-cf6f-3bdc-80fa-24b0fbcfa8b3', '17', '2011-01-18 15:56:00.408782+00', 229826, 243064, 'Marbles', '4', 4, 1542685);
INSERT INTO track (artist_credit, edits_pending, gid, id, last_updated, length, medium, name, number, position, recording) VALUES (11545, 0, '6d080e0c-e7f1-31e2-b6ee-9ac3d4ffa469', '20', '2011-01-18 15:56:00.408782+00', 217440, 243064, 'Busy Working', '5', 5, 1542686);
INSERT INTO track (artist_credit, edits_pending, gid, id, last_updated, length, medium, name, number, position, recording) VALUES (11545, 0, 'a3f63552-ae5d-3070-8f1a-7e2f1627a010', '23', '2011-01-18 15:56:00.408782+00', 227293, 243064, 'The Greek Alphabet', '6', 6, 1542687);
INSERT INTO track (artist_credit, edits_pending, gid, id, last_updated, length, medium, name, number, position, recording) VALUES (11545, 0, '14332da9-9900-3038-a83c-9f3060d58b1a', '26', '2011-01-18 15:56:00.408782+00', 244506, 243064, 'Press a Key', '7', 7, 1542688);
INSERT INTO track (artist_credit, edits_pending, gid, id, last_updated, length, medium, name, number, position, recording) VALUES (11545, 0, 'eea90a37-39f9-31fb-9896-32f8108076d0', '29', '2011-01-18 15:56:00.408782+00', 173960, 243064, 'Bibi Plone', '8', 8, 1542689);
INSERT INTO track (artist_credit, edits_pending, gid, id, last_updated, length, medium, name, number, position, recording) VALUES (11545, 0, '795685fd-144f-3802-9336-f418c8b362b5', '32', '2011-01-18 15:56:00.408782+00', 208706, 243064, 'Be Rude to Your School', '9', 9, 1542690);
INSERT INTO track (artist_credit, edits_pending, gid, id, last_updated, length, medium, name, number, position, recording) VALUES (11545, 0, 'fd27957f-f4dd-3109-a397-01ecb39b900d', '35', '2011-01-18 15:56:00.408782+00', 320067, 243064, 'Summer Plays Out', '10', 10, 1542691);
INSERT INTO track (artist_credit, edits_pending, gid, id, last_updated, length, medium, name, number, position, recording) VALUES (11545, 0, '60479776-bd36-38a7-801b-459c04511117', '7', '2011-01-18 15:56:00.408782+00', 267560, 654729, 'On My Bus', '1', 1, 1542682);
INSERT INTO track (artist_credit, edits_pending, gid, id, last_updated, length, medium, name, number, position, recording) VALUES (11545, 0, 'b7b06585-45d2-3313-9521-ffc5da758605', '10', '2011-01-18 15:56:00.408782+00', 230506, 654729, 'Top & Low Rent', '2', 2, 1542683);
INSERT INTO track (artist_credit, edits_pending, gid, id, last_updated, length, medium, name, number, position, recording) VALUES (11545, 0, '6e652a65-606e-37a5-ae1c-1196efab3f2c', '13', '2011-01-18 15:56:00.408782+00', 237133, 654729, 'Plock', '3', 3, 1542684);
INSERT INTO track (artist_credit, edits_pending, gid, id, last_updated, length, medium, name, number, position, recording) VALUES (11545, 0, '9ed45d72-e57b-3bba-af36-d0eb491c9daf', '16', '2011-01-18 15:56:00.408782+00', 229826, 654729, 'Marbles', '4', 4, 1542685);
INSERT INTO track (artist_credit, edits_pending, gid, id, last_updated, length, medium, name, number, position, recording) VALUES (11545, 0, 'b2da826a-d320-3dcb-818a-697e7b272a2e', '19', '2011-01-18 15:56:00.408782+00', 217440, 654729, 'Busy Working', '5', 5, 1542686);
INSERT INTO track (artist_credit, edits_pending, gid, id, last_updated, length, medium, name, number, position, recording) VALUES (11545, 0, '58b677c8-940c-328f-b6de-ec7a3eb7b45a', '22', '2011-01-18 15:56:00.408782+00', 227293, 654729, 'The Greek Alphabet', '6', 6, 1542687);
INSERT INTO track (artist_credit, edits_pending, gid, id, last_updated, length, medium, name, number, position, recording) VALUES (11545, 0, '28d6004e-8b22-36c1-b83b-ef15363ff531', '25', '2011-01-18 15:56:00.408782+00', 244506, 654729, 'Press a Key', '7', 7, 1542688);
INSERT INTO track (artist_credit, edits_pending, gid, id, last_updated, length, medium, name, number, position, recording) VALUES (11545, 0, '42b6a451-da4d-33ee-b07d-262e41699bde', '28', '2011-01-18 15:56:00.408782+00', 173960, 654729, 'Bibi Plone', '8', 8, 1542689);
INSERT INTO track (artist_credit, edits_pending, gid, id, last_updated, length, medium, name, number, position, recording) VALUES (11545, 0, '0fd83be0-b230-3535-879e-a736aeed0f00', '31', '2011-01-18 15:56:00.408782+00', 208706, 654729, 'Be Rude to Your School', '9', 9, 1542690);
INSERT INTO track (artist_credit, edits_pending, gid, id, last_updated, length, medium, name, number, position, recording) VALUES (11545, 0, 'cf7e7c47-b3b1-3be9-ba31-623bb258f73d', '34', '2011-01-18 15:56:00.408782+00', 320067, 654729, 'Summer Plays Out', '10', 10, 1542691);
INSERT INTO track (artist_credit, edits_pending, gid, id, last_updated, length, medium, name, number, position, recording) VALUES (427385, 0, '52b0195e-673e-31d2-b9a7-be49edef1ea8', '37', '2011-01-18 15:56:00.408782+00', 369000, 246898, 'Night Vision', '1', 1, 6750260);
INSERT INTO track (artist_credit, edits_pending, gid, id, last_updated, length, medium, name, number, position, recording) VALUES (427385, 0, 'ad1467f9-df92-38e0-b99f-9d5acc186cf3', '38', '2011-01-18 15:56:00.408782+00', 291000, 246898, 'My Demons', '2', 2, 6750261);
INSERT INTO track (artist_credit, edits_pending, gid, id, last_updated, length, medium, name, number, position, recording) VALUES (427385, 0, 'af9bda3a-71d6-3b09-b8fe-445c69daaf9b', '39', '2011-01-18 15:56:00.408782+00', 348000, 246898, 'Weigh Down', '3', 3, 6750262);
INSERT INTO track (artist_credit, edits_pending, gid, id, last_updated, length, medium, name, number, position, recording) VALUES (427385, 0, '32c60d36-7cfa-3c3d-a55a-22ba23d3dfb0', '40', '2011-01-18 15:56:00.408782+00', 319000, 246898, 'Traffic', '4', 4, 6750263);
INSERT INTO track (artist_credit, edits_pending, gid, id, last_updated, length, medium, name, number, position, recording) VALUES (427385, 0, '8d13b868-aada-3aae-a31c-bc305528de52', '41', '2011-01-18 15:56:00.408782+00', 280000, 246898, 'Mistral', '5', 5, 6750264);
INSERT INTO track (artist_credit, edits_pending, gid, id, last_updated, length, medium, name, number, position, recording) VALUES (427385, 0, '6ba592c0-3788-3d6d-b900-ab5d64374054', '42', '2011-01-18 15:56:00.408782+00', 265000, 246898, 'Cyclops', '6', 6, 6750265);
INSERT INTO track (artist_credit, edits_pending, gid, id, last_updated, length, medium, name, number, position, recording) VALUES (427385, 0, '87cc2257-592a-3f54-ad0f-61380cb9b346', '43', '2011-01-18 15:56:00.408782+00', 334000, 246898, 'Cella', '7', 7, 6750266);
INSERT INTO track (artist_credit, edits_pending, gid, id, last_updated, length, medium, name, number, position, recording) VALUES (427385, 0, '7b6cd398-9867-3b70-9be8-8ee49f36bbb8', '44', '2011-01-18 15:56:00.408782+00', 300000, 246898, 'Ska', '8', 8, 6750267);
INSERT INTO track (artist_credit, edits_pending, gid, id, last_updated, length, medium, name, number, position, recording) VALUES (427385, 0, '8dc6d377-8f15-32d6-8545-1c13f33bbd40', '45', '2011-01-18 15:56:00.408782+00', 311000, 246898, 'Fractured', '9', 9, 6750268);
INSERT INTO track (artist_credit, edits_pending, gid, id, last_updated, length, medium, name, number, position, recording) VALUES (427385, 0, 'd702507a-ad80-3990-a0ee-242721b05863', '46', '2011-01-18 15:56:00.408782+00', 272000, 246898, 'Tuning', '10', 10, 6750269);
INSERT INTO track (artist_credit, edits_pending, gid, id, last_updated, length, medium, name, number, position, recording) VALUES (427385, 0, 'd2d372d8-d19f-3e7f-85c7-dfccf1e980a2', '47', '2011-01-18 15:56:00.408782+00', 314000, 246898, 'Confined', '11', 11, 6750270);
INSERT INTO track (artist_credit, edits_pending, gid, id, last_updated, length, medium, name, number, position, recording) VALUES (427385, 0, '6d37927f-e15f-3de5-ba4e-02bdf86e1a83', '48', '2011-01-18 15:56:00.408782+00', 339000, 246898, 'Delight', '12', 12, 6750271);
INSERT INTO track (artist_credit, edits_pending, gid, id, last_updated, length, medium, name, number, position, recording) VALUES (427385, 0, 'fb1b7396-afef-3390-bc44-b7c22ec4bbea', '49', '2011-01-18 15:56:00.408782+00', 308706, 446581, 'Magnesium', '1', 1, 8509231);
INSERT INTO track (artist_credit, edits_pending, gid, id, last_updated, length, medium, name, number, position, recording) VALUES (427385, 0, '3f55b934-4c5d-39bf-97ed-7c1091fb1204', '50', '2011-01-18 15:56:00.408782+00', 340626, 446581, 'Out of Mind', '2', 2, 8509232);
INSERT INTO track (artist_credit, edits_pending, gid, id, last_updated, length, medium, name, number, position, recording) VALUES (427385, 0, '2b9c46e1-5f99-3020-b3c7-dcf0b5702902', '51', '2011-01-18 15:56:00.408782+00', 326066, 446581, 'Free Me', '3', 3, 8509233);
INSERT INTO track (artist_credit, edits_pending, gid, id, last_updated, length, medium, name, number, position, recording) VALUES (427385, 0, '56d28592-a6b8-336e-8d82-2f48a9322c41', '52', '2011-01-18 15:56:00.408782+00', 340133, 446581, 'Koncrete', '4', 4, 8509234);
INSERT INTO track (artist_credit, edits_pending, gid, id, last_updated, length, medium, name, number, position, recording) VALUES (427385, 0, 'cb8287e2-9c67-341c-8b42-fb02470beb0e', '53', '2011-01-18 15:56:00.408782+00', 353773, 446581, 'Loosen My Grip', '5', 5, 8509235);
INSERT INTO track (artist_credit, edits_pending, gid, id, last_updated, length, medium, name, number, position, recording) VALUES (427385, 0, '919f8a01-becd-3a52-8f64-8597b4afa6cd', '54', '2011-01-18 15:56:00.408782+00', 296000, 446581, 'Repercussions', '6', 6, 8509236);
INSERT INTO track (artist_credit, edits_pending, gid, id, last_updated, length, medium, name, number, position, recording) VALUES (427385, 0, '0a684ffb-d291-3df1-8cb1-97ca82a4111d', '55', '2011-01-18 15:56:00.408782+00', 329026, 446581, 'Mirror Tell', '7', 7, 8509237);
INSERT INTO track (artist_credit, edits_pending, gid, id, last_updated, length, medium, name, number, position, recording) VALUES (427385, 0, '686b3471-eb00-3b45-9612-cf104d4a4278', '56', '2011-01-18 15:56:00.408782+00', 295786, 446581, 'Sending Chills', '8', 8, 8509238);
INSERT INTO track (artist_credit, edits_pending, gid, id, last_updated, length, medium, name, number, position, recording) VALUES (427385, 0, '1f74a1d5-d355-3982-bfc1-e1ba03143c2d', '57', '2011-01-18 15:56:00.408782+00', 276373, 446581, 'Skeleton Grin', '9', 9, 8509239);
INSERT INTO track (artist_credit, edits_pending, gid, id, last_updated, length, medium, name, number, position, recording) VALUES (427385, 0, '856ae00a-cc2f-392f-a4a2-5ed96e234efb', '58', '2011-01-18 15:56:00.408782+00', 355346, 467794, 'V', '1', 1, 8692017);
INSERT INTO track (artist_credit, edits_pending, gid, id, last_updated, length, medium, name, number, position, recording) VALUES (427385, 0, 'aaa81c88-2b48-3247-ad63-61ec4d423c5c', '59', '2011-01-18 15:56:00.408782+00', 209826, 467794, 'Headstrung', '2', 2, 8692018);
INSERT INTO track (artist_credit, edits_pending, gid, id, last_updated, length, medium, name, number, position, recording) VALUES (427385, 0, 'a4066707-1f29-30d9-80c6-3b6d12f3f6e6', '60', '2011-01-18 15:56:00.408782+00', 291773, 467794, 'Misfit', '3', 3, 8692019);
INSERT INTO track (artist_credit, edits_pending, gid, id, last_updated, length, medium, name, number, position, recording) VALUES (427385, 0, '75bbcd04-b648-3dd0-bad4-a84d38cc20da', '61', '2011-01-18 15:56:00.408782+00', 350120, 467794, 'Present Day', '4', 4, 8692020);

-- Labels

INSERT INTO label (begin_date_day, begin_date_month, begin_date_year, comment, area, edits_pending, end_date_day, end_date_month, end_date_year, ended, gid, id, label_code, last_updated, name, type) VALUES (NULL, NULL, NULL, '', 222, 0, NULL, NULL, NULL, '0', 'f8714b81-78da-4f6e-a20c-7b2bad7709ce', 8092, NULL, NULL, 'Classic Records', 6);
INSERT INTO label (begin_date_day, begin_date_month, begin_date_year, comment, area, edits_pending, end_date_day, end_date_month, end_date_year, ended, gid, id, label_code, last_updated, name, type) VALUES (NULL, NULL, 1980, '', 222, 0, NULL, NULL, NULL, '0', '1bfd06be-a6ed-4ced-8159-7d4d2923a40c', 395, NULL, NULL, 'Epitaph', 4);
INSERT INTO label (begin_date_day, begin_date_month, begin_date_year, comment, area, edits_pending, end_date_day, end_date_month, end_date_year, ended, gid, id, label_code, last_updated, name, type) VALUES (29, 4, 1996, 'UK drum & bass', 221, 0, NULL, NULL, NULL, '0', '8562598d-60d1-4bd6-8b85-4d709e951770', 288, 12939, NULL, 'Hospital Records', 4);
INSERT INTO label (begin_date_day, begin_date_month, begin_date_year, comment, area, edits_pending, end_date_day, end_date_month, end_date_year, ended, gid, id, label_code, last_updated, name, type) VALUES (NULL, NULL, NULL, '', 222, 0, NULL, NULL, NULL, '0', '49375f06-59e2-4c94-93ac-ac0c6df52151', 36456, NULL, '2009-05-13 21:32:42.20387+00', 'MCA Music', 7);
INSERT INTO label (begin_date_day, begin_date_month, begin_date_year, comment, area, edits_pending, end_date_day, end_date_month, end_date_year, ended, gid, id, label_code, last_updated, name, type) VALUES (NULL, NULL, NULL, '', 222, 0, NULL, NULL, NULL, '0', 'ef36d3a8-fcc9-4e50-bb80-27bcfd0bbdad', 15288, NULL, NULL, 'ABC-Paramount', 4);
INSERT INTO label (begin_date_day, begin_date_month, begin_date_year, comment, area, edits_pending, end_date_day, end_date_month, end_date_year, ended, gid, id, label_code, last_updated, name, type) VALUES (NULL, NULL, NULL, 'UK, started in 1981', 221, 0, NULL, NULL, NULL, '0', '6ca0c797-97f1-4701-8b62-f2f6d5fd1d10', 6553, 5982, NULL, 'Ace Records', 4);
INSERT INTO label (begin_date_day, begin_date_month, begin_date_year, comment, area, edits_pending, end_date_day, end_date_month, end_date_year, ended, gid, id, label_code, last_updated, name, type) VALUES (NULL, NULL, 1965, '65-79 US', 222, 0, NULL, NULL, 1979, '1', 'c3e5d5a2-53f2-4eab-9641-23d61e511928', 2333, NULL, '2009-09-22 23:46:54.441733+00', 'ABC Records', 4);
INSERT INTO label (begin_date_day, begin_date_month, begin_date_year, comment, area, edits_pending, end_date_day, end_date_month, end_date_year, ended, gid, id, label_code, last_updated, name, type) VALUES (NULL, NULL, 1967, 'US branch', 222, 0, NULL, NULL, 2004, '1', '46a3941a-c810-47a1-974f-955effec4d09', 347, 1056, NULL, 'MCA Records', 4);
INSERT INTO label (begin_date_day, begin_date_month, begin_date_year, comment, area, edits_pending, end_date_day, end_date_month, end_date_year, ended, gid, id, label_code, last_updated, name, type) VALUES (NULL, NULL, 1977, '', 222, 0, NULL, NULL, NULL, '0', 'edd54e2f-2eef-46b1-a9b5-bedfe5ed33be', 4349, NULL, '2010-08-22 10:59:52.267882+00', 'Mobile Fidelity Sound Lab', 6);
INSERT INTO label (begin_date_day, begin_date_month, begin_date_year, comment, area, edits_pending, end_date_day, end_date_month, end_date_year, ended, gid, id, label_code, last_updated, name, type) VALUES (2, 6, 2003, '', 222, 0, NULL, NULL, NULL, '0', 'dc7149d6-0356-49d5-baa4-e7e7c57d88ff', 3933, NULL, NULL, 'Kounterfeit Records', 1);
INSERT INTO label (begin_date_day, begin_date_month, begin_date_year, comment, area, edits_pending, end_date_day, end_date_month, end_date_year, ended, gid, id, label_code, last_updated, name, type) VALUES (NULL, 11, 2005, '', 222, 0, NULL, NULL, NULL, '0', 'e95b7378-49f2-41a5-bc5f-08378fb69335', 30181, NULL, NULL, 'Grey Vireo Press', NULL);
INSERT INTO label (begin_date_day, begin_date_month, begin_date_year, comment, area, edits_pending, end_date_day, end_date_month, end_date_year, ended, gid, id, label_code, last_updated, name, type) VALUES (NULL, NULL, NULL, '', 107, 1, NULL, NULL, NULL, '0', '6bb73458-6c5f-4c26-8367-66fcef562955', 381, NULL, '2011-02-03 18:27:17.336777+00', 'zetima', 4);
INSERT INTO label (begin_date_day, begin_date_month, begin_date_year, comment, area, edits_pending, end_date_day, end_date_month, end_date_year, ended, gid, id, label_code, last_updated, name, type) VALUES (NULL, NULL, 1989, '', 221, 0, NULL, NULL, NULL, '0', '46f0f4cd-8aab-4b33-b698-f459faf64190', 46, 2070, '2008-11-24 23:37:52.738165+00', 'Warp Records', 4);
INSERT INTO label (begin_date_day, begin_date_month, begin_date_year, comment, area, edits_pending, end_date_day, end_date_month, end_date_year, ended, gid, id, label_code, last_updated, name, type) VALUES (NULL, NULL, 1989, '', 222, 0, NULL, NULL, NULL, '0', '229bd4be-8cd7-442c-85b0-5007ea353abc', 124, 11552, NULL, 'Matador Records', 4);
INSERT INTO label (begin_date_day, begin_date_month, begin_date_year, comment, area, edits_pending, end_date_day, end_date_month, end_date_year, ended, gid, id, label_code, last_updated, name, type) VALUES (NULL, NULL, 1995, '', 221, 0, NULL, NULL, NULL, '0', 'b4edce40-090f-4956-b82a-5d9d285da40b', 132, NULL, NULL, 'Planet Mu', 4);
INSERT INTO label (begin_date_day, begin_date_month, begin_date_year, comment, area, edits_pending, end_date_day, end_date_month, end_date_year, ended, gid, id, label_code, last_updated, name, type) VALUES (NULL, NULL, NULL, '', 107, 0, NULL, NULL, NULL, '0', '72a46579-e9a0-405a-8ee1-e6e6b63b8212', 2882, NULL, '2008-11-29 10:19:30.284281+00', 'rhythm zone', 4);
INSERT INTO label (begin_date_day, begin_date_month, begin_date_year, comment, area, edits_pending, end_date_day, end_date_month, end_date_year, ended, gid, id, label_code, last_updated, name, type) VALUES (NULL, NULL, NULL, '', 107, 0, NULL, NULL, NULL, '0', '168f48c8-057e-4974-9600-aa9956d21e1a', 28, NULL, '2009-06-27 16:09:17.482349+00', 'avex trax', 4);
INSERT INTO label (begin_date_day, begin_date_month, begin_date_year, comment, area, edits_pending, end_date_day, end_date_month, end_date_year, ended, gid, id, label_code, last_updated, name, type) VALUES (NULL, NULL, 2001, 'UK drum & bass, Klute''s label', 221, 0, NULL, NULL, NULL, '0', '3218df3e-3de3-45e3-9a05-041528db6ee5', 3592, NULL, NULL, 'Commercial Suicide', 4);
INSERT INTO label (begin_date_day, begin_date_month, begin_date_year, comment, area, edits_pending, end_date_day, end_date_month, end_date_year, ended, gid, id, label_code, last_updated, name, type) VALUES (NULL, NULL, 1992, '', 221, 0, NULL, NULL, NULL, '0', 'fe03671d-df66-4984-abbc-bd022f5c6c3f', 1949, NULL, NULL, 'RAM Records', 4);
INSERT INTO label (begin_date_day, begin_date_month, begin_date_year, comment, area, edits_pending, end_date_day, end_date_month, end_date_year, ended, gid, id, label_code, last_updated, name, type) VALUES (NULL, NULL, 2001, '', 221, 0, NULL, NULL, NULL, '0', '60a71ab7-a21b-4f25-94e0-1f51a84a9add', 3545, NULL, NULL, 'Frequency Recordings', 4);
INSERT INTO label (begin_date_day, begin_date_month, begin_date_year, comment, area, edits_pending, end_date_day, end_date_month, end_date_year, ended, gid, id, label_code, last_updated, name, type) VALUES (NULL, NULL, NULL, '', 222, 0, NULL, NULL, NULL, '0', '60f3af98-d6ca-4995-a9b5-b93924e2405f', 187, NULL, NULL, 'Astralwerks', 4);
INSERT INTO label (begin_date_day, begin_date_month, begin_date_year, comment, area, edits_pending, end_date_day, end_date_month, end_date_year, ended, gid, id, label_code, last_updated, name, type) VALUES (NULL, NULL, 1995, '', 221, 0, NULL, NULL, NULL, '0', '86b88c78-b21f-4711-a43d-991d8d1db10b', 2988, 3098, NULL, 'Freestyle Dust', 4);
INSERT INTO label (begin_date_day, begin_date_month, begin_date_year, comment, area, edits_pending, end_date_day, end_date_month, end_date_year, ended, gid, id, label_code, last_updated, name, type) VALUES (NULL, NULL, NULL, '', 13, 0, NULL, NULL, NULL, '0', '42adf77e-f597-4bfe-9abd-b3e2516851e3', 9632, NULL, NULL, 'Virgin Records Australia', NULL);
INSERT INTO label (begin_date_day, begin_date_month, begin_date_year, comment, area, edits_pending, end_date_day, end_date_month, end_date_year, ended, gid, id, label_code, last_updated, name, type) VALUES (NULL, NULL, 1973, 'UK/worldwide', 221, 0, NULL, NULL, NULL, '0', '49b58bdb-3d74-40c6-956a-4c4b46115c9c', 95, 3098, NULL, 'Virgin', NULL);
INSERT INTO label (begin_date_day, begin_date_month, begin_date_year, comment, area, edits_pending, end_date_day, end_date_month, end_date_year, ended, gid, id, label_code, last_updated, name, type) VALUES (NULL, NULL, 1955, '', 222, 0, NULL, NULL, NULL, '0', '1b65f6a5-8214-4add-b5ad-5af191b4572c', 839, 1557, NULL, 'EastWest Records America', 4);
INSERT INTO label (begin_date_day, begin_date_month, begin_date_year, comment, area, edits_pending, end_date_day, end_date_month, end_date_year, ended, gid, id, label_code, last_updated, name, type) VALUES (NULL, NULL, 1947, '', 222, 0, NULL, NULL, NULL, '0', '50c384a2-0b44-401b-b893-8181173339c7', 33, 121, NULL, 'Atlantic', 4);
INSERT INTO label (begin_date_day, begin_date_month, begin_date_year, comment, area, edits_pending, end_date_day, end_date_month, end_date_year, ended, gid, id, label_code, last_updated, name, type) VALUES (NULL, NULL, 1989, '', 107, 0, NULL, NULL, NULL, '0', '26ea8229-7cf7-4482-8dae-15589ceb5398', 369, NULL, NULL, 'Warner Music Japan', 1);

UPDATE label_meta SET rating_count = NULL, rating = NULL WHERE id = 33;
UPDATE label_meta SET rating_count = NULL, rating = NULL WHERE id = 369;
UPDATE label_meta SET rating_count = NULL, rating = NULL WHERE id = 8092;
UPDATE label_meta SET rating_count = 1, rating = 80 WHERE id = 395;
UPDATE label_meta SET rating_count = NULL, rating = NULL WHERE id = 288;
UPDATE label_meta SET rating_count = NULL, rating = NULL WHERE id = 36456;
UPDATE label_meta SET rating_count = NULL, rating = NULL WHERE id = 15288;
UPDATE label_meta SET rating_count = NULL, rating = NULL WHERE id = 6553;
UPDATE label_meta SET rating_count = NULL, rating = NULL WHERE id = 2333;
UPDATE label_meta SET rating_count = NULL, rating = NULL WHERE id = 347;
UPDATE label_meta SET rating_count = NULL, rating = NULL WHERE id = 4349;
UPDATE label_meta SET rating_count = 1, rating = 100 WHERE id = 3933;
UPDATE label_meta SET rating_count = NULL, rating = NULL WHERE id = 30181;
UPDATE label_meta SET rating_count = NULL, rating = NULL WHERE id = 381;
UPDATE label_meta SET rating_count = 1, rating = 100 WHERE id = 46;
UPDATE label_meta SET rating_count = 2, rating = 100 WHERE id = 124;
UPDATE label_meta SET rating_count = NULL, rating = NULL WHERE id = 132;
UPDATE label_meta SET rating_count = NULL, rating = NULL WHERE id = 2882;
UPDATE label_meta SET rating_count = NULL, rating = NULL WHERE id = 28;
UPDATE label_meta SET rating_count = NULL, rating = NULL WHERE id = 3592;
UPDATE label_meta SET rating_count = NULL, rating = NULL WHERE id = 1949;
UPDATE label_meta SET rating_count = NULL, rating = NULL WHERE id = 3545;
UPDATE label_meta SET rating_count = NULL, rating = NULL WHERE id = 187;
UPDATE label_meta SET rating_count = NULL, rating = NULL WHERE id = 2988;
UPDATE label_meta SET rating_count = NULL, rating = NULL WHERE id = 9632;
UPDATE label_meta SET rating_count = NULL, rating = NULL WHERE id = 95;
UPDATE label_meta SET rating_count = NULL, rating = NULL WHERE id = 839;

INSERT INTO label_alias (begin_date_day, begin_date_month, begin_date_year, edits_pending, end_date_day, end_date_month, end_date_year, id, label, last_updated, locale, name, primary_for_locale, sort_name, type) VALUES (NULL, NULL, NULL, 0, NULL, NULL, NULL, 3779, 369, '2011-01-18 15:21:33.71184+00', NULL, 'ワーナー・ミュージック・ジャパン', '0', 'ワーナー・ミュージック・ジャパン', NULL);
INSERT INTO label_alias (begin_date_day, begin_date_month, begin_date_year, edits_pending, end_date_day, end_date_month, end_date_year, id, label, last_updated, locale, name, primary_for_locale, sort_name, type) VALUES (NULL, NULL, NULL, 0, NULL, NULL, NULL, 1226, 395, '2011-01-18 15:21:33.71184+00', NULL, 'Epitaph Records', '0', 'Epitaph Records', NULL);
INSERT INTO label_alias (begin_date_day, begin_date_month, begin_date_year, edits_pending, end_date_day, end_date_month, end_date_year, id, label, last_updated, locale, name, primary_for_locale, sort_name, type) VALUES (NULL, NULL, NULL, 0, NULL, NULL, NULL, 2017, 36456, '2011-01-18 15:21:33.71184+00', NULL, 'MCA Music Ltd', '0', 'MCA Music Ltd', NULL);
INSERT INTO label_alias (begin_date_day, begin_date_month, begin_date_year, edits_pending, end_date_day, end_date_month, end_date_year, id, label, last_updated, locale, name, primary_for_locale, sort_name, type) VALUES (NULL, NULL, NULL, 0, NULL, NULL, NULL, 3854, 6553, '2011-01-18 15:21:33.71184+00', NULL, 'Ace Records UK', '0', 'Ace Records UK', NULL);
INSERT INTO label_alias (begin_date_day, begin_date_month, begin_date_year, edits_pending, end_date_day, end_date_month, end_date_year, id, label, last_updated, locale, name, primary_for_locale, sort_name, type) VALUES (NULL, NULL, NULL, 0, NULL, NULL, NULL, 1922, 2333, '2011-01-18 15:21:33.71184+00', NULL, 'ABC', '0', 'ABC', NULL);
INSERT INTO label_alias (begin_date_day, begin_date_month, begin_date_year, edits_pending, end_date_day, end_date_month, end_date_year, id, label, last_updated, locale, name, primary_for_locale, sort_name, type) VALUES (NULL, NULL, NULL, 0, NULL, NULL, NULL, 1634, 347, '2011-01-18 15:21:33.71184+00', NULL, 'MCA', '0', 'MCA', NULL);
INSERT INTO label_alias (begin_date_day, begin_date_month, begin_date_year, edits_pending, end_date_day, end_date_month, end_date_year, id, label, last_updated, locale, name, primary_for_locale, sort_name, type) VALUES (NULL, NULL, NULL, 0, NULL, NULL, NULL, 2155, 347, '2011-01-18 15:21:33.71184+00', NULL, 'MCA Records Inc', '0', 'MCA Records Inc', NULL);
INSERT INTO label_alias (begin_date_day, begin_date_month, begin_date_year, edits_pending, end_date_day, end_date_month, end_date_year, id, label, last_updated, locale, name, primary_for_locale, sort_name, type) VALUES (NULL, NULL, NULL, 0, NULL, NULL, NULL, 592, 4349, '2011-01-18 15:21:33.71184+00', NULL, 'MFSL', '0', 'MFSL', NULL);
INSERT INTO label_alias (begin_date_day, begin_date_month, begin_date_year, edits_pending, end_date_day, end_date_month, end_date_year, id, label, last_updated, locale, name, primary_for_locale, sort_name, type) VALUES (NULL, NULL, NULL, 0, NULL, NULL, NULL, 2457, 4349, '2011-01-18 15:21:33.71184+00', NULL, 'Mobile Fidelity Sound Labs', '0', 'Mobile Fidelity Sound Labs', NULL);
INSERT INTO label_alias (begin_date_day, begin_date_month, begin_date_year, edits_pending, end_date_day, end_date_month, end_date_year, id, label, last_updated, locale, name, primary_for_locale, sort_name, type) VALUES (NULL, NULL, NULL, 0, NULL, NULL, NULL, 2499, 3933, '2011-01-18 15:21:33.71184+00', NULL, 'Kounterfeit', '0', 'Kounterfeit', NULL);
INSERT INTO label_alias (begin_date_day, begin_date_month, begin_date_year, edits_pending, end_date_day, end_date_month, end_date_year, id, label, last_updated, locale, name, primary_for_locale, sort_name, type) VALUES (NULL, NULL, NULL, 1, NULL, NULL, NULL, 4906, 381, '2011-02-03 18:27:17.336777+00', NULL, 'ゼティマ', '0', 'ゼティマ', NULL);
INSERT INTO label_alias (begin_date_day, begin_date_month, begin_date_year, edits_pending, end_date_day, end_date_month, end_date_year, id, label, last_updated, locale, name, primary_for_locale, sort_name, type) VALUES (NULL, NULL, NULL, 0, NULL, NULL, NULL, 639, 132, '2011-01-18 15:21:33.71184+00', NULL, 'Planet µ', '0', 'Planet µ', NULL);
INSERT INTO label_alias (begin_date_day, begin_date_month, begin_date_year, edits_pending, end_date_day, end_date_month, end_date_year, id, label, last_updated, locale, name, primary_for_locale, sort_name, type) VALUES (NULL, NULL, NULL, 0, NULL, NULL, NULL, 1244, 2882, '2011-01-18 15:21:33.71184+00', NULL, 'rythm zone', '0', 'rythm zone', NULL);
INSERT INTO label_alias (begin_date_day, begin_date_month, begin_date_year, edits_pending, end_date_day, end_date_month, end_date_year, id, label, last_updated, locale, name, primary_for_locale, sort_name, type) VALUES (NULL, NULL, NULL, 0, NULL, NULL, NULL, 895, 28, '2011-01-18 15:21:33.71184+00', NULL, 'Avex Trax Japan', '0', 'Avex Trax Japan', NULL);
INSERT INTO label_alias (begin_date_day, begin_date_month, begin_date_year, edits_pending, end_date_day, end_date_month, end_date_year, id, label, last_updated, locale, name, primary_for_locale, sort_name, type) VALUES (NULL, NULL, NULL, 0, NULL, NULL, NULL, 3311, 28, '2011-01-18 15:21:33.71184+00', NULL, 'エイベックス・トラックス', '0', 'エイベックス・トラックス', NULL);
INSERT INTO label_alias (begin_date_day, begin_date_month, begin_date_year, edits_pending, end_date_day, end_date_month, end_date_year, id, label, last_updated, locale, name, primary_for_locale, sort_name, type) VALUES (NULL, NULL, NULL, 0, NULL, NULL, NULL, 3411, 187, '2011-01-18 15:21:33.71184+00', NULL, 'Astralwerks Records', '0', 'Astralwerks Records', NULL);
INSERT INTO label_alias (begin_date_day, begin_date_month, begin_date_year, edits_pending, end_date_day, end_date_month, end_date_year, id, label, last_updated, locale, name, primary_for_locale, sort_name, type) VALUES (NULL, NULL, NULL, 0, NULL, NULL, NULL, 19, 95, '2011-01-18 15:21:33.71184+00', NULL, 'ヴァージン・レコード', '0', 'ヴァージン・レコード', NULL);
INSERT INTO label_alias (begin_date_day, begin_date_month, begin_date_year, edits_pending, end_date_day, end_date_month, end_date_year, id, label, last_updated, locale, name, primary_for_locale, sort_name, type) VALUES (NULL, NULL, NULL, 0, NULL, NULL, NULL, 1557, 95, '2011-01-18 15:21:33.71184+00', NULL, 'Virgin Records Ltd.', '0', 'Virgin Records Ltd.', NULL);
INSERT INTO label_alias (begin_date_day, begin_date_month, begin_date_year, edits_pending, end_date_day, end_date_month, end_date_year, id, label, last_updated, locale, name, primary_for_locale, sort_name, type) VALUES (NULL, NULL, NULL, 0, NULL, NULL, NULL, 1755, 95, '2011-01-18 15:21:33.71184+00', NULL, 'Virgin Records Japan', '0', 'Virgin Records Japan', NULL);
INSERT INTO label_alias (begin_date_day, begin_date_month, begin_date_year, edits_pending, end_date_day, end_date_month, end_date_year, id, label, last_updated, locale, name, primary_for_locale, sort_name, type) VALUES (NULL, NULL, NULL, 0, NULL, NULL, NULL, 2162, 95, '2011-01-18 15:21:33.71184+00', NULL, 'Virgin Music Co.', '0', 'Virgin Music Co.', NULL);
INSERT INTO label_alias (begin_date_day, begin_date_month, begin_date_year, edits_pending, end_date_day, end_date_month, end_date_year, id, label, last_updated, locale, name, primary_for_locale, sort_name, type) VALUES (NULL, NULL, NULL, 0, NULL, NULL, NULL, 2326, 95, '2011-01-18 15:21:33.71184+00', NULL, 'Virgin Records Canada', '0', 'Virgin Records Canada', NULL);
INSERT INTO label_alias (begin_date_day, begin_date_month, begin_date_year, edits_pending, end_date_day, end_date_month, end_date_year, id, label, last_updated, locale, name, primary_for_locale, sort_name, type) VALUES (NULL, NULL, NULL, 0, NULL, NULL, NULL, 3079, 95, '2011-01-18 15:21:33.71184+00', NULL, 'Virgin UK', '0', 'Virgin UK', NULL);
INSERT INTO label_alias (begin_date_day, begin_date_month, begin_date_year, edits_pending, end_date_day, end_date_month, end_date_year, id, label, last_updated, locale, name, primary_for_locale, sort_name, type) VALUES (NULL, NULL, NULL, 0, NULL, NULL, NULL, 3585, 95, '2011-01-18 15:21:33.71184+00', NULL, 'Virgin Records', '0', 'Virgin Records', NULL);
INSERT INTO label_alias (begin_date_day, begin_date_month, begin_date_year, edits_pending, end_date_day, end_date_month, end_date_year, id, label, last_updated, locale, name, primary_for_locale, sort_name, type) VALUES (NULL, NULL, NULL, 0, NULL, NULL, NULL, 295, 839, '2011-01-18 15:21:33.71184+00', NULL, 'East West Records America', '0', 'East West Records America', NULL);
INSERT INTO label_alias (begin_date_day, begin_date_month, begin_date_year, edits_pending, end_date_day, end_date_month, end_date_year, id, label, last_updated, locale, name, primary_for_locale, sort_name, type) VALUES (NULL, NULL, NULL, 0, NULL, NULL, NULL, 1684, 839, '2011-01-18 15:21:33.71184+00', NULL, 'EastWest', '0', 'EastWest', NULL);
INSERT INTO label_alias (begin_date_day, begin_date_month, begin_date_year, edits_pending, end_date_day, end_date_month, end_date_year, id, label, last_updated, locale, name, primary_for_locale, sort_name, type) VALUES (NULL, NULL, NULL, 0, NULL, NULL, NULL, 1523, 33, '2011-01-18 15:21:33.71184+00', NULL, 'Atlantic', '0', 'Atlantic', NULL);
INSERT INTO label_alias (begin_date_day, begin_date_month, begin_date_year, edits_pending, end_date_day, end_date_month, end_date_year, id, label, last_updated, locale, name, primary_for_locale, sort_name, type) VALUES (NULL, NULL, NULL, 0, NULL, NULL, NULL, 3831, 33, '2011-01-18 15:21:33.71184+00', NULL, 'Atlantic Recording Corporation', '0', 'Atlantic Recording Corporation', NULL);
INSERT INTO label_alias (begin_date_day, begin_date_month, begin_date_year, edits_pending, end_date_day, end_date_month, end_date_year, id, label, last_updated, locale, name, primary_for_locale, sort_name, type) VALUES (NULL, NULL, NULL, 0, NULL, NULL, NULL, 4096, 33, '2011-01-18 15:21:33.71184+00', NULL, 'Atlantic Records', '0', 'Atlantic Records', NULL);
INSERT INTO label_alias (begin_date_day, begin_date_month, begin_date_year, edits_pending, end_date_day, end_date_month, end_date_year, id, label, last_updated, locale, name, primary_for_locale, sort_name, type) VALUES (NULL, NULL, NULL, 0, NULL, NULL, NULL, 422, 369, '2011-01-18 15:21:33.71184+00', NULL, 'ワーナーミュージックジャパン', '0', 'ワーナーミュージックジャパン', NULL);
INSERT INTO label_alias (begin_date_day, begin_date_month, begin_date_year, edits_pending, end_date_day, end_date_month, end_date_year, id, label, last_updated, locale, name, primary_for_locale, sort_name, type) VALUES (NULL, NULL, NULL, 0, NULL, NULL, NULL, 507, 369, '2011-01-18 15:21:33.71184+00', NULL, 'ワーナーミュージック・ジャパン', '0', 'ワーナーミュージック・ジャパン', NULL);
INSERT INTO label_alias (begin_date_day, begin_date_month, begin_date_year, edits_pending, end_date_day, end_date_month, end_date_year, id, label, last_updated, locale, name, primary_for_locale, sort_name, type) VALUES (NULL, NULL, NULL, 0, NULL, NULL, NULL, 2656, 369, '2011-01-18 15:21:33.71184+00', NULL, 'WMJ', '0', 'WMJ', NULL);

-- Release labels

INSERT INTO release_label (catalog_number, id, label, last_updated, release) VALUES ('EPCE-5112', 127218, 381, '2011-01-18 15:52:02.917556+00', 49161);
INSERT INTO release_label (catalog_number, id, label, last_updated, release) VALUES ('EPCE-5112', 155396, 381, '2011-01-18 15:52:02.917556+00', 123054);
INSERT INTO release_label (catalog_number, id, label, last_updated, release) VALUES ('WARPCD64', 57662, 46, '2011-01-18 15:52:02.917556+00', 24752);
INSERT INTO release_label (catalog_number, id, label, last_updated, release) VALUES ('OLE 358-2', 57660, 124, '2011-01-18 15:52:02.917556+00', 243064);
INSERT INTO release_label (catalog_number, id, label, last_updated, release) VALUES ('WARPLP64', 57661, 46, '2011-01-18 15:52:02.917556+00', 654729);
INSERT INTO release_label (catalog_number, id, label, last_updated, release) VALUES ('ZIQ170CD', 187480, 132, '2011-01-18 15:52:02.917556+00', 246898);
INSERT INTO release_label (catalog_number, id, label, last_updated, release) VALUES ('ZIQ221CD', 318646, 132, '2011-01-18 15:52:02.917556+00', 446581);
INSERT INTO release_label (catalog_number, id, label, last_updated, release) VALUES ('RZCD-45118', 134076, 2882, '2011-01-18 15:52:02.917556+00', 59662);
INSERT INTO release_label (catalog_number, id, label, last_updated, release) VALUES (NULL, 69343, 28, '2011-01-18 15:52:02.917556+00', 4675);
INSERT INTO release_label (catalog_number, id, label, last_updated, release) VALUES ('AVCD-17390', 113447, 28, '2011-01-18 15:52:02.917556+00', 59312);
INSERT INTO release_label (catalog_number, id, label, last_updated, release) VALUES ('AVCD-17389', 113446, 28, '2011-01-18 15:52:02.917556+00', 558940);
INSERT INTO release_label (catalog_number, id, label, last_updated, release) VALUES ('SUICIDE 021', 259877, 3592, '2011-01-18 15:52:02.917556+00', 372913);
INSERT INTO release_label (catalog_number, id, label, last_updated, release) VALUES ('RAMM 12', 90827, 1949, '2011-01-18 15:52:02.917556+00', 238598);
INSERT INTO release_label (catalog_number, id, label, last_updated, release) VALUES ('FQY012', 253181, 3545, '2011-01-18 15:52:02.917556+00', 361465);
INSERT INTO release_label (catalog_number, id, label, last_updated, release) VALUES ('ASW CD PRO 47610-2', 82, 187, '2011-01-18 15:52:02.917556+00', 8312);
INSERT INTO release_label (catalog_number, id, label, last_updated, release) VALUES ('ASW47610-2', 90295, 187, '2011-01-18 15:52:02.917556+00', 19969);
INSERT INTO release_label (catalog_number, id, label, last_updated, release) VALUES ('XDUSTCD4', 478343, 2988, '2011-01-18 15:52:02.917556+00', 31689);
INSERT INTO release_label (catalog_number, id, label, last_updated, release) VALUES ('XDUSTCD4', 90294, 2988, '2011-01-18 15:52:02.917556+00', 31690);
INSERT INTO release_label (catalog_number, id, label, last_updated, release) VALUES ('XDUSTMD4', 90293, 2988, '2011-01-18 15:52:02.917556+00', 278075);
INSERT INTO release_label (catalog_number, id, label, last_updated, release) VALUES ('7243 8 48849 0 1', 90296, 9632, '2011-01-18 15:52:02.917556+00', 338506);
INSERT INTO release_label (catalog_number, id, label, last_updated, release) VALUES ('XDUSTLP4', 277443, 2988, '2011-01-18 15:52:02.917556+00', 400930);
INSERT INTO release_label (catalog_number, id, label, last_updated, release) VALUES ('VGP 000245', 33174, 95, '2011-01-18 15:52:02.917556+00', 741970);
INSERT INTO release_label (catalog_number, id, label, last_updated, release) VALUES ('8476102', 431676, 2988, '2011-01-18 15:52:02.917556+00', 748905);
INSERT INTO release_label (catalog_number, id, label, last_updated, release) VALUES ('7559-63821-2', 482315, 839, '2011-01-18 15:52:02.917556+00', 442242);
INSERT INTO release_label (catalog_number, id, label, last_updated, release) VALUES ('E3821CD', 484160, 839, '2011-01-18 15:52:02.917556+00', 748906);
INSERT INTO release_label (catalog_number, id, label, last_updated, release) VALUES ('SD 7255', 5163, 33, '2011-01-18 15:52:02.917556+00', 12998);
INSERT INTO release_label (catalog_number, id, label, last_updated, release) VALUES ('82639-2', 5158, 33, '2011-01-18 15:52:02.917556+00', 278984);
INSERT INTO release_label (catalog_number, id, label, last_updated, release) VALUES ('WPCR-13134', 5159, 369, '2011-01-18 15:52:02.917556+00', 441328);
INSERT INTO release_label (catalog_number, id, label, last_updated, release) VALUES ('7567-81529-2', 5165, 33, '2011-01-18 15:52:02.917556+00', 479654);
INSERT INTO release_label (catalog_number, id, label, last_updated, release) VALUES ('250 014', 5160, 33, '2011-01-18 15:52:02.917556+00', 513103);
INSERT INTO release_label (catalog_number, id, label, last_updated, release) VALUES ('SD 7255', 5161, 8092, '2011-01-18 15:52:02.917556+00', 523041);
INSERT INTO release_label (catalog_number, id, label, last_updated, release) VALUES ('R2-513820', 5162, 33, '2011-01-18 15:52:02.917556+00', 553372);
INSERT INTO release_label (catalog_number, id, label, last_updated, release) VALUES ('7567-82639-2', 5157, 33, '2011-01-18 15:52:02.917556+00', 601118);
INSERT INTO release_label (catalog_number, id, label, last_updated, release) VALUES ('19130-2', 5166, 33, '2011-01-18 15:52:02.917556+00', 630918);
INSERT INTO release_label (catalog_number, id, label, last_updated, release) VALUES ('50014', 5164, 33, '2011-01-18 15:52:02.917556+00', 630919);
INSERT INTO release_label (catalog_number, id, label, last_updated, release) VALUES ('7 82546-2', 14436, 33, '2011-01-18 15:52:02.917556+00', 32094);
INSERT INTO release_label (catalog_number, id, label, last_updated, release) VALUES ('86420-2', 14437, 395, '2011-01-18 15:52:02.917556+00', 509518);
INSERT INTO release_label (catalog_number, id, label, last_updated, release) VALUES ('NHS98', 234478, 288, '2011-01-18 15:52:02.917556+00', 329521);
INSERT INTO release_label (catalog_number, id, label, last_updated, release) VALUES ('MCD 11646', 29765, 36456, '2011-01-18 15:52:02.917556+00', 207481);
INSERT INTO release_label (catalog_number, id, label, last_updated, release) VALUES ('ABCS-509', 29766, 15288, '2011-01-18 15:52:02.917556+00', 580942);
INSERT INTO release_label (catalog_number, id, label, last_updated, release) VALUES ('CH 86', 29767, 6553, '2011-01-18 15:52:02.917556+00', 596488);
INSERT INTO release_label (catalog_number, id, label, last_updated, release) VALUES ('ABCS-509', 29768, 2333, '2011-01-18 15:52:02.917556+00', 596489);
INSERT INTO release_label (catalog_number, id, label, last_updated, release) VALUES ('ABCS-724', 29769, 2333, '2011-01-18 15:52:02.917556+00', 596490);
INSERT INTO release_label (catalog_number, id, label, last_updated, release) VALUES ('MCD31106/MCAD31106', 29770, 347, '2011-01-18 15:52:02.917556+00', 596491);
INSERT INTO release_label (catalog_number, id, label, last_updated, release) VALUES ('UDCD 548', 29771, 4349, '2011-01-18 15:52:02.917556+00', 596492);
INSERT INTO release_label (catalog_number, id, label, last_updated, release) VALUES ('UDCD 548', 29772, 4349, '2011-01-18 15:52:02.917556+00', 672077);
INSERT INTO release_label (catalog_number, id, label, last_updated, release) VALUES ('KOU-004', 261286, 3933, '2011-01-18 15:52:02.917556+00', 375273);
INSERT INTO release_label (catalog_number, id, label, last_updated, release) VALUES ('GVP01', 313869, 30181, '2011-01-18 15:52:02.917556+00', 459740);

-- Places

INSERT INTO place (id, gid, name, type, address, area, coordinates, comment, edits_pending, last_updated, begin_date_year, begin_date_month, begin_date_day, end_date_year, end_date_month, end_date_day, ended) VALUES (1, 'df9269dd-0470-4ea2-97e8-c11e46080edd', 'A Test Place', 1, 'An Address', 241, '(0.323,1.234)', 'A PLACE!', 0, '2013-09-07 14:40:22.041309+00', 2013, NULL, NULL, NULL, NULL, NULL, '0');

INSERT INTO place_alias (id, place, name, locale, edits_pending, last_updated, type, sort_name, begin_date_year, begin_date_month, begin_date_day, end_date_year, end_date_month, end_date_day, primary_for_locale, ended) VALUES (1, 1, 'A Test Place Alias', NULL, 0, '2013-09-16 11:00:11.746172+00', NULL, 'A Test Place Alias', NULL, NULL, NULL, NULL, NULL, NULL, '0', '0');

-- Series

INSERT INTO series (id, gid, name, type, ordering_attribute, ordering_type) VALUES
    (25, 'd977f7fd-96c9-4e3e-83b5-eb484a9e6582', 'Bach-Werke-Verzeichnis', 5, 788, 1);

INSERT INTO series_alias (id, series, name, sort_name) VALUES
    (7, 25, 'BWV', 'BWV');

-- Works

INSERT INTO work (comment, edits_pending, gid, id, language, last_updated, name, type) VALUES ('', 0, 'f5cdd40d-6dc3-358b-8d7d-22dd9d8f87a8', 7905446, 198, NULL, 'Asseswaving', NULL);
INSERT INTO work (comment, edits_pending, gid, id, language, last_updated, name, type) VALUES ('', 0, '3c37b9fa-a6c1-37d2-9e90-657a116d337c', 4223059, 198, NULL, 'サマーれげぇ!レインボー', 17);
INSERT INTO work (comment, edits_pending, gid, id, language, last_updated, name, type) VALUES ('', 0, '25c7c80f-a624-3b3e-b643-4204b05cb447', 1542682, NULL, NULL, 'On My Bus', NULL);
INSERT INTO work (comment, edits_pending, gid, id, language, last_updated, name, type) VALUES ('', 0, '482530c1-a2ab-32e8-be43-ea5240aa7913', 1542684, NULL, NULL, 'Plock', NULL);
INSERT INTO work (comment, edits_pending, gid, id, language, last_updated, name, type) VALUES ('', 0, 'b26203e5-73cb-3579-b575-a12d8b3f8209', 7905443, NULL, NULL, 'Maggie&Heidi', NULL);
INSERT INTO work (comment, edits_pending, gid, id, language, last_updated, name, type) VALUES ('', 0, 'b07e71c7-1cc7-3c6f-8c31-22be30a472dd', 7905441, NULL, NULL, 'Black Sundress', NULL);
INSERT INTO work (comment, edits_pending, gid, id, language, last_updated, name, type) VALUES ('', 0, 'cc0f543a-b1e2-3822-9361-cd1ba60dc9bd', 162926, NULL, NULL, 'No Quarter', NULL);
INSERT INTO work (comment, edits_pending, gid, id, language, last_updated, name, type) VALUES ('', 0, '2734cd31-4bab-3bf6-a758-c5d94ad957bb', 1542685, NULL, NULL, 'Marbles', NULL);
INSERT INTO work (comment, edits_pending, gid, id, language, last_updated, name, type) VALUES ('', 0, '53d1fbac-e60a-38cb-85ff-e5a9224c9749', 3622825, NULL, NULL, 'Be the one', NULL);
INSERT INTO work (comment, edits_pending, gid, id, language, last_updated, name, type) VALUES ('', 0, '7981d409-8e76-33df-be27-ef625d81c501', 1307406, NULL, NULL, 'Shine We Are!', NULL);
INSERT INTO work (comment, edits_pending, gid, id, language, last_updated, name, type) VALUES ('', 0, '303f9bd2-152f-3145-9e09-afa34edb6a57', 3451975, NULL, NULL, 'DOUBLE', NULL);
INSERT INTO work (comment, edits_pending, gid, id, language, last_updated, name, type) VALUES ('', 0, 'f23ae726-0300-3830-b1ca-634f4362f78c', 3622823, NULL, NULL, 'LOVE & HONESTY', NULL);
INSERT INTO work (comment, edits_pending, gid, id, language, last_updated, name, type) VALUES ('', 0, 'e67f54be-a68b-351d-9fbf-57468e61fd95', 1542691, NULL, NULL, 'Summer Plays Out', NULL);
INSERT INTO work (comment, edits_pending, gid, id, language, last_updated, name, type) VALUES ('', 0, '6013d0b4-25d4-333c-bc25-27328a7eaae4', 162924, NULL, NULL, 'Dancing Days', NULL);
INSERT INTO work (comment, edits_pending, gid, id, language, last_updated, name, type) VALUES ('', 0, '37814c05-f7ff-308d-a339-21570bc56003', 1542690, NULL, NULL, 'Be Rude to Your School', NULL);
INSERT INTO work (comment, edits_pending, gid, id, language, last_updated, name, type) VALUES ('', 0, 'e8d55116-1ea6-339a-a059-228d71c2f27d', 7905439, NULL, NULL, 'Reverend Charisma', NULL);
INSERT INTO work (comment, edits_pending, gid, id, language, last_updated, name, type) VALUES ('', 0, '9c38c012-9b30-30a2-a2fb-4b44afdc3973', 7905445, NULL, NULL, 'Still Unsatisfied', NULL);
INSERT INTO work (comment, edits_pending, gid, id, language, last_updated, name, type) VALUES ('', 0, '93836f17-7646-374e-a679-455429162c20', 1542688, NULL, NULL, 'Press a Key', NULL);
INSERT INTO work (comment, edits_pending, gid, id, language, last_updated, name, type) VALUES ('', 0, '46724ef1-241e-3d7f-9f3b-e51ba34e2aa1', 4525123, NULL, NULL, 'the Love Bug', NULL);
INSERT INTO work (comment, edits_pending, gid, id, language, last_updated, name, type) VALUES ('', 0, '79945eb6-f0c2-351a-a00b-3ef3b775f9da', 2726271, NULL, NULL, 'Music: Response', NULL);
INSERT INTO work (comment, edits_pending, gid, id, language, last_updated, name, type) VALUES ('', 0, 'd2386420-3363-3eb4-95db-62cae43ed2bc', 162922, NULL, NULL, 'Over the Hills and Far Away', NULL);
INSERT INTO work (comment, edits_pending, gid, id, language, last_updated, name, type) VALUES ('', 0, 'cd86f9e2-83ce-3192-a817-fe6c98079303', 3622831, NULL, NULL, 'Song With No Name～名前のない歌～', NULL);
INSERT INTO work (comment, edits_pending, gid, id, language, last_updated, name, type) VALUES ('', 0, 'f2892986-c106-3705-9cf2-4fe599154dc2', 1353887, NULL, NULL, 'Power Move', NULL);
INSERT INTO work (comment, edits_pending, gid, id, language, last_updated, name, type) VALUES ('', 0, '61ab56f0-e803-3aef-a91b-63564b7a8043', 3451976, NULL, NULL, 'Rock With You', NULL);
INSERT INTO work (comment, edits_pending, gid, id, language, last_updated, name, type) VALUES ('', 0, 'c4a1c334-ccd3-37df-b248-40653cefb181', 7905442, NULL, NULL, 'Allegiance?WTF?', NULL);
INSERT INTO work (comment, edits_pending, gid, id, language, last_updated, name, type) VALUES ('', 0, '2d967c29-63dc-309d-bbc1-a2d38639aaa1', 3622828, NULL, NULL, '心の手紙', NULL);
INSERT INTO work (comment, edits_pending, gid, id, language, last_updated, name, type) VALUES ('', 0, '5466408d-ad87-3663-8bce-937c5d3e0159', 1353886, NULL, NULL, 'Out of Control', NULL);
INSERT INTO work (comment, edits_pending, gid, id, language, last_updated, name, type) VALUES ('', 0, '6f08d5a8-1811-3e5e-848b-35ffa77babe5', 3584195, NULL, NULL, 'Midnight Parade', NULL);
INSERT INTO work (comment, edits_pending, gid, id, language, last_updated, name, type) VALUES ('', 0, 'ba0182aa-27b4-3e39-b4e5-2c7583696dab', 2726278, NULL, NULL, 'Got Glint?', NULL);
INSERT INTO work (comment, edits_pending, gid, id, language, last_updated, name, type) VALUES ('', 0, '835c06f2-b015-3715-a649-d92b3c1adf62', 2726280, NULL, NULL, 'Surrender', NULL);
INSERT INTO work (comment, edits_pending, gid, id, language, last_updated, name, type) VALUES ('', 0, '294f16fe-e123-3634-a0f4-03953e111321', 1542686, NULL, NULL, 'Busy Working', NULL);
INSERT INTO work (comment, edits_pending, gid, id, language, last_updated, name, type) VALUES ('', 0, '55f63d35-d941-3988-a9b0-16150c4acdb7', 2726276, NULL, NULL, 'The Sunshine Underground', NULL);
INSERT INTO work (comment, edits_pending, gid, id, language, last_updated, name, type) VALUES ('', 0, 'b8f69869-f01d-384c-bd65-b67caed6d9ac', 203492, NULL, NULL, 'Hey Boy Hey Girl', NULL);
INSERT INTO work (comment, edits_pending, gid, id, language, last_updated, name, type) VALUES ('', 0, '4290c4aa-f538-31d8-b502-cb01fc7fc5af', 1542683, NULL, NULL, 'Top & Low Rent', NULL);
INSERT INTO work (comment, edits_pending, gid, id, language, last_updated, name, type) VALUES ('', 0, '7e78f281-52b4-315b-9d7b-6d215732f3d7', 3622826, NULL, NULL, 'EXPECT', NULL);
INSERT INTO work (comment, edits_pending, gid, id, language, last_updated, name, type) VALUES ('', 0, 'a82877c0-dac9-3fd0-b9ff-46275e4fc84e', 162923, NULL, NULL, 'The Crunge', NULL);
INSERT INTO work (comment, edits_pending, gid, id, language, last_updated, name, type) VALUES ('', 0, '5809ee86-2b4a-3dcb-ac6a-cfcf0d17e525', 162920, NULL, NULL, 'The Song Remains the Same', NULL);
INSERT INTO work (comment, edits_pending, gid, id, language, last_updated, name, type) VALUES ('', 0, '75053bee-0f97-330d-98ce-6a454d52feb1', 162925, NULL, NULL, 'D''yer Mak''er', NULL);
INSERT INTO work (comment, edits_pending, gid, id, language, last_updated, name, type) VALUES ('', 0, '2cd04f80-fbd7-343f-8499-bf0028f0f530', 7905440, NULL, NULL, 'Dear Diary', NULL);
INSERT INTO work (comment, edits_pending, gid, id, language, last_updated, name, type) VALUES ('', 0, '8b943176-4f67-3925-a26a-33f66649c438', 2726272, NULL, NULL, 'Under the Influence', NULL);
INSERT INTO work (comment, edits_pending, gid, id, language, last_updated, name, type) VALUES ('', 0, '286ecfdd-2ffe-3bc7-b3e9-04cc8cea229b', 3622830, NULL, NULL, 'Easy To Be Hard', NULL);
INSERT INTO work (comment, edits_pending, gid, id, language, last_updated, name, type) VALUES ('', 0, 'd2f1ea1f-de2e-3d0c-b534-e96377912478', 3622827, NULL, NULL, 'OVER～across the time～', NULL);
INSERT INTO work (comment, edits_pending, gid, id, language, last_updated, name, type) VALUES ('', 0, 'f4f581d8-50e0-3886-bcd3-610187821bcd', 1542687, NULL, NULL, 'The Greek Alphabet', NULL);
INSERT INTO work (comment, edits_pending, gid, id, language, last_updated, name, type) VALUES ('', 0, '61a259e3-8d3f-3982-a9f4-41e16488fecc', 2726281, NULL, NULL, 'Dream On', NULL);
INSERT INTO work (comment, edits_pending, gid, id, language, last_updated, name, type) VALUES ('', 0, '3a62a9f7-1365-32aa-9da8-3e0ef1f2b0ca', 1542689, NULL, NULL, 'Bibi Plone', NULL);
INSERT INTO work (comment, edits_pending, gid, id, language, last_updated, name, type) VALUES ('', 0, '03c1ac6c-4eff-3df1-a3e7-ac9db55a45fa', 203493, NULL, NULL, 'Flashback', NULL);
INSERT INTO work (comment, edits_pending, gid, id, language, last_updated, name, type) VALUES ('', 0, '0fd9dd5e-a5a4-3498-b68c-9f4c86fe674d', 4223060, NULL, NULL, 'HELLO! また会おうね (7人祭 version)', NULL);
INSERT INTO work (comment, edits_pending, gid, id, language, last_updated, name, type) VALUES ('', 0, 'f64b38ee-4451-3b29-8551-05146764b5b9', 2726274, NULL, NULL, 'Orange Wedge', NULL);
INSERT INTO work (comment, edits_pending, gid, id, language, last_updated, name, type) VALUES ('', 0, '20146cdd-1179-3c25-897a-b30d76b2c980', 1353888, NULL, NULL, 'Out of Control (Sasha remix)', NULL);
INSERT INTO work (comment, edits_pending, gid, id, language, last_updated, name, type) VALUES ('', 0, '4b6a46c2-a904-3471-9bff-3942d4549f47', 3622822, NULL, NULL, 'SOME DAY ONE DAY )', NULL);
INSERT INTO work (comment, edits_pending, gid, id, language, last_updated, name, type) VALUES ('', 0, '4a665e41-2598-346b-940c-417b9750321b', 162927, NULL, NULL, 'The Ocean', NULL);
INSERT INTO work (comment, edits_pending, gid, id, language, last_updated, name, type) VALUES ('', 0, '50c07b24-7ee2-31ac-ab87-f0d399011c71', 3584196, NULL, NULL, 'Milky Way 〜君の歌〜', NULL);
INSERT INTO work (comment, edits_pending, gid, id, language, last_updated, name, type) VALUES ('', 0, '511f5124-c0ae-3386-bb76-4b6521498a68', 3622832, NULL, NULL, 'Milky Way-君の歌-', NULL);
INSERT INTO work (comment, edits_pending, gid, id, language, last_updated, name, type) VALUES ('', 0, '63d9b409-0d18-3917-9daf-ef1dec0992f0', 162921, NULL, NULL, 'The Rain Song', NULL);
INSERT INTO work (comment, edits_pending, gid, id, language, last_updated, name, type) VALUES ('', 0, 'd132b1b7-3432-38e1-9e2d-5e5fa319fe8a', 211564, NULL, NULL, 'Let Forever Be', NULL);
INSERT INTO work (comment, edits_pending, gid, id, language, last_updated, name, type) VALUES ('', 0, 'c473ece7-4858-3f4f-9d7a-a1e026400887', 2726277, NULL, NULL, 'Asleep From Day', NULL);

UPDATE work_meta SET rating_count = NULL, rating = NULL WHERE id = 7905446;
UPDATE work_meta SET rating_count = NULL, rating = NULL WHERE id = 4223059;
UPDATE work_meta SET rating_count = NULL, rating = NULL WHERE id = 1542682;
UPDATE work_meta SET rating_count = NULL, rating = NULL WHERE id = 1542684;
UPDATE work_meta SET rating_count = NULL, rating = NULL WHERE id = 7905443;
UPDATE work_meta SET rating_count = NULL, rating = NULL WHERE id = 7905441;
UPDATE work_meta SET rating_count = NULL, rating = NULL WHERE id = 162926;
UPDATE work_meta SET rating_count = NULL, rating = NULL WHERE id = 1542685;
UPDATE work_meta SET rating_count = NULL, rating = NULL WHERE id = 3622825;
UPDATE work_meta SET rating_count = NULL, rating = NULL WHERE id = 1307406;
UPDATE work_meta SET rating_count = NULL, rating = NULL WHERE id = 3451975;
UPDATE work_meta SET rating_count = NULL, rating = NULL WHERE id = 3622823;
UPDATE work_meta SET rating_count = NULL, rating = NULL WHERE id = 1542691;
UPDATE work_meta SET rating_count = NULL, rating = NULL WHERE id = 162924;
UPDATE work_meta SET rating_count = NULL, rating = NULL WHERE id = 1542690;
UPDATE work_meta SET rating_count = NULL, rating = NULL WHERE id = 7905439;
UPDATE work_meta SET rating_count = NULL, rating = NULL WHERE id = 7905445;
UPDATE work_meta SET rating_count = NULL, rating = NULL WHERE id = 1542688;
UPDATE work_meta SET rating_count = NULL, rating = NULL WHERE id = 4525123;
UPDATE work_meta SET rating_count = NULL, rating = NULL WHERE id = 2726271;
UPDATE work_meta SET rating_count = NULL, rating = NULL WHERE id = 162922;
UPDATE work_meta SET rating_count = NULL, rating = NULL WHERE id = 3622831;
UPDATE work_meta SET rating_count = NULL, rating = NULL WHERE id = 1353887;
UPDATE work_meta SET rating_count = NULL, rating = NULL WHERE id = 3451976;
UPDATE work_meta SET rating_count = NULL, rating = NULL WHERE id = 7905442;
UPDATE work_meta SET rating_count = NULL, rating = NULL WHERE id = 3622828;
UPDATE work_meta SET rating_count = NULL, rating = NULL WHERE id = 1353886;
UPDATE work_meta SET rating_count = NULL, rating = NULL WHERE id = 3584195;
UPDATE work_meta SET rating_count = NULL, rating = NULL WHERE id = 2726278;
UPDATE work_meta SET rating_count = NULL, rating = NULL WHERE id = 2726280;
UPDATE work_meta SET rating_count = NULL, rating = NULL WHERE id = 1542686;
UPDATE work_meta SET rating_count = NULL, rating = NULL WHERE id = 2726276;
UPDATE work_meta SET rating_count = NULL, rating = NULL WHERE id = 203492;
UPDATE work_meta SET rating_count = NULL, rating = NULL WHERE id = 1542683;
UPDATE work_meta SET rating_count = NULL, rating = NULL WHERE id = 3622826;
UPDATE work_meta SET rating_count = NULL, rating = NULL WHERE id = 162923;
UPDATE work_meta SET rating_count = NULL, rating = NULL WHERE id = 162920;
UPDATE work_meta SET rating_count = NULL, rating = NULL WHERE id = 162925;
UPDATE work_meta SET rating_count = NULL, rating = NULL WHERE id = 7905440;
UPDATE work_meta SET rating_count = NULL, rating = NULL WHERE id = 2726272;
UPDATE work_meta SET rating_count = NULL, rating = NULL WHERE id = 3622830;
UPDATE work_meta SET rating_count = NULL, rating = NULL WHERE id = 3622827;
UPDATE work_meta SET rating_count = NULL, rating = NULL WHERE id = 1542687;
UPDATE work_meta SET rating_count = NULL, rating = NULL WHERE id = 2726281;
UPDATE work_meta SET rating_count = NULL, rating = NULL WHERE id = 1542689;
UPDATE work_meta SET rating_count = NULL, rating = NULL WHERE id = 203493;
UPDATE work_meta SET rating_count = NULL, rating = NULL WHERE id = 4223060;
UPDATE work_meta SET rating_count = NULL, rating = NULL WHERE id = 2726274;
UPDATE work_meta SET rating_count = NULL, rating = NULL WHERE id = 1353888;
UPDATE work_meta SET rating_count = NULL, rating = NULL WHERE id = 3622822;
UPDATE work_meta SET rating_count = NULL, rating = NULL WHERE id = 162927;
UPDATE work_meta SET rating_count = NULL, rating = NULL WHERE id = 3584196;
UPDATE work_meta SET rating_count = NULL, rating = NULL WHERE id = 3622832;
UPDATE work_meta SET rating_count = NULL, rating = NULL WHERE id = 162921;
UPDATE work_meta SET rating_count = NULL, rating = NULL WHERE id = 211564;
UPDATE work_meta SET rating_count = NULL, rating = NULL WHERE id = 2726277;

-- Tags
INSERT INTO tag (id, name, ref_count) VALUES (1, 'trip-hop', 586);
INSERT INTO tag (id, name, ref_count) VALUES (7, 'rock', 64679);
INSERT INTO tag (id, name, ref_count) VALUES (11, 'electronic', 59601);
INSERT INTO tag (id, name, ref_count) VALUES (16, 'post-rock', 353);
INSERT INTO tag (id, name, ref_count) VALUES (19, 'pop', 20790);
INSERT INTO tag (id, name, ref_count) VALUES (20, 'alternative rock', 8771);
INSERT INTO tag (id, name, ref_count) VALUES (26, 'drum and bass', 5525);
INSERT INTO tag (id, name, ref_count) VALUES (27, 'jungle', 843);
INSERT INTO tag (id, name, ref_count) VALUES (30, 'dubstep', 347);
INSERT INTO tag (id, name, ref_count) VALUES (34, 'big beat', 668);
INSERT INTO tag (id, name, ref_count) VALUES (43, 'heavy metal', 3734);
INSERT INTO tag (id, name, ref_count) VALUES (49, 'instrumental', 1641);
INSERT INTO tag (id, name, ref_count) VALUES (71, 'jazz', 14168);
INSERT INTO tag (id, name, ref_count) VALUES (75, 'folk', 6904);
INSERT INTO tag (id, name, ref_count) VALUES (77, 'house', 9722);
INSERT INTO tag (id, name, ref_count) VALUES (88, 'punk', 10474);
INSERT INTO tag (id, name, ref_count) VALUES (92, 'metal', 5277);
INSERT INTO tag (id, name, ref_count) VALUES (104, 'japanese', 706);
INSERT INTO tag (id, name, ref_count) VALUES (111, 'american', 2207);
INSERT INTO tag (id, name, ref_count) VALUES (114, 'hello project', 1633);
INSERT INTO tag (id, name, ref_count) VALUES (127, 'blues', 8761);
INSERT INTO tag (id, name, ref_count) VALUES (133, 'punk rock', 2555);
INSERT INTO tag (id, name, ref_count) VALUES (166, 'experimental', 7173);
INSERT INTO tag (id, name, ref_count) VALUES (171, 'british', 2254);
INSERT INTO tag (id, name, ref_count) VALUES (205, 'idm', 3936);
INSERT INTO tag (id, name, ref_count) VALUES (237, 'uk', 3174);
INSERT INTO tag (id, name, ref_count) VALUES (271, 'hard rock', 5890);
INSERT INTO tag (id, name, ref_count) VALUES (273, 'usa', 1876);
INSERT INTO tag (id, name, ref_count) VALUES (280, 'britannique', 438);
INSERT INTO tag (id, name, ref_count) VALUES (284, 'indie rock', 4364);
INSERT INTO tag (id, name, ref_count) VALUES (343, 'folk rock', 2948);
INSERT INTO tag (id, name, ref_count) VALUES (344, 'drsaunde', 96);
INSERT INTO tag (id, name, ref_count) VALUES (502, 'j-pop', 145);
INSERT INTO tag (id, name, ref_count) VALUES (518, 'instrumental rock', 312);
INSERT INTO tag (id, name, ref_count) VALUES (537, 'indie', 4529);
INSERT INTO tag (id, name, ref_count) VALUES (545, 'techno', 11831);
INSERT INTO tag (id, name, ref_count) VALUES (558, 'kpop', 45);
INSERT INTO tag (id, name, ref_count) VALUES (559, 'electronica', 1557);
INSERT INTO tag (id, name, ref_count) VALUES (590, 'breakbeat', 2358);
INSERT INTO tag (id, name, ref_count) VALUES (642, 'disco', 3398);
INSERT INTO tag (id, name, ref_count) VALUES (712, 'blues rock', 1023);
INSERT INTO tag (id, name, ref_count) VALUES (741, 'jpop', 150);
INSERT INTO tag (id, name, ref_count) VALUES (743, 'hardcore punk', 155);
INSERT INTO tag (id, name, ref_count) VALUES (748, 'américain', 557);
INSERT INTO tag (id, name, ref_count) VALUES (800, 'breaks', 1585);
INSERT INTO tag (id, name, ref_count) VALUES (987, 'classic rock', 2665);
INSERT INTO tag (id, name, ref_count) VALUES (1030, 'tech house', 3185);
INSERT INTO tag (id, name, ref_count) VALUES (1032, 'glitch', 634);
INSERT INTO tag (id, name, ref_count) VALUES (1051, 'audiobook', 67);
INSERT INTO tag (id, name, ref_count) VALUES (1063, 'experimental rock', 104);
INSERT INTO tag (id, name, ref_count) VALUES (1079, 'post-punk revival', 40);
INSERT INTO tag (id, name, ref_count) VALUES (1107, 'melodic hardcore', 30);
INSERT INTO tag (id, name, ref_count) VALUES (1170, 'electric blues', 207);
INSERT INTO tag (id, name, ref_count) VALUES (1190, 'piano rock', 30);
INSERT INTO tag (id, name, ref_count) VALUES (1246, 'free jazz', 346);
INSERT INTO tag (id, name, ref_count) VALUES (1282, 'progressive house', 1615);
INSERT INTO tag (id, name, ref_count) VALUES (1354, 'c-pop', 2);
INSERT INTO tag (id, name, ref_count) VALUES (1355, 'k-pop', 5);
INSERT INTO tag (id, name, ref_count) VALUES (1391, 'english', 1326);
INSERT INTO tag (id, name, ref_count) VALUES (1522, 'grime', 472);
INSERT INTO tag (id, name, ref_count) VALUES (1566, '1993', 61);
INSERT INTO tag (id, name, ref_count) VALUES (1584, 'live', 525);
INSERT INTO tag (id, name, ref_count) VALUES (1604, 'independent', 71);
INSERT INTO tag (id, name, ref_count) VALUES (1661, 'warp', 104);
INSERT INTO tag (id, name, ref_count) VALUES (1887, 'california', 234);
INSERT INTO tag (id, name, ref_count) VALUES (1974, 'manchester', 53);
INSERT INTO tag (id, name, ref_count) VALUES (1997, 'hello project shuffle units', 16);
INSERT INTO tag (id, name, ref_count) VALUES (1998, 'hello project groups', 56);
INSERT INTO tag (id, name, ref_count) VALUES (2105, 'united kingdom', 85);
INSERT INTO tag (id, name, ref_count) VALUES (2147, 'los angeles', 116);
INSERT INTO tag (id, name, ref_count) VALUES (2150, 'covered by 4', 151);
INSERT INTO tag (id, name, ref_count) VALUES (2726, 'chapel hill', 4);
INSERT INTO tag (id, name, ref_count) VALUES (2987, 'rock pop', 2370);
INSERT INTO tag (id, name, ref_count) VALUES (3253, 'discopharma', 5);
INSERT INTO tag (id, name, ref_count) VALUES (3254, 'wedlock', 17);
INSERT INTO tag (id, name, ref_count) VALUES (3255, 'the beatguild', 2);
INSERT INTO tag (id, name, ref_count) VALUES (3256, 'discopharmacy', 1);
INSERT INTO tag (id, name, ref_count) VALUES (3257, 'gaydisco', 1);
INSERT INTO tag (id, name, ref_count) VALUES (3258, 'exogamy', 8);
INSERT INTO tag (id, name, ref_count) VALUES (3259, 'ana mitchell', 4);
INSERT INTO tag (id, name, ref_count) VALUES (3403, 'north carolina', 8);
INSERT INTO tag (id, name, ref_count) VALUES (3857, 'matrimony', 3);
INSERT INTO tag (id, name, ref_count) VALUES (3859, 'cuts both ways', 6);
INSERT INTO tag (id, name, ref_count) VALUES (3862, 'amazon', 87);
INSERT INTO tag (id, name, ref_count) VALUES (3870, 'k t', 1);
INSERT INTO tag (id, name, ref_count) VALUES (3871, 'jason merritt', 2);
INSERT INTO tag (id, name, ref_count) VALUES (3872, 'still unsatisfied', 4);
INSERT INTO tag (id, name, ref_count) VALUES (3873, 'dear diary', 3);
INSERT INTO tag (id, name, ref_count) VALUES (3874, 'jj kidder', 3);
INSERT INTO tag (id, name, ref_count) VALUES (3875, 'black sundress', 5);
INSERT INTO tag (id, name, ref_count) VALUES (3876, 'just because', 2);
INSERT INTO tag (id, name, ref_count) VALUES (3877, 'kirk bryson', 3);
INSERT INTO tag (id, name, ref_count) VALUES (3878, 'kounterfeit records', 7);
INSERT INTO tag (id, name, ref_count) VALUES (3879, 'blue metallic brush', 1);
INSERT INTO tag (id, name, ref_count) VALUES (3880, 'nine tracks', 1);
INSERT INTO tag (id, name, ref_count) VALUES (3881, 'rev charisma', 1);
INSERT INTO tag (id, name, ref_count) VALUES (3882, 'asseswaving', 1);
INSERT INTO tag (id, name, ref_count) VALUES (3883, 'maggie and heidi', 1);
INSERT INTO tag (id, name, ref_count) VALUES (3884, 'paul allgood', 21);
INSERT INTO tag (id, name, ref_count) VALUES (3885, 'allegiance', 2);
INSERT INTO tag (id, name, ref_count) VALUES (3886, 'studio 31', 1);
INSERT INTO tag (id, name, ref_count) VALUES (3887, 'glyph', 1);
INSERT INTO tag (id, name, ref_count) VALUES (4662, 'rock and indie', 1988);
INSERT INTO tag (id, name, ref_count) VALUES (4663, 'classic pop and rock', 2023);
INSERT INTO tag (id, name, ref_count) VALUES (4664, 'jazz and blues', 671);
INSERT INTO tag (id, name, ref_count) VALUES (4666, 'dance and electronica', 861);
INSERT INTO tag (id, name, ref_count) VALUES (5221, 'united states', 104);
INSERT INTO tag (id, name, ref_count) VALUES (6542, 'lee whitsel', 6);
INSERT INTO tag (id, name, ref_count) VALUES (6543, 'baxter smith', 5);
INSERT INTO tag (id, name, ref_count) VALUES (6544, 'jay bowden', 2);
INSERT INTO tag (id, name, ref_count) VALUES (6622, 'jeff hathaway', 4);
INSERT INTO tag (id, name, ref_count) VALUES (6650, 'reverend charisma', 2);
INSERT INTO tag (id, name, ref_count) VALUES (6662, 'jonathan kidder', 2);
INSERT INTO tag (id, name, ref_count) VALUES (6669, 'complex', 2);
INSERT INTO tag (id, name, ref_count) VALUES (6670, 'killing is easy', 1);
INSERT INTO tag (id, name, ref_count) VALUES (6671, 'unsatisfied', 1);
INSERT INTO tag (id, name, ref_count) VALUES (6672, 'an inextricable tale', 2);
INSERT INTO tag (id, name, ref_count) VALUES (6673, 'here', 1);
INSERT INTO tag (id, name, ref_count) VALUES (6674, 'virgina ocallah', 1);
INSERT INTO tag (id, name, ref_count) VALUES (6675, 'inextricable', 2);
INSERT INTO tag (id, name, ref_count) VALUES (6676, 'saul shields', 1);
INSERT INTO tag (id, name, ref_count) VALUES (6677, 'kira', 1);
INSERT INTO tag (id, name, ref_count) VALUES (6678, 'rattigan', 1);
INSERT INTO tag (id, name, ref_count) VALUES (6679, 'life as an ampersand', 1);
INSERT INTO tag (id, name, ref_count) VALUES (7913, 'éditeur', 152);
INSERT INTO tag (id, name, ref_count) VALUES (7914, 'publisher', 153);
INSERT INTO tag (id, name, ref_count) VALUES (8383, 'major label', 1);
INSERT INTO tag (id, name, ref_count) VALUES (8564, '1973', 12);
INSERT INTO tag (id, name, ref_count) VALUES (21080, 'general punk', 51);
INSERT INTO tag (id, name, ref_count) VALUES (22032, 'christopher jackson', 2);
INSERT INTO tag (id, name, ref_count) VALUES (22033, 'alison davis', 4);
INSERT INTO tag (id, name, ref_count) VALUES (25471, 'urban blues', 5);
INSERT INTO tag (id, name, ref_count) VALUES (25514, 'epitaph', 26);
INSERT INTO tag (id, name, ref_count) VALUES (25673, 'should be public domain', 645);
INSERT INTO tag (id, name, ref_count) VALUES (27737, 'country-jp', 188);
INSERT INTO tag (id, name, ref_count) VALUES (28311, 'atlantic', 8);
INSERT INTO tag (id, name, ref_count) VALUES (28312, 'california punk', 3);
INSERT INTO tag (id, name, ref_count) VALUES (28313, 'classic hardcore punk', 16);
INSERT INTO tag (id, name, ref_count) VALUES (28314, 'classic punk', 24);
INSERT INTO tag (id, name, ref_count) VALUES (29329, 'format-dvd-video', 264);
INSERT INTO tag (id, name, ref_count) VALUES (33017, 'electronica dubstep', 14);

INSERT INTO artist_tag (artist, count, last_updated, tag) VALUES (242, 3, '2011-01-18 15:21:33.71184+00', 34);
INSERT INTO artist_tag (artist, count, last_updated, tag) VALUES (242, 1, '2011-01-18 15:21:33.71184+00', 77);
INSERT INTO artist_tag (artist, count, last_updated, tag) VALUES (242, 1, '2011-01-18 15:21:33.71184+00', 1);
INSERT INTO artist_tag (artist, count, last_updated, tag) VALUES (242, 1, '2011-01-18 15:21:33.71184+00', 237);
INSERT INTO artist_tag (artist, count, last_updated, tag) VALUES (242, 1, '2011-01-18 15:21:33.71184+00', 1391);
INSERT INTO artist_tag (artist, count, last_updated, tag) VALUES (242, 1, '2011-01-18 15:21:33.71184+00', 1974);
INSERT INTO artist_tag (artist, count, last_updated, tag) VALUES (242, 1, '2011-01-18 15:21:33.71184+00', 4666);
INSERT INTO artist_tag (artist, count, last_updated, tag) VALUES (242, 6, '2011-01-18 15:21:33.71184+00', 171);
INSERT INTO artist_tag (artist, count, last_updated, tag) VALUES (242, 2, '2011-01-18 15:21:33.71184+00', 559);
INSERT INTO artist_tag (artist, count, last_updated, tag) VALUES (242, 7, '2011-01-18 15:21:33.71184+00', 11);
INSERT INTO artist_tag (artist, count, last_updated, tag) VALUES (242, 1, '2011-01-18 15:21:33.71184+00', 2105);
INSERT INTO artist_tag (artist, count, last_updated, tag) VALUES (388, 6, '2011-01-18 15:21:33.71184+00', 271);
INSERT INTO artist_tag (artist, count, last_updated, tag) VALUES (388, 1, '2011-01-18 15:21:33.71184+00', 343);
INSERT INTO artist_tag (artist, count, last_updated, tag) VALUES (388, 1, '2011-01-18 15:21:33.71184+00', 43);
INSERT INTO artist_tag (artist, count, last_updated, tag) VALUES (388, 1, '2011-01-18 15:21:33.71184+00', 92);
INSERT INTO artist_tag (artist, count, last_updated, tag) VALUES (388, 3, '2011-01-18 15:21:33.71184+00', 171);
INSERT INTO artist_tag (artist, count, last_updated, tag) VALUES (388, 3, '2011-01-18 15:21:33.71184+00', 712);
INSERT INTO artist_tag (artist, count, last_updated, tag) VALUES (388, 1, '2011-01-18 15:21:33.71184+00', 1391);
INSERT INTO artist_tag (artist, count, last_updated, tag) VALUES (388, 1, '2011-01-18 15:21:33.71184+00', 4663);
INSERT INTO artist_tag (artist, count, last_updated, tag) VALUES (388, 1, '2011-01-18 15:21:33.71184+00', 237);
INSERT INTO artist_tag (artist, count, last_updated, tag) VALUES (388, 1, '2011-01-18 15:21:33.71184+00', 987);
INSERT INTO artist_tag (artist, count, last_updated, tag) VALUES (388, 1, '2011-01-18 15:21:33.71184+00', 75);
INSERT INTO artist_tag (artist, count, last_updated, tag) VALUES (388, 1, '2011-01-18 15:21:33.71184+00', 748);
INSERT INTO artist_tag (artist, count, last_updated, tag) VALUES (388, 5, '2011-01-18 15:21:33.71184+00', 7);
INSERT INTO artist_tag (artist, count, last_updated, tag) VALUES (388, 1, '2011-01-18 15:21:33.71184+00', 273);
INSERT INTO artist_tag (artist, count, last_updated, tag) VALUES (388, 1, '2011-01-18 15:21:33.71184+00', 111);
INSERT INTO artist_tag (artist, count, last_updated, tag) VALUES (779, 1, '2011-01-18 15:21:33.71184+00', 1107);
INSERT INTO artist_tag (artist, count, last_updated, tag) VALUES (779, 2, '2011-01-18 15:21:33.71184+00', 743);
INSERT INTO artist_tag (artist, count, last_updated, tag) VALUES (779, 2, '2011-01-18 15:21:33.71184+00', 111);
INSERT INTO artist_tag (artist, count, last_updated, tag) VALUES (779, 2, '2011-01-18 15:21:33.71184+00', 88);
INSERT INTO artist_tag (artist, count, last_updated, tag) VALUES (779, 1, '2011-01-18 15:21:33.71184+00', 748);
INSERT INTO artist_tag (artist, count, last_updated, tag) VALUES (779, 2, '2011-01-18 15:21:33.71184+00', 273);
INSERT INTO artist_tag (artist, count, last_updated, tag) VALUES (779, 1, '2011-01-18 15:21:33.71184+00', 4662);
INSERT INTO artist_tag (artist, count, last_updated, tag) VALUES (779, 1, '2011-01-18 15:21:33.71184+00', 28312);
INSERT INTO artist_tag (artist, count, last_updated, tag) VALUES (779, 1, '2011-01-18 15:21:33.71184+00', 1887);
INSERT INTO artist_tag (artist, count, last_updated, tag) VALUES (779, 1, '2011-01-18 15:21:33.71184+00', 25514);
INSERT INTO artist_tag (artist, count, last_updated, tag) VALUES (779, 1, '2011-01-18 15:21:33.71184+00', 28311);
INSERT INTO artist_tag (artist, count, last_updated, tag) VALUES (779, 2, '2011-01-18 15:21:33.71184+00', 133);
INSERT INTO artist_tag (artist, count, last_updated, tag) VALUES (779, 1, '2011-01-18 15:21:33.71184+00', 28313);
INSERT INTO artist_tag (artist, count, last_updated, tag) VALUES (779, 1, '2011-01-18 15:21:33.71184+00', 28314);
INSERT INTO artist_tag (artist, count, last_updated, tag) VALUES (9496, 1, '2011-01-18 15:21:33.71184+00', 558);
INSERT INTO artist_tag (artist, count, last_updated, tag) VALUES (9496, 1, '2011-01-18 15:21:33.71184+00', 741);
INSERT INTO artist_tag (artist, count, last_updated, tag) VALUES (9496, 1, '2011-01-18 15:21:33.71184+00', 1354);
INSERT INTO artist_tag (artist, count, last_updated, tag) VALUES (9496, 1, '2011-01-18 15:21:33.71184+00', 1355);
INSERT INTO artist_tag (artist, count, last_updated, tag) VALUES (9496, 1, '2011-01-18 15:21:33.71184+00', 104);
INSERT INTO artist_tag (artist, count, last_updated, tag) VALUES (9496, 1, '2011-01-18 15:21:33.71184+00', 502);
INSERT INTO artist_tag (artist, count, last_updated, tag) VALUES (9496, 1, '2011-01-18 15:21:33.71184+00', 19);
INSERT INTO artist_tag (artist, count, last_updated, tag) VALUES (11545, 1, '2011-01-18 15:21:33.71184+00', 237);
INSERT INTO artist_tag (artist, count, last_updated, tag) VALUES (11545, 1, '2011-01-18 15:21:33.71184+00', 171);
INSERT INTO artist_tag (artist, count, last_updated, tag) VALUES (11545, 1, '2011-01-18 15:21:33.71184+00', 1391);
INSERT INTO artist_tag (artist, count, last_updated, tag) VALUES (11545, 1, '2011-01-18 15:21:33.71184+00', 1661);
INSERT INTO artist_tag (artist, count, last_updated, tag) VALUES (11545, 1, '2011-01-18 15:21:33.71184+00', 559);
INSERT INTO artist_tag (artist, count, last_updated, tag) VALUES (11545, 1, '2011-01-18 15:21:33.71184+00', 11);
INSERT INTO artist_tag (artist, count, last_updated, tag) VALUES (11545, 1, '2011-01-18 15:21:33.71184+00', 1032);
INSERT INTO artist_tag (artist, count, last_updated, tag) VALUES (22492, 1, '2011-01-18 15:21:33.71184+00', 4664);
INSERT INTO artist_tag (artist, count, last_updated, tag) VALUES (22492, 1, '2011-01-18 15:21:33.71184+00', 1584);
INSERT INTO artist_tag (artist, count, last_updated, tag) VALUES (22492, 1, '2011-01-18 15:21:33.71184+00', 127);
INSERT INTO artist_tag (artist, count, last_updated, tag) VALUES (22492, 1, '2011-01-18 15:21:33.71184+00', 25471);
INSERT INTO artist_tag (artist, count, last_updated, tag) VALUES (22492, 1, '2011-01-18 15:21:33.71184+00', 1170);
INSERT INTO artist_tag (artist, count, last_updated, tag) VALUES (199379, 1, '2011-01-18 15:21:33.71184+00', 4666);
INSERT INTO artist_tag (artist, count, last_updated, tag) VALUES (199379, 1, '2011-01-18 15:21:33.71184+00', 26);
INSERT INTO artist_tag (artist, count, last_updated, tag) VALUES (265420, 1, '2011-01-18 15:21:33.71184+00', 114);
INSERT INTO artist_tag (artist, count, last_updated, tag) VALUES (265420, 1, '2011-01-18 15:21:33.71184+00', 1998);
INSERT INTO artist_tag (artist, count, last_updated, tag) VALUES (265420, 1, '2011-01-18 15:21:33.71184+00', 1997);
INSERT INTO artist_tag (artist, count, last_updated, tag) VALUES (265420, 1, '2011-01-18 15:21:33.71184+00', 27737);
INSERT INTO artist_tag (artist, count, last_updated, tag) VALUES (398438, 1, '2011-01-18 15:21:33.71184+00', 3253);
INSERT INTO artist_tag (artist, count, last_updated, tag) VALUES (398438, 1, '2011-01-18 15:21:33.71184+00', 3254);
INSERT INTO artist_tag (artist, count, last_updated, tag) VALUES (398438, 1, '2011-01-18 15:21:33.71184+00', 3255);
INSERT INTO artist_tag (artist, count, last_updated, tag) VALUES (398438, 1, '2011-01-18 15:21:33.71184+00', 3256);
INSERT INTO artist_tag (artist, count, last_updated, tag) VALUES (398438, 1, '2011-01-18 15:21:33.71184+00', 3257);
INSERT INTO artist_tag (artist, count, last_updated, tag) VALUES (398438, 1, '2011-01-18 15:21:33.71184+00', 6542);
INSERT INTO artist_tag (artist, count, last_updated, tag) VALUES (398438, 1, '2011-01-18 15:21:33.71184+00', 22032);
INSERT INTO artist_tag (artist, count, last_updated, tag) VALUES (398438, 1, '2011-01-18 15:21:33.71184+00', 22033);
INSERT INTO artist_tag (artist, count, last_updated, tag) VALUES (398438, 1, '2011-01-18 15:21:33.71184+00', 3875);
INSERT INTO artist_tag (artist, count, last_updated, tag) VALUES (398438, 1, '2011-01-18 15:21:33.71184+00', 6662);
INSERT INTO artist_tag (artist, count, last_updated, tag) VALUES (398438, 1, '2011-01-18 15:21:33.71184+00', 6543);
INSERT INTO artist_tag (artist, count, last_updated, tag) VALUES (398438, 1, '2011-01-18 15:21:33.71184+00', 3884);
INSERT INTO artist_tag (artist, count, last_updated, tag) VALUES (398598, 1, '2011-01-18 15:21:33.71184+00', 6669);
INSERT INTO artist_tag (artist, count, last_updated, tag) VALUES (398598, 1, '2011-01-18 15:21:33.71184+00', 3253);
INSERT INTO artist_tag (artist, count, last_updated, tag) VALUES (398598, 1, '2011-01-18 15:21:33.71184+00', 3872);
INSERT INTO artist_tag (artist, count, last_updated, tag) VALUES (398598, 1, '2011-01-18 15:21:33.71184+00', 3859);
INSERT INTO artist_tag (artist, count, last_updated, tag) VALUES (398598, 1, '2011-01-18 15:21:33.71184+00', 3254);
INSERT INTO artist_tag (artist, count, last_updated, tag) VALUES (398598, 1, '2011-01-18 15:21:33.71184+00', 6650);
INSERT INTO artist_tag (artist, count, last_updated, tag) VALUES (398598, 1, '2011-01-18 15:21:33.71184+00', 3873);
INSERT INTO artist_tag (artist, count, last_updated, tag) VALUES (398598, 1, '2011-01-18 15:21:33.71184+00', 3875);
INSERT INTO artist_tag (artist, count, last_updated, tag) VALUES (398598, 1, '2011-01-18 15:21:33.71184+00', 2726);
INSERT INTO artist_tag (artist, count, last_updated, tag) VALUES (398598, 1, '2011-01-18 15:21:33.71184+00', 6670);
INSERT INTO artist_tag (artist, count, last_updated, tag) VALUES (398598, 1, '2011-01-18 15:21:33.71184+00', 3876);
INSERT INTO artist_tag (artist, count, last_updated, tag) VALUES (398598, 1, '2011-01-18 15:21:33.71184+00', 3884);
INSERT INTO artist_tag (artist, count, last_updated, tag) VALUES (398598, 1, '2011-01-18 15:21:33.71184+00', 6671);
INSERT INTO artist_tag (artist, count, last_updated, tag) VALUES (398598, 1, '2011-01-18 15:21:33.71184+00', 3885);
INSERT INTO artist_tag (artist, count, last_updated, tag) VALUES (398598, 1, '2011-01-18 15:21:33.71184+00', 6672);

INSERT INTO release_group_tag (count, last_updated, release_group, tag) VALUES (1, '2011-01-18 15:46:28.148085+00', 597897, 11);
INSERT INTO release_group_tag (count, last_updated, release_group, tag) VALUES (1, '2011-01-18 15:46:28.148085+00', 597897, 1522);
INSERT INTO release_group_tag (count, last_updated, release_group, tag) VALUES (2, '2011-01-18 15:46:28.148085+00', 597897, 30);
INSERT INTO release_group_tag (count, last_updated, release_group, tag) VALUES (1, '2011-01-18 15:46:28.148085+00', 326504, 29329);
INSERT INTO release_group_tag (count, last_updated, release_group, tag) VALUES (2, '2011-01-18 15:46:28.148085+00', 701319, 26);
INSERT INTO release_group_tag (count, last_updated, release_group, tag) VALUES (1, '2011-01-18 15:46:28.148085+00', 701319, 11);
INSERT INTO release_group_tag (count, last_updated, release_group, tag) VALUES (1, '2011-01-18 15:46:28.148085+00', 253157, 26);
INSERT INTO release_group_tag (count, last_updated, release_group, tag) VALUES (1, '2011-01-18 15:46:28.148085+00', 253157, 27);
INSERT INTO release_group_tag (count, last_updated, release_group, tag) VALUES (1, '2011-01-18 15:46:28.148085+00', 253157, 11);
INSERT INTO release_group_tag (count, last_updated, release_group, tag) VALUES (1, '2011-01-18 15:46:28.148085+00', 691664, 26);
INSERT INTO release_group_tag (count, last_updated, release_group, tag) VALUES (1, '2011-01-18 15:46:28.148085+00', 691664, 11);
INSERT INTO release_group_tag (count, last_updated, release_group, tag) VALUES (1, '2011-01-18 15:46:28.148085+00', 724150, 559);
INSERT INTO release_group_tag (count, last_updated, release_group, tag) VALUES (5, '2011-01-18 15:46:28.148085+00', 724150, 11);
INSERT INTO release_group_tag (count, last_updated, release_group, tag) VALUES (4, '2011-01-18 15:46:28.148085+00', 724150, 1282);
INSERT INTO release_group_tag (count, last_updated, release_group, tag) VALUES (1, '2011-01-18 15:46:28.148085+00', 724150, 800);
INSERT INTO release_group_tag (count, last_updated, release_group, tag) VALUES (1, '2011-01-18 15:46:28.148085+00', 724150, 4666);
INSERT INTO release_group_tag (count, last_updated, release_group, tag) VALUES (1, '2011-01-18 15:46:28.148085+00', 724150, 590);
INSERT INTO release_group_tag (count, last_updated, release_group, tag) VALUES (2, '2011-01-18 15:46:28.148085+00', 724150, 545);
INSERT INTO release_group_tag (count, last_updated, release_group, tag) VALUES (1, '2011-01-18 15:46:28.148085+00', 724150, 1030);
INSERT INTO release_group_tag (count, last_updated, release_group, tag) VALUES (2, '2011-01-18 15:46:28.148085+00', 724150, 34);
INSERT INTO release_group_tag (count, last_updated, release_group, tag) VALUES (5, '2011-01-18 15:46:28.148085+00', 18759, 7);
INSERT INTO release_group_tag (count, last_updated, release_group, tag) VALUES (1, '2011-01-18 15:46:28.148085+00', 18759, 8564);
INSERT INTO release_group_tag (count, last_updated, release_group, tag) VALUES (1, '2011-01-18 15:46:28.148085+00', 18759, 987);
INSERT INTO release_group_tag (count, last_updated, release_group, tag) VALUES (2, '2011-01-18 15:46:28.148085+00', 18759, 712);
INSERT INTO release_group_tag (count, last_updated, release_group, tag) VALUES (5, '2011-01-18 15:46:28.148085+00', 18759, 271);
INSERT INTO release_group_tag (count, last_updated, release_group, tag) VALUES (1, '2011-01-18 15:46:28.148085+00', 18759, 25673);
INSERT INTO release_group_tag (count, last_updated, release_group, tag) VALUES (1, '2011-01-18 15:46:28.148085+00', 47743, 28311);
INSERT INTO release_group_tag (count, last_updated, release_group, tag) VALUES (1, '2011-01-18 15:46:28.148085+00', 47743, 21080);
INSERT INTO release_group_tag (count, last_updated, release_group, tag) VALUES (1, '2011-01-18 15:46:28.148085+00', 47743, 25514);
INSERT INTO release_group_tag (count, last_updated, release_group, tag) VALUES (1, '2011-01-18 15:46:28.148085+00', 47743, 743);
INSERT INTO release_group_tag (count, last_updated, release_group, tag) VALUES (1, '2011-01-18 15:46:28.148085+00', 47743, 2987);
INSERT INTO release_group_tag (count, last_updated, release_group, tag) VALUES (1, '2011-01-18 15:46:28.148085+00', 47743, 7);
INSERT INTO release_group_tag (count, last_updated, release_group, tag) VALUES (1, '2011-01-18 15:46:28.148085+00', 47743, 88);
INSERT INTO release_group_tag (count, last_updated, release_group, tag) VALUES (1, '2011-01-18 15:46:28.148085+00', 47743, 1566);
INSERT INTO release_group_tag (count, last_updated, release_group, tag) VALUES (1, '2011-01-18 15:46:28.148085+00', 666173, 11);
INSERT INTO release_group_tag (count, last_updated, release_group, tag) VALUES (1, '2011-01-18 15:46:28.148085+00', 666173, 26);
INSERT INTO release_group_tag (count, last_updated, release_group, tag) VALUES (2, '2011-01-18 15:46:28.148085+00', 87135, 127);
INSERT INTO release_group_tag (count, last_updated, release_group, tag) VALUES (1, '2011-01-18 15:46:28.148085+00', 87135, 25471);
INSERT INTO release_group_tag (count, last_updated, release_group, tag) VALUES (1, '2011-01-18 15:46:28.148085+00', 87135, 1170);
INSERT INTO release_group_tag (count, last_updated, release_group, tag) VALUES (1, '2011-01-18 15:46:28.148085+00', 703316, 3881);
INSERT INTO release_group_tag (count, last_updated, release_group, tag) VALUES (1, '2011-01-18 15:46:28.148085+00', 703316, 3258);
INSERT INTO release_group_tag (count, last_updated, release_group, tag) VALUES (1, '2011-01-18 15:46:28.148085+00', 703316, 3880);
INSERT INTO release_group_tag (count, last_updated, release_group, tag) VALUES (1, '2011-01-18 15:46:28.148085+00', 703316, 3882);
INSERT INTO release_group_tag (count, last_updated, release_group, tag) VALUES (1, '2011-01-18 15:46:28.148085+00', 703316, 3872);
INSERT INTO release_group_tag (count, last_updated, release_group, tag) VALUES (1, '2011-01-18 15:46:28.148085+00', 703316, 11);
INSERT INTO release_group_tag (count, last_updated, release_group, tag) VALUES (1, '2011-01-18 15:46:28.148085+00', 703316, 3883);
INSERT INTO release_group_tag (count, last_updated, release_group, tag) VALUES (1, '2011-01-18 15:46:28.148085+00', 703316, 3259);
INSERT INTO release_group_tag (count, last_updated, release_group, tag) VALUES (1, '2011-01-18 15:46:28.148085+00', 703316, 3859);
INSERT INTO release_group_tag (count, last_updated, release_group, tag) VALUES (1, '2011-01-18 15:46:28.148085+00', 703316, 3886);
INSERT INTO release_group_tag (count, last_updated, release_group, tag) VALUES (1, '2011-01-18 15:46:28.148085+00', 703316, 3873);
INSERT INTO release_group_tag (count, last_updated, release_group, tag) VALUES (1, '2011-01-18 15:46:28.148085+00', 703316, 3876);
INSERT INTO release_group_tag (count, last_updated, release_group, tag) VALUES (1, '2011-01-18 15:46:28.148085+00', 703316, 3857);
INSERT INTO release_group_tag (count, last_updated, release_group, tag) VALUES (1, '2011-01-18 15:46:28.148085+00', 703316, 642);
INSERT INTO release_group_tag (count, last_updated, release_group, tag) VALUES (1, '2011-01-18 15:46:28.148085+00', 703316, 3871);
INSERT INTO release_group_tag (count, last_updated, release_group, tag) VALUES (1, '2011-01-18 15:46:28.148085+00', 703316, 3870);
INSERT INTO release_group_tag (count, last_updated, release_group, tag) VALUES (1, '2011-01-18 15:46:28.148085+00', 703316, 3877);
INSERT INTO release_group_tag (count, last_updated, release_group, tag) VALUES (1, '2011-01-18 15:46:28.148085+00', 703316, 3884);
INSERT INTO release_group_tag (count, last_updated, release_group, tag) VALUES (1, '2011-01-18 15:46:28.148085+00', 703316, 3254);
INSERT INTO release_group_tag (count, last_updated, release_group, tag) VALUES (1, '2011-01-18 15:46:28.148085+00', 703316, 3887);
INSERT INTO release_group_tag (count, last_updated, release_group, tag) VALUES (1, '2011-01-18 15:46:28.148085+00', 703316, 3885);
INSERT INTO release_group_tag (count, last_updated, release_group, tag) VALUES (1, '2011-01-18 15:46:28.148085+00', 703316, 3253);
INSERT INTO release_group_tag (count, last_updated, release_group, tag) VALUES (1, '2011-01-18 15:46:28.148085+00', 703316, 3879);
INSERT INTO release_group_tag (count, last_updated, release_group, tag) VALUES (1, '2011-01-18 15:46:28.148085+00', 703316, 3878);
INSERT INTO release_group_tag (count, last_updated, release_group, tag) VALUES (1, '2011-01-18 15:46:28.148085+00', 703316, 3874);
INSERT INTO release_group_tag (count, last_updated, release_group, tag) VALUES (1, '2011-01-18 15:46:28.148085+00', 703316, 3875);
INSERT INTO release_group_tag (count, last_updated, release_group, tag) VALUES (1, '2011-01-18 15:46:28.148085+00', 772397, 6673);
INSERT INTO release_group_tag (count, last_updated, release_group, tag) VALUES (1, '2011-01-18 15:46:28.148085+00', 772397, 6679);
INSERT INTO release_group_tag (count, last_updated, release_group, tag) VALUES (1, '2011-01-18 15:46:28.148085+00', 772397, 6676);
INSERT INTO release_group_tag (count, last_updated, release_group, tag) VALUES (1, '2011-01-18 15:46:28.148085+00', 772397, 3862);
INSERT INTO release_group_tag (count, last_updated, release_group, tag) VALUES (1, '2011-01-18 15:46:28.148085+00', 772397, 1051);
INSERT INTO release_group_tag (count, last_updated, release_group, tag) VALUES (1, '2011-01-18 15:46:28.148085+00', 772397, 3873);
INSERT INTO release_group_tag (count, last_updated, release_group, tag) VALUES (1, '2011-01-18 15:46:28.148085+00', 772397, 3884);
INSERT INTO release_group_tag (count, last_updated, release_group, tag) VALUES (1, '2011-01-18 15:46:28.148085+00', 772397, 6675);
INSERT INTO release_group_tag (count, last_updated, release_group, tag) VALUES (1, '2011-01-18 15:46:28.148085+00', 772397, 6677);
INSERT INTO release_group_tag (count, last_updated, release_group, tag) VALUES (1, '2011-01-18 15:46:28.148085+00', 772397, 6678);
INSERT INTO release_group_tag (count, last_updated, release_group, tag) VALUES (1, '2011-01-18 15:46:28.148085+00', 772397, 6674);
INSERT INTO release_group_tag (count, last_updated, release_group, tag) VALUES (1, '2011-01-18 15:46:28.148085+00', 377462, 114);

INSERT INTO label_tag (count, label, last_updated, tag) VALUES (1, 187, '2011-01-18 15:21:33.71184+00', 748);
INSERT INTO label_tag (count, label, last_updated, tag) VALUES (1, 187, '2011-01-18 15:21:33.71184+00', 273);
INSERT INTO label_tag (count, label, last_updated, tag) VALUES (1, 187, '2011-01-18 15:21:33.71184+00', 111);
INSERT INTO label_tag (count, label, last_updated, tag) VALUES (1, 187, '2011-01-18 15:21:33.71184+00', 20);
INSERT INTO label_tag (count, label, last_updated, tag) VALUES (1, 95, '2011-01-18 15:21:33.71184+00', 1391);
INSERT INTO label_tag (count, label, last_updated, tag) VALUES (2, 95, '2011-01-18 15:21:33.71184+00', 237);
INSERT INTO label_tag (count, label, last_updated, tag) VALUES (1, 95, '2011-01-18 15:21:33.71184+00', 20);
INSERT INTO label_tag (count, label, last_updated, tag) VALUES (1, 95, '2011-01-18 15:21:33.71184+00', 1190);
INSERT INTO label_tag (count, label, last_updated, tag) VALUES (1, 95, '2011-01-18 15:21:33.71184+00', 280);
INSERT INTO label_tag (count, label, last_updated, tag) VALUES (2, 95, '2011-01-18 15:21:33.71184+00', 171);
INSERT INTO label_tag (count, label, last_updated, tag) VALUES (1, 95, '2011-01-18 15:21:33.71184+00', 11);
INSERT INTO label_tag (count, label, last_updated, tag) VALUES (1, 33, '2011-01-18 15:21:33.71184+00', 8383);
INSERT INTO label_tag (count, label, last_updated, tag) VALUES (1, 33, '2011-01-18 15:21:33.71184+00', 748);
INSERT INTO label_tag (count, label, last_updated, tag) VALUES (1, 33, '2011-01-18 15:21:33.71184+00', 71);
INSERT INTO label_tag (count, label, last_updated, tag) VALUES (1, 33, '2011-01-18 15:21:33.71184+00', 273);
INSERT INTO label_tag (count, label, last_updated, tag) VALUES (1, 33, '2011-01-18 15:21:33.71184+00', 111);
INSERT INTO label_tag (count, label, last_updated, tag) VALUES (1, 33, '2011-01-18 15:21:33.71184+00', 1246);
INSERT INTO label_tag (count, label, last_updated, tag) VALUES (1, 33, '2011-01-18 15:21:33.71184+00', 343);
INSERT INTO label_tag (count, label, last_updated, tag) VALUES (1, 33, '2011-01-18 15:21:33.71184+00', 271);
INSERT INTO label_tag (count, label, last_updated, tag) VALUES (1, 33, '2011-01-18 15:21:33.71184+00', 7);
INSERT INTO label_tag (count, label, last_updated, tag) VALUES (1, 395, '2011-01-18 15:21:33.71184+00', 743);
INSERT INTO label_tag (count, label, last_updated, tag) VALUES (1, 395, '2011-01-18 15:21:33.71184+00', 25514);
INSERT INTO label_tag (count, label, last_updated, tag) VALUES (1, 395, '2011-01-18 15:21:33.71184+00', 88);
INSERT INTO label_tag (count, label, last_updated, tag) VALUES (1, 395, '2011-01-18 15:21:33.71184+00', 1887);
INSERT INTO label_tag (count, label, last_updated, tag) VALUES (1, 395, '2011-01-18 15:21:33.71184+00', 2147);
INSERT INTO label_tag (count, label, last_updated, tag) VALUES (1, 395, '2011-01-18 15:21:33.71184+00', 273);
INSERT INTO label_tag (count, label, last_updated, tag) VALUES (1, 36456, '2011-01-18 15:21:33.71184+00', 748);
INSERT INTO label_tag (count, label, last_updated, tag) VALUES (1, 36456, '2011-01-18 15:21:33.71184+00', 7913);
INSERT INTO label_tag (count, label, last_updated, tag) VALUES (1, 36456, '2011-01-18 15:21:33.71184+00', 273);
INSERT INTO label_tag (count, label, last_updated, tag) VALUES (1, 36456, '2011-01-18 15:21:33.71184+00', 111);
INSERT INTO label_tag (count, label, last_updated, tag) VALUES (1, 36456, '2011-01-18 15:21:33.71184+00', 7914);
INSERT INTO label_tag (count, label, last_updated, tag) VALUES (1, 3933, '2011-01-18 15:21:33.71184+00', 3857);
INSERT INTO label_tag (count, label, last_updated, tag) VALUES (1, 3933, '2011-01-18 15:21:33.71184+00', 3859);
INSERT INTO label_tag (count, label, last_updated, tag) VALUES (1, 3933, '2011-01-18 15:21:33.71184+00', 3872);
INSERT INTO label_tag (count, label, last_updated, tag) VALUES (1, 3933, '2011-01-18 15:21:33.71184+00', 3254);
INSERT INTO label_tag (count, label, last_updated, tag) VALUES (1, 3933, '2011-01-18 15:21:33.71184+00', 3874);
INSERT INTO label_tag (count, label, last_updated, tag) VALUES (1, 3933, '2011-01-18 15:21:33.71184+00', 3258);
INSERT INTO label_tag (count, label, last_updated, tag) VALUES (1, 3933, '2011-01-18 15:21:33.71184+00', 6543);
INSERT INTO label_tag (count, label, last_updated, tag) VALUES (1, 3933, '2011-01-18 15:21:33.71184+00', 3403);
INSERT INTO label_tag (count, label, last_updated, tag) VALUES (1, 3933, '2011-01-18 15:21:33.71184+00', 6622);
INSERT INTO label_tag (count, label, last_updated, tag) VALUES (1, 3933, '2011-01-18 15:21:33.71184+00', 3877);
INSERT INTO label_tag (count, label, last_updated, tag) VALUES (1, 3933, '2011-01-18 15:21:33.71184+00', 6544);
INSERT INTO label_tag (count, label, last_updated, tag) VALUES (1, 3933, '2011-01-18 15:21:33.71184+00', 6542);
INSERT INTO label_tag (count, label, last_updated, tag) VALUES (1, 3933, '2011-01-18 15:21:33.71184+00', 3253);
INSERT INTO label_tag (count, label, last_updated, tag) VALUES (1, 3933, '2011-01-18 15:21:33.71184+00', 5221);
INSERT INTO label_tag (count, label, last_updated, tag) VALUES (1, 3933, '2011-01-18 15:21:33.71184+00', 3259);
INSERT INTO label_tag (count, label, last_updated, tag) VALUES (1, 3933, '2011-01-18 15:21:33.71184+00', 3884);
INSERT INTO label_tag (count, label, last_updated, tag) VALUES (1, 381, '2011-01-18 15:21:33.71184+00', 114);
INSERT INTO label_tag (count, label, last_updated, tag) VALUES (1, 46, '2011-01-18 15:21:33.71184+00', 1032);
INSERT INTO label_tag (count, label, last_updated, tag) VALUES (1, 46, '2011-01-18 15:21:33.71184+00', 1604);
INSERT INTO label_tag (count, label, last_updated, tag) VALUES (1, 46, '2011-01-18 15:21:33.71184+00', 545);
INSERT INTO label_tag (count, label, last_updated, tag) VALUES (1, 46, '2011-01-18 15:21:33.71184+00', 559);
INSERT INTO label_tag (count, label, last_updated, tag) VALUES (1, 46, '2011-01-18 15:21:33.71184+00', 1661);
INSERT INTO label_tag (count, label, last_updated, tag) VALUES (2, 46, '2011-01-18 15:21:33.71184+00', 1391);
INSERT INTO label_tag (count, label, last_updated, tag) VALUES (2, 46, '2011-01-18 15:21:33.71184+00', 205);
INSERT INTO label_tag (count, label, last_updated, tag) VALUES (2, 46, '2011-01-18 15:21:33.71184+00', 11);
INSERT INTO label_tag (count, label, last_updated, tag) VALUES (2, 46, '2011-01-18 15:21:33.71184+00', 237);
INSERT INTO label_tag (count, label, last_updated, tag) VALUES (1, 46, '2011-01-18 15:21:33.71184+00', 166);
INSERT INTO label_tag (count, label, last_updated, tag) VALUES (1, 46, '2011-01-18 15:21:33.71184+00', 280);
INSERT INTO label_tag (count, label, last_updated, tag) VALUES (3, 46, '2011-01-18 15:21:33.71184+00', 171);
INSERT INTO label_tag (count, label, last_updated, tag) VALUES (1, 46, '2011-01-18 15:21:33.71184+00', 1063);
INSERT INTO label_tag (count, label, last_updated, tag) VALUES (1, 46, '2011-01-18 15:21:33.71184+00', 284);
INSERT INTO label_tag (count, label, last_updated, tag) VALUES (1, 124, '2011-01-18 15:21:33.71184+00', 748);
INSERT INTO label_tag (count, label, last_updated, tag) VALUES (1, 124, '2011-01-18 15:21:33.71184+00', 537);
INSERT INTO label_tag (count, label, last_updated, tag) VALUES (1, 124, '2011-01-18 15:21:33.71184+00', 273);
INSERT INTO label_tag (count, label, last_updated, tag) VALUES (1, 124, '2011-01-18 15:21:33.71184+00', 111);
INSERT INTO label_tag (count, label, last_updated, tag) VALUES (1, 124, '2011-01-18 15:21:33.71184+00', 16);
INSERT INTO label_tag (count, label, last_updated, tag) VALUES (1, 124, '2011-01-18 15:21:33.71184+00', 49);
INSERT INTO label_tag (count, label, last_updated, tag) VALUES (1, 124, '2011-01-18 15:21:33.71184+00', 518);
INSERT INTO label_tag (count, label, last_updated, tag) VALUES (1, 124, '2011-01-18 15:21:33.71184+00', 1079);
INSERT INTO label_tag (count, label, last_updated, tag) VALUES (1, 124, '2011-01-18 15:21:33.71184+00', 284);
INSERT INTO label_tag (count, label, last_updated, tag) VALUES (1, 132, '2011-01-18 15:21:33.71184+00', 237);
INSERT INTO label_tag (count, label, last_updated, tag) VALUES (1, 132, '2011-01-18 15:21:33.71184+00', 171);
INSERT INTO label_tag (count, label, last_updated, tag) VALUES (1, 132, '2011-01-18 15:21:33.71184+00', 1391);

INSERT INTO recording_tag (count, last_updated, recording, tag) VALUES (1, '2011-01-18 15:56:00.408782+00', 6750266, 30);
INSERT INTO recording_tag (count, last_updated, recording, tag) VALUES (1, '2011-01-18 15:56:00.408782+00', 8509233, 33017);
INSERT INTO recording_tag (count, last_updated, recording, tag) VALUES (1, NULL, 4525123, 558);
INSERT INTO recording_tag (count, last_updated, recording, tag) VALUES (1, NULL, 4525010, 741);
INSERT INTO recording_tag (count, last_updated, recording, tag) VALUES (1, NULL, 4525011, 1354);
INSERT INTO recording_tag (count, last_updated, recording, tag) VALUES (1, '2011-01-18 15:56:00.408782+00', 7883923, 26);
INSERT INTO recording_tag (count, last_updated, recording, tag) VALUES (1, '2011-01-18 15:56:00.408782+00', 7883924, 26);
INSERT INTO recording_tag (count, last_updated, recording, tag) VALUES (2, '2011-01-18 15:56:00.408782+00', 1062699, 559);
INSERT INTO recording_tag (count, last_updated, recording, tag) VALUES (2, '2011-01-18 15:56:00.408782+00', 1062699, 1282);
INSERT INTO recording_tag (count, last_updated, recording, tag) VALUES (2, '2011-01-18 15:56:00.408782+00', 1062699, 11);
INSERT INTO recording_tag (count, last_updated, recording, tag) VALUES (2, '2011-01-18 15:56:00.408782+00', 1353886, 11);
INSERT INTO recording_tag (count, last_updated, recording, tag) VALUES (2, '2011-01-18 15:56:00.408782+00', 1353886, 559);
INSERT INTO recording_tag (count, last_updated, recording, tag) VALUES (3, '2011-01-18 15:56:00.408782+00', 1353886, 1282);
INSERT INTO recording_tag (count, last_updated, recording, tag) VALUES (1, '2011-01-18 15:56:00.408782+00', 1353886, 545);
INSERT INTO recording_tag (count, last_updated, recording, tag) VALUES (2, '2011-01-18 15:56:00.408782+00', 2726277, 11);
INSERT INTO recording_tag (count, last_updated, recording, tag) VALUES (2, '2011-01-18 15:56:00.408782+00', 2726277, 1282);
INSERT INTO recording_tag (count, last_updated, recording, tag) VALUES (1, '2011-01-18 15:56:00.408782+00', 2726277, 559);
INSERT INTO recording_tag (count, last_updated, recording, tag) VALUES (2, '2011-01-18 15:56:00.408782+00', 2726271, 1282);
INSERT INTO recording_tag (count, last_updated, recording, tag) VALUES (1, '2011-01-18 15:56:00.408782+00', 2726271, 11);
INSERT INTO recording_tag (count, last_updated, recording, tag) VALUES (2, '2011-01-18 15:56:00.408782+00', 2726274, 11);
INSERT INTO recording_tag (count, last_updated, recording, tag) VALUES (2, '2011-01-18 15:56:00.408782+00', 2726274, 1282);
INSERT INTO recording_tag (count, last_updated, recording, tag) VALUES (1, '2011-01-18 15:56:00.408782+00', 2726274, 559);
INSERT INTO recording_tag (count, last_updated, recording, tag) VALUES (1, '2011-01-18 15:56:00.408782+00', 15296, 559);
INSERT INTO recording_tag (count, last_updated, recording, tag) VALUES (1, '2011-01-18 15:56:00.408782+00', 15296, 545);
INSERT INTO recording_tag (count, last_updated, recording, tag) VALUES (1, '2011-01-18 15:56:00.408782+00', 2726276, 559);
INSERT INTO recording_tag (count, last_updated, recording, tag) VALUES (2, '2011-01-18 15:56:00.408782+00', 2726276, 1282);
INSERT INTO recording_tag (count, last_updated, recording, tag) VALUES (2, '2011-01-18 15:56:00.408782+00', 2726276, 11);
INSERT INTO recording_tag (count, last_updated, recording, tag) VALUES (2, '2011-01-18 15:56:00.408782+00', 2726281, 1282);
INSERT INTO recording_tag (count, last_updated, recording, tag) VALUES (1, '2011-01-18 15:56:00.408782+00', 2726281, 559);
INSERT INTO recording_tag (count, last_updated, recording, tag) VALUES (2, '2011-01-18 15:56:00.408782+00', 2726281, 11);
INSERT INTO recording_tag (count, last_updated, recording, tag) VALUES (1, '2011-01-18 15:56:00.408782+00', 2726275, 559);
INSERT INTO recording_tag (count, last_updated, recording, tag) VALUES (2, '2011-01-18 15:56:00.408782+00', 2726275, 1282);
INSERT INTO recording_tag (count, last_updated, recording, tag) VALUES (2, '2011-01-18 15:56:00.408782+00', 2726275, 11);
INSERT INTO recording_tag (count, last_updated, recording, tag) VALUES (2, '2011-01-18 15:56:00.408782+00', 2726272, 1282);
INSERT INTO recording_tag (count, last_updated, recording, tag) VALUES (1, '2011-01-18 15:56:00.408782+00', 2726272, 559);
INSERT INTO recording_tag (count, last_updated, recording, tag) VALUES (2, '2011-01-18 15:56:00.408782+00', 2726272, 11);
INSERT INTO recording_tag (count, last_updated, recording, tag) VALUES (2, '2011-01-18 15:56:00.408782+00', 2726278, 1282);
INSERT INTO recording_tag (count, last_updated, recording, tag) VALUES (1, '2011-01-18 15:56:00.408782+00', 2726278, 559);
INSERT INTO recording_tag (count, last_updated, recording, tag) VALUES (3, '2011-01-18 15:56:00.408782+00', 2726278, 11);
INSERT INTO recording_tag (count, last_updated, recording, tag) VALUES (2, '2011-01-18 15:56:00.408782+00', 2726280, 1282);
INSERT INTO recording_tag (count, last_updated, recording, tag) VALUES (2, '2011-01-18 15:56:00.408782+00', 2726280, 11);
INSERT INTO recording_tag (count, last_updated, recording, tag) VALUES (1, '2011-01-18 15:56:00.408782+00', 4844122, 11);
INSERT INTO recording_tag (count, last_updated, recording, tag) VALUES (1, '2011-01-18 15:56:00.408782+00', 4844122, 559);
INSERT INTO recording_tag (count, last_updated, recording, tag) VALUES (1, '2011-01-18 15:56:00.408782+00', 4844123, 11);
INSERT INTO recording_tag (count, last_updated, recording, tag) VALUES (1, '2011-01-18 15:56:00.408782+00', 4844123, 559);
INSERT INTO recording_tag (count, last_updated, recording, tag) VALUES (2, '2011-01-18 15:56:00.408782+00', 160074, 271);
INSERT INTO recording_tag (count, last_updated, recording, tag) VALUES (1, '2011-01-18 15:56:00.408782+00', 160074, 987);
INSERT INTO recording_tag (count, last_updated, recording, tag) VALUES (1, '2011-01-18 15:56:00.408782+00', 160074, 344);
INSERT INTO recording_tag (count, last_updated, recording, tag) VALUES (1, '2011-01-18 15:56:00.408782+00', 160074, 712);
INSERT INTO recording_tag (count, last_updated, recording, tag) VALUES (4, '2011-01-18 15:56:00.408782+00', 160074, 7);
INSERT INTO recording_tag (count, last_updated, recording, tag) VALUES (3, '2011-01-18 15:56:00.408782+00', 162921, 7);
INSERT INTO recording_tag (count, last_updated, recording, tag) VALUES (1, '2011-01-18 15:56:00.408782+00', 162921, 987);
INSERT INTO recording_tag (count, last_updated, recording, tag) VALUES (3, '2011-01-18 15:56:00.408782+00', 162921, 271);
INSERT INTO recording_tag (count, last_updated, recording, tag) VALUES (2, '2011-01-18 15:56:00.408782+00', 162922, 271);
INSERT INTO recording_tag (count, last_updated, recording, tag) VALUES (1, '2011-01-18 15:56:00.408782+00', 162922, 7);
INSERT INTO recording_tag (count, last_updated, recording, tag) VALUES (2, '2011-01-18 15:56:00.408782+00', 162923, 7);
INSERT INTO recording_tag (count, last_updated, recording, tag) VALUES (2, '2011-01-18 15:56:00.408782+00', 162923, 271);
INSERT INTO recording_tag (count, last_updated, recording, tag) VALUES (1, '2011-01-18 15:56:00.408782+00', 162924, 7);
INSERT INTO recording_tag (count, last_updated, recording, tag) VALUES (2, '2011-01-18 15:56:00.408782+00', 162924, 271);
INSERT INTO recording_tag (count, last_updated, recording, tag) VALUES (1, '2011-01-18 15:56:00.408782+00', 162925, 712);
INSERT INTO recording_tag (count, last_updated, recording, tag) VALUES (4, '2011-01-18 15:56:00.408782+00', 162925, 7);
INSERT INTO recording_tag (count, last_updated, recording, tag) VALUES (4, '2011-01-18 15:56:00.408782+00', 162925, 271);
INSERT INTO recording_tag (count, last_updated, recording, tag) VALUES (1, '2011-01-18 15:56:00.408782+00', 162926, 2150);
INSERT INTO recording_tag (count, last_updated, recording, tag) VALUES (3, '2011-01-18 15:56:00.408782+00', 162926, 271);
INSERT INTO recording_tag (count, last_updated, recording, tag) VALUES (1, '2011-01-18 15:56:00.408782+00', 162926, 987);
INSERT INTO recording_tag (count, last_updated, recording, tag) VALUES (4, '2011-01-18 15:56:00.408782+00', 162926, 7);
INSERT INTO recording_tag (count, last_updated, recording, tag) VALUES (1, '2011-01-18 15:56:00.408782+00', 162927, 987);
INSERT INTO recording_tag (count, last_updated, recording, tag) VALUES (2, '2011-01-18 15:56:00.408782+00', 162927, 7);
INSERT INTO recording_tag (count, last_updated, recording, tag) VALUES (1, '2011-01-18 15:56:00.408782+00', 162927, 271);
INSERT INTO recording_tag (count, last_updated, recording, tag) VALUES (1, '2011-01-18 15:56:00.408782+00', 334848, 2987);
INSERT INTO recording_tag (count, last_updated, recording, tag) VALUES (1, '2011-01-18 15:56:00.408782+00', 334849, 2987);
INSERT INTO recording_tag (count, last_updated, recording, tag) VALUES (1, '2011-01-18 15:56:00.408782+00', 334850, 2987);
INSERT INTO recording_tag (count, last_updated, recording, tag) VALUES (1, '2011-01-18 15:56:00.408782+00', 334850, 21080);
INSERT INTO recording_tag (count, last_updated, recording, tag) VALUES (1, '2011-01-18 15:56:00.408782+00', 334853, 2987);
INSERT INTO recording_tag (count, last_updated, recording, tag) VALUES (1, '2011-01-18 15:56:00.408782+00', 685427, 127);
INSERT INTO recording_tag (count, last_updated, recording, tag) VALUES (1, '2011-01-18 15:56:00.408782+00', 7905440, 3884);
INSERT INTO recording_tag (count, last_updated, recording, tag) VALUES (1, '2011-01-18 15:56:00.408782+00', 7905440, 6672);


-- CDTOC/medium_cdtoc/etc.

INSERT INTO cdtoc (created, degraded, discid, freedb_id, id, leadout_offset, track_count, track_offset) VALUES ('2011-01-18 15:21:33.71184+00', '0', 'W01Qvrvwkaz2Cm.IQm55_RHoRxs-', '1c032103', 129807, 60295, 3, '{150,22352,38335}');
INSERT INTO cdtoc (created, degraded, discid, freedb_id, id, leadout_offset, track_count, track_offset) VALUES ('2011-01-18 15:21:33.71184+00', '0', '4Fzv46Cx17XbCG5hQ1xo6KmQojk-', '9509400a', 96188, 177766, 10, '{150,20190,37441,55229,72498,88781,105874,124205,137213,152863}');
INSERT INTO cdtoc (created, degraded, discid, freedb_id, id, leadout_offset, track_count, track_offset) VALUES ('2011-01-18 15:21:33.71184+00', '0', 'VkX.hmODEJMV9FhQnxkWzQSX8iE-', '7f09350a', 114635, 176980, 10, '{150,20217,37505,55290,72527,88835,105882,124220,137267,152920}');
INSERT INTO cdtoc (created, degraded, discid, freedb_id, id, leadout_offset, track_count, track_offset) VALUES ('2011-01-18 15:21:33.71184+00', '0', '75S7Yp3IiqPVREQhjAjMXPhwz0Y-', '7f0ea40c', 269350, 281289, 12, '{150,27852,49751,75876,99845,120876,140765,165856,188422,211757,232229,255810}');
INSERT INTO cdtoc (created, degraded, discid, freedb_id, id, leadout_offset, track_count, track_offset) VALUES ('2011-01-18 15:21:33.71184+00', '0', '93K4ogyxWlv522XF0BG8fZOuay4-', '800b3209', 281138, 215137, 9, '{150,23303,48850,73305,98815,125348,147548,172225,194409}');
INSERT INTO cdtoc (created, degraded, discid, freedb_id, id, leadout_offset, track_count, track_offset) VALUES ('2011-01-18 15:21:33.71184+00', '0', 'VnL0A7ksXznBxvZ94H3Z61EZY3k-', '840ad809', 281139, 208393, 9, '{150,26801,42538,64421,90680,114510,138939,164009,186929}');
INSERT INTO cdtoc (created, degraded, discid, freedb_id, id, leadout_offset, track_count, track_offset) VALUES ('2011-01-18 15:21:33.71184+00', '0', 'afhq1hAs2MoqPcU9JENE5i_mACM-', 'ad0d410d', 77049, 254650, 13, '{150,19230,42125,62632,83817,103437,120475,139975,166185,187925,203550,225687,239650}');
INSERT INTO cdtoc (created, degraded, discid, freedb_id, id, leadout_offset, track_count, track_offset) VALUES ('2011-01-18 15:21:33.71184+00', '0', 'T.epJ9O5SoDjPqAJuOJfAI9O8Nk-', 'a90d590d', 81302, 256486, 13, '{150,19383,42431,63091,84429,104202,121393,141045,167408,189301,205078,227368,241484}');
INSERT INTO cdtoc (created, degraded, discid, freedb_id, id, leadout_offset, track_count, track_offset) VALUES ('2011-01-18 15:21:33.71184+00', '0', 'sodU6_.Y7u.KceQOILt9TBWlowE-', '870dd20b', 43155, 265570, 11, '{150,24285,43532,76330,90350,108054,146995,168537,193007,214812,235112}');
INSERT INTO cdtoc (created, degraded, discid, freedb_id, id, leadout_offset, track_count, track_offset) VALUES ('2011-01-18 15:21:33.71184+00', '0', 'BtKm6dTiu3iaAKXG0UOzQLQoqtg-', '890dbd0b', 152078, 263933, 11, '{150,23995,43046,75876,89722,107222,145988,167378,191709,213344,233445}');
INSERT INTO cdtoc (created, degraded, discid, freedb_id, id, leadout_offset, track_count, track_offset) VALUES ('2011-01-18 15:21:33.71184+00', '0', 'I80AyqyKJJ7ErmcO3Ol6IvkNm6Q-', '840dcf0b', 133905, 265276, 11, '{150,24140,43339,76218,90206,107832,146742,168281,192801,214535,234708}');
INSERT INTO cdtoc (created, degraded, discid, freedb_id, id, leadout_offset, track_count, track_offset) VALUES ('2011-01-18 15:21:33.71184+00', '0', 'HBdX34kIIszmAgC0rQgA5wpm.00-', '950deb0b', 240446, 267444, 11, '{150,24344,43701,76936,91098,109072,148147,169851,194526,216393,236740}');
INSERT INTO cdtoc (created, degraded, discid, freedb_id, id, leadout_offset, track_count, track_offset) VALUES ('2011-01-18 15:21:33.71184+00', '0', 'Y0vn_rEMiqZBjcX83_H0kIhAHWI-', '890dd30b', 322076, 265580, 11, '{150,24197,43367,76382,90380,108107,147025,168567,193050,214817,235077}');
INSERT INTO cdtoc (created, degraded, discid, freedb_id, id, leadout_offset, track_count, track_offset) VALUES ('2011-01-18 15:21:33.71184+00', '0', 'IMDbh1LVwOMIWvJuREMoC1iauOY-', '930dd70b', 340280, 265922, 11, '{150,24192,43397,76480,90490,108312,147235,168787,193310,215025,235220}');
INSERT INTO cdtoc (created, degraded, discid, freedb_id, id, leadout_offset, track_count, track_offset) VALUES ('2011-01-18 15:21:33.71184+00', '0', 'AEksyBzpAWwQVR8rz2ASF984Uo4-', '980de20b', 344827, 266723, 11, '{150,24297,43650,76705,90853,108653,147721,169413,194046,215983,236386}');
INSERT INTO cdtoc (created, degraded, discid, freedb_id, id, leadout_offset, track_count, track_offset) VALUES ('2011-01-18 15:21:33.71184+00', '0', 'ntVUGiLS__Fa__494wln20X0YnI-', '890dd20b', 17, 265530, 11, '{150,24147,43350,76332,90330,108057,146975,168517,193000,214787,235040}');
INSERT INTO cdtoc (created, degraded, discid, freedb_id, id, leadout_offset, track_count, track_offset) VALUES ('2011-01-18 15:21:33.71184+00', '0', 'I7bkQQjCp.XBo0zrwTLxLYz1vXs-', '890dd00b', 110729, 265380, 11, '{150,24161,43380,76346,90358,108010,146928,168482,193000,214746,234948}');
INSERT INTO cdtoc (created, degraded, discid, freedb_id, id, leadout_offset, track_count, track_offset) VALUES ('2011-01-18 15:21:33.71184+00', '0', 'rfLLTAuy0gbQkonQKCLGabmk2MY-', '1902ec03', 268493, 56275, 3, '{150,18727,39085}');
INSERT INTO cdtoc (created, degraded, discid, freedb_id, id, leadout_offset, track_count, track_offset) VALUES ('2011-01-18 15:21:33.71184+00', '0', 'Sehck3.MCN8EFcUJ5.F8nR4H3v0-', '60099608', 49930, 184210, 8, '{182,24925,59357,81107,95905,112640,132355,163885}');
INSERT INTO cdtoc (created, degraded, discid, freedb_id, id, leadout_offset, track_count, track_offset) VALUES ('2011-01-18 15:21:33.71184+00', '0', 'vdqjl0qd439MIsKaj0snDOhuiLU-', '5e099b08', 354280, 184645, 8, '{150,24890,59372,81145,95795,112695,132545,164315}');
INSERT INTO cdtoc (created, degraded, discid, freedb_id, id, leadout_offset, track_count, track_offset) VALUES ('2011-01-18 15:21:33.71184+00', '0', '8g0LhwVHIn_LfBt88ruvkYe1X3g-', '60099608', 339838, 184245, 8, '{150,24947,59365,81115,95912,112647,132362,163892}');
INSERT INTO cdtoc (created, degraded, discid, freedb_id, id, leadout_offset, track_count, track_offset) VALUES ('2011-01-18 15:21:33.71184+00', '0', 'dvMaF6OoUA42N9Jw_nwISI86ocY-', '69099e08', 316245, 184805, 8, '{187,25000,59482,81242,95895,112795,132645,164425}');
INSERT INTO cdtoc (created, degraded, discid, freedb_id, id, leadout_offset, track_count, track_offset) VALUES ('2011-01-18 15:21:33.71184+00', '0', 'RQ69TCHg_nsoKXtFgDc5T5QGMgQ-', '5e099c08', 295235, 184657, 8, '{150,24890,59372,81145,95795,112695,132545,164315}');
INSERT INTO cdtoc (created, degraded, discid, freedb_id, id, leadout_offset, track_count, track_offset) VALUES ('2011-01-18 15:21:33.71184+00', '0', 'VWXyO4ux.s2_c5jFS1Q4Etsp6co-', '6b0c5408', 291363, 236918, 8, '{150,33045,69418,101400,119930,137573,158710,211493}');
INSERT INTO cdtoc (created, degraded, discid, freedb_id, id, leadout_offset, track_count, track_offset) VALUES ('2011-01-18 15:21:33.71184+00', '0', 'AE1YB3XUylgfysw.tszWOdkrwiQ-', '60099608', 268087, 184245, 8, '{150,24948,59365,81115,95913,112648,132363,163893}');
INSERT INTO cdtoc (created, degraded, discid, freedb_id, id, leadout_offset, track_count, track_offset) VALUES ('2011-01-18 15:21:33.71184+00', '0', 'YOLlLOewMCnK5OdwRldTW8H8Ph0-', '60099608', 256078, 184210, 8, '{182,24928,59358,81108,95905,112640,132355,163885}');
INSERT INTO cdtoc (created, degraded, discid, freedb_id, id, leadout_offset, track_count, track_offset) VALUES ('2011-01-18 15:21:33.71184+00', '0', 'ZeUS.FCJxbcQhhKEEul4EHw6NYQ-', '63099c08', 184796, 184690, 8, '{183,24923,59405,81178,95828,112728,132578,164348}');
INSERT INTO cdtoc (created, degraded, discid, freedb_id, id, leadout_offset, track_count, track_offset) VALUES ('2011-01-18 15:21:33.71184+00', '0', 'AUwjxNYeUi4fSgvQJfjGRDwJXJ0-', '5e099508', 181552, 184165, 8, '{150,24895,59325,81075,95872,112607,132322,163852}');
INSERT INTO cdtoc (created, degraded, discid, freedb_id, id, leadout_offset, track_count, track_offset) VALUES ('2011-01-18 15:21:33.71184+00', '0', '9h2hHjVbVjVI6KwuTGDZzhbmc9U-', '61099608', 152998, 184240, 8, '{182,24937,59360,81125,95920,112650,132350,163895}');
INSERT INTO cdtoc (created, degraded, discid, freedb_id, id, leadout_offset, track_count, track_offset) VALUES ('2011-01-18 15:21:33.71184+00', '0', '7sSDtdOuG5P3Y.eEDls6U7SYorE-', '63099c08', 121086, 184665, 8, '{183,24930,59413,81178,95828,112728,132578,164355}');
INSERT INTO cdtoc (created, degraded, discid, freedb_id, id, leadout_offset, track_count, track_offset) VALUES ('2011-01-18 15:21:33.71184+00', '0', 'nuzctgwwFzYqqT06PC55YXawumw-', '60099508', 108503, 184190, 8, '{182,24917,59357,81107,95905,112640,132355,163885}');
INSERT INTO cdtoc (created, degraded, discid, freedb_id, id, leadout_offset, track_count, track_offset) VALUES ('2011-01-18 15:21:33.71184+00', '0', 'YawI_3ga7sXXZk6jGfmPOm9god4-', '60099608', 893, 184210, 8, '{150,24912,59357,81107,95902,112640,132337,163880}');
INSERT INTO cdtoc (created, degraded, discid, freedb_id, id, leadout_offset, track_count, track_offset) VALUES ('2011-01-18 15:21:33.71184+00', '0', '8IxUHoNrTHMAmTIlhuY4F7A3pv4-', '69099b08', 7927, 184707, 8, '{225,24977,59460,81232,95882,112782,132632,164402}');
INSERT INTO cdtoc (created, degraded, discid, freedb_id, id, leadout_offset, track_count, track_offset) VALUES ('2011-01-18 15:21:33.71184+00', '0', '6QwQ1XpuVHRAf2WmEJ7ncFCHIFE-', '6809ad08', 98281, 185931, 8, '{150,25072,59718,81659,96480,113544,133562,165506}');
INSERT INTO cdtoc (created, degraded, discid, freedb_id, id, leadout_offset, track_count, track_offset) VALUES ('2011-01-18 15:21:33.71184+00', '0', 'syCuIG.VDtfkIkCZ7srayNW8rnA-', 'b208d40e', 376870, 169673, 14, '{150,9348,21473,36280,48635,63000,77050,88643,105705,117915,127185,139398,151893,166523}');
INSERT INTO cdtoc (created, degraded, discid, freedb_id, id, leadout_offset, track_count, track_offset) VALUES ('2011-01-18 15:21:33.71184+00', '0', '5t9hqzNTxRPT7zKSgqbIaUPfBzg-', 'b708d40e', 10144, 169707, 14, '{182,9382,21507,36312,48670,63032,77085,88675,105737,117947,127217,139430,151927,166555}');
INSERT INTO cdtoc (created, degraded, discid, freedb_id, id, leadout_offset, track_count, track_offset) VALUES ('2011-01-18 15:21:33.71184+00', '0', 'Oa9KN2peBaJdn1znF7XXMXKkhLo-', 'b208d40e', 112902, 169667, 14, '{150,9347,21470,36285,48637,63002,77035,88645,105707,117925,127190,139395,151892,166525}');
INSERT INTO cdtoc (created, degraded, discid, freedb_id, id, leadout_offset, track_count, track_offset) VALUES ('2011-01-18 15:21:33.71184+00', '0', 'tR2SpfaE.q4kUoGwP.NkPT6vwhc-', 'b708d40e', 146522, 169707, 14, '{182,9380,21505,36312,48667,63032,77082,88675,105737,117947,127217,139430,151925,166555}');
INSERT INTO cdtoc (created, degraded, discid, freedb_id, id, leadout_offset, track_count, track_offset) VALUES ('2011-01-18 15:21:33.71184+00', '0', '5ryUSsKSzUhTIcCvvBbzY6mmP70-', 'b908d30e', 164606, 169600, 14, '{150,9280,21410,36220,48575,62940,76970,88582,105647,117847,127127,139330,151812,166457}');
INSERT INTO cdtoc (created, degraded, discid, freedb_id, id, leadout_offset, track_count, track_offset) VALUES ('2011-01-18 15:21:33.71184+00', '0', '9pK3Eo7YF8qSiBlGg9D0l5sNuaU-', 'c008d40e', 252608, 169657, 14, '{150,9305,21420,36237,48587,62945,76977,88592,105660,117865,127147,139337,151820,163460}');
INSERT INTO cdtoc (created, degraded, discid, freedb_id, id, leadout_offset, track_count, track_offset) VALUES ('2011-01-18 15:21:33.71184+00', '0', 'Nmu_OfWl7g83XbuXuosWZMZMEvc-', '8608370a', 35066, 157932, 10, '{182,14367,33090,47290,63412,77047,88985,117735,125570,146057}');
INSERT INTO cdtoc (created, degraded, discid, freedb_id, id, leadout_offset, track_count, track_offset) VALUES ('2011-01-18 15:21:33.71184+00', '0', '6bOGp3KERq1vhgKLLZreS.RMhGo-', '7b082e0a', 38029, 157223, 10, '{183,12103,31365,47415,63623,77168,87830,116693,124563,145245}');
INSERT INTO cdtoc (created, degraded, discid, freedb_id, id, leadout_offset, track_count, track_offset) VALUES ('2011-01-18 15:21:33.71184+00', '0', '2Mh4AS8DoNfkCsU04_YFk.kLtLI-', '7b082f0a', 339241, 157282, 10, '{150,12102,31362,47412,63620,77165,87827,116690,124560,145242}');
INSERT INTO cdtoc (created, degraded, discid, freedb_id, id, leadout_offset, track_count, track_offset) VALUES ('2011-01-18 15:21:33.71184+00', '0', '.0cCQpoefOzJUvLd79fwI7mObJY-', '7508240a', 314632, 156512, 10, '{187,12075,30995,47172,63430,76855,87480,116322,123955,144670}');
INSERT INTO cdtoc (created, degraded, discid, freedb_id, id, leadout_offset, track_count, track_offset) VALUES ('2011-01-18 15:21:33.71184+00', '0', 'UktFGPE6.FpszCQhvf7DJHijYmg-', '8608360a', 127389, 157845, 10, '{150,14287,33007,47200,63327,76965,88900,117650,125485,145972}');
INSERT INTO cdtoc (created, degraded, discid, freedb_id, id, leadout_offset, track_count, track_offset) VALUES ('2011-01-18 15:21:33.71184+00', '0', 'tHYfkdt32Wlxkp5n8Vik12AGa4M-', '8708370a', 258542, 157877, 10, '{182,14320,33040,47232,63360,76997,88932,117682,125517,146005}');
INSERT INTO cdtoc (created, degraded, discid, freedb_id, id, leadout_offset, track_count, track_offset) VALUES ('2011-01-18 15:21:33.71184+00', '0', 'Vs9WHtem2u9Oo3Dmh0ccFeEEYQw-', '72082e0a', 85413, 157245, 10, '{150,12057,31025,46720,63580,77157,87825,116687,124570,143825}');
INSERT INTO cdtoc (created, degraded, discid, freedb_id, id, leadout_offset, track_count, track_offset) VALUES ('2011-01-18 15:21:33.71184+00', '0', '_nvx4zcP5SgeupDR.tKLEyTy5vg-', '7f082f0a', 194277, 157320, 10, '{187,12140,31400,47450,63657,77202,87865,116727,124597,145280}');
INSERT INTO cdtoc (created, degraded, discid, freedb_id, id, leadout_offset, track_count, track_offset) VALUES ('2011-01-18 15:21:33.71184+00', '0', 'E65upMAlfpOT9WK2PAcs.TyvC.s-', '76082d0a', 141117, 157157, 10, '{150,12060,31320,47370,63577,77122,87785,116647,124517,145200}');
INSERT INTO cdtoc (created, degraded, discid, freedb_id, id, leadout_offset, track_count, track_offset) VALUES ('2011-01-18 15:21:33.71184+00', '0', '_mIJp3ou5BAQ1GFOiu0hWuoz2mI-', '72081509', 248388, 155399, 9, '{150,19400,25900,41925,61925,81025,98775,116075,136675}');

INSERT INTO medium_cdtoc (cdtoc, edits_pending, id, last_updated, medium) VALUES (129807, 0, 68408, '2011-01-18 15:21:33.71184+00', 49161);
INSERT INTO medium_cdtoc (cdtoc, edits_pending, id, last_updated, medium) VALUES (129807, 0, 117662, '2011-01-18 15:21:33.71184+00', 123054);
INSERT INTO medium_cdtoc (cdtoc, edits_pending, id, last_updated, medium) VALUES (96188, 0, 40907, '2011-01-18 15:21:33.71184+00', 24752);
INSERT INTO medium_cdtoc (cdtoc, edits_pending, id, last_updated, medium) VALUES (114635, 0, 40908, '2011-01-18 15:21:33.71184+00', 24752);
INSERT INTO medium_cdtoc (cdtoc, edits_pending, id, last_updated, medium) VALUES (114635, 0, 187727, '2011-01-18 15:21:33.71184+00', 243064);
INSERT INTO medium_cdtoc (cdtoc, edits_pending, id, last_updated, medium) VALUES (96188, 0, 187728, '2011-01-18 15:21:33.71184+00', 243064);
INSERT INTO medium_cdtoc (cdtoc, edits_pending, id, last_updated, medium) VALUES (269350, 0, 189705, '2011-01-18 15:21:33.71184+00', 246898);
INSERT INTO medium_cdtoc (cdtoc, edits_pending, id, last_updated, medium) VALUES (281138, 0, 308418, '2011-01-18 15:21:33.71184+00', 446581);
INSERT INTO medium_cdtoc (cdtoc, edits_pending, id, last_updated, medium) VALUES (281139, 0, 320049, '2011-01-18 15:21:33.71184+00', 467794);
INSERT INTO medium_cdtoc (cdtoc, edits_pending, id, last_updated, medium) VALUES (77049, 0, 10359, '2011-01-18 15:21:33.71184+00', 4675);
INSERT INTO medium_cdtoc (cdtoc, edits_pending, id, last_updated, medium) VALUES (81302, 0, 10360, '2011-01-18 15:21:33.71184+00', 4675);
INSERT INTO medium_cdtoc (cdtoc, edits_pending, id, last_updated, medium) VALUES (43155, 0, 18306, '2011-01-18 15:21:33.71184+00', 8312);
INSERT INTO medium_cdtoc (cdtoc, edits_pending, id, last_updated, medium) VALUES (152078, 0, 18307, '2011-01-18 15:21:33.71184+00', 8312);
INSERT INTO medium_cdtoc (cdtoc, edits_pending, id, last_updated, medium) VALUES (133905, 0, 35235, '2011-01-18 15:21:33.71184+00', 19969);
INSERT INTO medium_cdtoc (cdtoc, edits_pending, id, last_updated, medium) VALUES (240446, 0, 35236, '2011-01-18 15:21:33.71184+00', 19969);
INSERT INTO medium_cdtoc (cdtoc, edits_pending, id, last_updated, medium) VALUES (322076, 0, 35237, '2011-01-18 15:21:33.71184+00', 19969);
INSERT INTO medium_cdtoc (cdtoc, edits_pending, id, last_updated, medium) VALUES (340280, 0, 35238, '2011-01-18 15:21:33.71184+00', 19969);
INSERT INTO medium_cdtoc (cdtoc, edits_pending, id, last_updated, medium) VALUES (344827, 0, 35239, '2011-01-18 15:21:33.71184+00', 19969);
INSERT INTO medium_cdtoc (cdtoc, edits_pending, id, last_updated, medium) VALUES (17, 0, 35240, '2011-01-18 15:21:33.71184+00', 19969);
INSERT INTO medium_cdtoc (cdtoc, edits_pending, id, last_updated, medium) VALUES (110729, 0, 35241, '2011-01-18 15:21:33.71184+00', 19969);
INSERT INTO medium_cdtoc (cdtoc, edits_pending, id, last_updated, medium) VALUES (133905, 0, 49901, '2011-01-18 15:21:33.71184+00', 31689);
INSERT INTO medium_cdtoc (cdtoc, edits_pending, id, last_updated, medium) VALUES (322076, 0, 49902, '2011-01-18 15:21:33.71184+00', 31689);
INSERT INTO medium_cdtoc (cdtoc, edits_pending, id, last_updated, medium) VALUES (240446, 0, 49903, '2011-01-18 15:21:33.71184+00', 31689);
INSERT INTO medium_cdtoc (cdtoc, edits_pending, id, last_updated, medium) VALUES (17, 0, 49904, '2011-01-18 15:21:33.71184+00', 31689);
INSERT INTO medium_cdtoc (cdtoc, edits_pending, id, last_updated, medium) VALUES (344827, 0, 49905, '2011-01-18 15:21:33.71184+00', 31689);
INSERT INTO medium_cdtoc (cdtoc, edits_pending, id, last_updated, medium) VALUES (340280, 0, 49906, '2011-01-18 15:21:33.71184+00', 31689);
INSERT INTO medium_cdtoc (cdtoc, edits_pending, id, last_updated, medium) VALUES (110729, 0, 49907, '2011-01-18 15:21:33.71184+00', 31689);
INSERT INTO medium_cdtoc (cdtoc, edits_pending, id, last_updated, medium) VALUES (17, 0, 49908, '2011-01-18 15:21:33.71184+00', 31690);
INSERT INTO medium_cdtoc (cdtoc, edits_pending, id, last_updated, medium) VALUES (344827, 0, 49909, '2011-01-18 15:21:33.71184+00', 31690);
INSERT INTO medium_cdtoc (cdtoc, edits_pending, id, last_updated, medium) VALUES (340280, 0, 49910, '2011-01-18 15:21:33.71184+00', 31690);
INSERT INTO medium_cdtoc (cdtoc, edits_pending, id, last_updated, medium) VALUES (322076, 0, 49911, '2011-01-18 15:21:33.71184+00', 31690);
INSERT INTO medium_cdtoc (cdtoc, edits_pending, id, last_updated, medium) VALUES (240446, 0, 49912, '2011-01-18 15:21:33.71184+00', 31690);
INSERT INTO medium_cdtoc (cdtoc, edits_pending, id, last_updated, medium) VALUES (133905, 0, 49913, '2011-01-18 15:21:33.71184+00', 31690);
INSERT INTO medium_cdtoc (cdtoc, edits_pending, id, last_updated, medium) VALUES (110729, 0, 49914, '2011-01-18 15:21:33.71184+00', 31690);
INSERT INTO medium_cdtoc (cdtoc, edits_pending, id, last_updated, medium) VALUES (133905, 0, 248696, '2011-01-18 15:21:33.71184+00', 338506);
INSERT INTO medium_cdtoc (cdtoc, edits_pending, id, last_updated, medium) VALUES (322076, 0, 248697, '2011-01-18 15:21:33.71184+00', 338506);
INSERT INTO medium_cdtoc (cdtoc, edits_pending, id, last_updated, medium) VALUES (110729, 0, 248698, '2011-01-18 15:21:33.71184+00', 338506);
INSERT INTO medium_cdtoc (cdtoc, edits_pending, id, last_updated, medium) VALUES (17, 0, 248699, '2011-01-18 15:21:33.71184+00', 338506);
INSERT INTO medium_cdtoc (cdtoc, edits_pending, id, last_updated, medium) VALUES (340280, 0, 248700, '2011-01-18 15:21:33.71184+00', 338506);
INSERT INTO medium_cdtoc (cdtoc, edits_pending, id, last_updated, medium) VALUES (344827, 0, 248701, '2011-01-18 15:21:33.71184+00', 338506);
INSERT INTO medium_cdtoc (cdtoc, edits_pending, id, last_updated, medium) VALUES (240446, 0, 248702, '2011-01-18 15:21:33.71184+00', 338506);
INSERT INTO medium_cdtoc (cdtoc, edits_pending, id, last_updated, medium) VALUES (240446, 0, 466320, '2011-01-18 15:21:33.71184+00', 748905);
INSERT INTO medium_cdtoc (cdtoc, edits_pending, id, last_updated, medium) VALUES (133905, 0, 466321, '2011-01-18 15:21:33.71184+00', 748905);
INSERT INTO medium_cdtoc (cdtoc, edits_pending, id, last_updated, medium) VALUES (322076, 0, 466322, '2011-01-18 15:21:33.71184+00', 748905);
INSERT INTO medium_cdtoc (cdtoc, edits_pending, id, last_updated, medium) VALUES (110729, 0, 466323, '2011-01-18 15:21:33.71184+00', 748905);
INSERT INTO medium_cdtoc (cdtoc, edits_pending, id, last_updated, medium) VALUES (17, 0, 466324, '2011-01-18 15:21:33.71184+00', 748905);
INSERT INTO medium_cdtoc (cdtoc, edits_pending, id, last_updated, medium) VALUES (340280, 0, 466325, '2011-01-18 15:21:33.71184+00', 748905);
INSERT INTO medium_cdtoc (cdtoc, edits_pending, id, last_updated, medium) VALUES (344827, 0, 466326, '2011-01-18 15:21:33.71184+00', 748905);
INSERT INTO medium_cdtoc (cdtoc, edits_pending, id, last_updated, medium) VALUES (268493, 0, 306212, '2011-01-18 15:21:33.71184+00', 442242);
INSERT INTO medium_cdtoc (cdtoc, edits_pending, id, last_updated, medium) VALUES (268493, 0, 466327, '2011-01-18 15:21:33.71184+00', 748906);
INSERT INTO medium_cdtoc (cdtoc, edits_pending, id, last_updated, medium) VALUES (49930, 0, 211840, '2011-01-18 15:21:33.71184+00', 278984);
INSERT INTO medium_cdtoc (cdtoc, edits_pending, id, last_updated, medium) VALUES (354280, 0, 211841, '2011-01-18 15:21:33.71184+00', 278984);
INSERT INTO medium_cdtoc (cdtoc, edits_pending, id, last_updated, medium) VALUES (339838, 0, 211842, '2011-01-18 15:21:33.71184+00', 278984);
INSERT INTO medium_cdtoc (cdtoc, edits_pending, id, last_updated, medium) VALUES (316245, 0, 211843, '2011-01-18 15:21:33.71184+00', 278984);
INSERT INTO medium_cdtoc (cdtoc, edits_pending, id, last_updated, medium) VALUES (295235, 0, 211844, '2011-01-18 15:21:33.71184+00', 278984);
INSERT INTO medium_cdtoc (cdtoc, edits_pending, id, last_updated, medium) VALUES (291363, 0, 211845, '2011-01-18 15:21:33.71184+00', 278984);
INSERT INTO medium_cdtoc (cdtoc, edits_pending, id, last_updated, medium) VALUES (268087, 0, 211846, '2011-01-18 15:21:33.71184+00', 278984);
INSERT INTO medium_cdtoc (cdtoc, edits_pending, id, last_updated, medium) VALUES (256078, 0, 211847, '2011-01-18 15:21:33.71184+00', 278984);
INSERT INTO medium_cdtoc (cdtoc, edits_pending, id, last_updated, medium) VALUES (184796, 0, 211848, '2011-01-18 15:21:33.71184+00', 278984);
INSERT INTO medium_cdtoc (cdtoc, edits_pending, id, last_updated, medium) VALUES (181552, 0, 211849, '2011-01-18 15:21:33.71184+00', 278984);
INSERT INTO medium_cdtoc (cdtoc, edits_pending, id, last_updated, medium) VALUES (152998, 0, 211850, '2011-01-18 15:21:33.71184+00', 278984);
INSERT INTO medium_cdtoc (cdtoc, edits_pending, id, last_updated, medium) VALUES (121086, 0, 211851, '2011-01-18 15:21:33.71184+00', 278984);
INSERT INTO medium_cdtoc (cdtoc, edits_pending, id, last_updated, medium) VALUES (108503, 0, 211852, '2011-01-18 15:21:33.71184+00', 278984);
INSERT INTO medium_cdtoc (cdtoc, edits_pending, id, last_updated, medium) VALUES (893, 0, 211853, '2011-01-18 15:21:33.71184+00', 278984);
INSERT INTO medium_cdtoc (cdtoc, edits_pending, id, last_updated, medium) VALUES (7927, 0, 211854, '2011-01-18 15:21:33.71184+00', 278984);
INSERT INTO medium_cdtoc (cdtoc, edits_pending, id, last_updated, medium) VALUES (98281, 0, 211855, '2011-01-18 15:21:33.71184+00', 278984);
INSERT INTO medium_cdtoc (cdtoc, edits_pending, id, last_updated, medium) VALUES (121086, 0, 305636, '2011-01-18 15:21:33.71184+00', 441328);
INSERT INTO medium_cdtoc (cdtoc, edits_pending, id, last_updated, medium) VALUES (108503, 0, 305637, '2011-01-18 15:21:33.71184+00', 441328);
INSERT INTO medium_cdtoc (cdtoc, edits_pending, id, last_updated, medium) VALUES (98281, 0, 305638, '2011-01-18 15:21:33.71184+00', 441328);
INSERT INTO medium_cdtoc (cdtoc, edits_pending, id, last_updated, medium) VALUES (7927, 0, 305639, '2011-01-18 15:21:33.71184+00', 441328);
INSERT INTO medium_cdtoc (cdtoc, edits_pending, id, last_updated, medium) VALUES (893, 0, 305640, '2011-01-18 15:21:33.71184+00', 441328);
INSERT INTO medium_cdtoc (cdtoc, edits_pending, id, last_updated, medium) VALUES (152998, 0, 305641, '2011-01-18 15:21:33.71184+00', 441328);
INSERT INTO medium_cdtoc (cdtoc, edits_pending, id, last_updated, medium) VALUES (339838, 0, 305642, '2011-01-18 15:21:33.71184+00', 441328);
INSERT INTO medium_cdtoc (cdtoc, edits_pending, id, last_updated, medium) VALUES (354280, 0, 305643, '2011-01-18 15:21:33.71184+00', 441328);
INSERT INTO medium_cdtoc (cdtoc, edits_pending, id, last_updated, medium) VALUES (184796, 0, 305644, '2011-01-18 15:21:33.71184+00', 441328);
INSERT INTO medium_cdtoc (cdtoc, edits_pending, id, last_updated, medium) VALUES (49930, 0, 305645, '2011-01-18 15:21:33.71184+00', 441328);
INSERT INTO medium_cdtoc (cdtoc, edits_pending, id, last_updated, medium) VALUES (256078, 0, 305646, '2011-01-18 15:21:33.71184+00', 441328);
INSERT INTO medium_cdtoc (cdtoc, edits_pending, id, last_updated, medium) VALUES (295235, 0, 305647, '2011-01-18 15:21:33.71184+00', 441328);
INSERT INTO medium_cdtoc (cdtoc, edits_pending, id, last_updated, medium) VALUES (181552, 0, 305648, '2011-01-18 15:21:33.71184+00', 441328);
INSERT INTO medium_cdtoc (cdtoc, edits_pending, id, last_updated, medium) VALUES (291363, 0, 305649, '2011-01-18 15:21:33.71184+00', 441328);
INSERT INTO medium_cdtoc (cdtoc, edits_pending, id, last_updated, medium) VALUES (268087, 0, 305650, '2011-01-18 15:21:33.71184+00', 441328);
INSERT INTO medium_cdtoc (cdtoc, edits_pending, id, last_updated, medium) VALUES (316245, 0, 305651, '2011-01-18 15:21:33.71184+00', 441328);
INSERT INTO medium_cdtoc (cdtoc, edits_pending, id, last_updated, medium) VALUES (184796, 0, 327428, '2011-01-18 15:21:33.71184+00', 479654);
INSERT INTO medium_cdtoc (cdtoc, edits_pending, id, last_updated, medium) VALUES (181552, 0, 327429, '2011-01-18 15:21:33.71184+00', 479654);
INSERT INTO medium_cdtoc (cdtoc, edits_pending, id, last_updated, medium) VALUES (7927, 0, 327430, '2011-01-18 15:21:33.71184+00', 479654);
INSERT INTO medium_cdtoc (cdtoc, edits_pending, id, last_updated, medium) VALUES (339838, 0, 327431, '2011-01-18 15:21:33.71184+00', 479654);
INSERT INTO medium_cdtoc (cdtoc, edits_pending, id, last_updated, medium) VALUES (256078, 0, 327432, '2011-01-18 15:21:33.71184+00', 479654);
INSERT INTO medium_cdtoc (cdtoc, edits_pending, id, last_updated, medium) VALUES (268087, 0, 327433, '2011-01-18 15:21:33.71184+00', 479654);
INSERT INTO medium_cdtoc (cdtoc, edits_pending, id, last_updated, medium) VALUES (121086, 0, 327434, '2011-01-18 15:21:33.71184+00', 479654);
INSERT INTO medium_cdtoc (cdtoc, edits_pending, id, last_updated, medium) VALUES (291363, 0, 327435, '2011-01-18 15:21:33.71184+00', 479654);
INSERT INTO medium_cdtoc (cdtoc, edits_pending, id, last_updated, medium) VALUES (316245, 0, 327436, '2011-01-18 15:21:33.71184+00', 479654);
INSERT INTO medium_cdtoc (cdtoc, edits_pending, id, last_updated, medium) VALUES (295235, 0, 327437, '2011-01-18 15:21:33.71184+00', 479654);
INSERT INTO medium_cdtoc (cdtoc, edits_pending, id, last_updated, medium) VALUES (152998, 0, 327438, '2011-01-18 15:21:33.71184+00', 479654);
INSERT INTO medium_cdtoc (cdtoc, edits_pending, id, last_updated, medium) VALUES (893, 0, 327439, '2011-01-18 15:21:33.71184+00', 479654);
INSERT INTO medium_cdtoc (cdtoc, edits_pending, id, last_updated, medium) VALUES (98281, 0, 327440, '2011-01-18 15:21:33.71184+00', 479654);
INSERT INTO medium_cdtoc (cdtoc, edits_pending, id, last_updated, medium) VALUES (108503, 0, 327441, '2011-01-18 15:21:33.71184+00', 479654);
INSERT INTO medium_cdtoc (cdtoc, edits_pending, id, last_updated, medium) VALUES (354280, 0, 327442, '2011-01-18 15:21:33.71184+00', 479654);
INSERT INTO medium_cdtoc (cdtoc, edits_pending, id, last_updated, medium) VALUES (49930, 0, 327443, '2011-01-18 15:21:33.71184+00', 479654);
INSERT INTO medium_cdtoc (cdtoc, edits_pending, id, last_updated, medium) VALUES (181552, 0, 346318, '2011-01-18 15:21:33.71184+00', 513103);
INSERT INTO medium_cdtoc (cdtoc, edits_pending, id, last_updated, medium) VALUES (893, 0, 346319, '2011-01-18 15:21:33.71184+00', 513103);
INSERT INTO medium_cdtoc (cdtoc, edits_pending, id, last_updated, medium) VALUES (7927, 0, 346320, '2011-01-18 15:21:33.71184+00', 513103);
INSERT INTO medium_cdtoc (cdtoc, edits_pending, id, last_updated, medium) VALUES (49930, 0, 346321, '2011-01-18 15:21:33.71184+00', 513103);
INSERT INTO medium_cdtoc (cdtoc, edits_pending, id, last_updated, medium) VALUES (98281, 0, 346322, '2011-01-18 15:21:33.71184+00', 513103);
INSERT INTO medium_cdtoc (cdtoc, edits_pending, id, last_updated, medium) VALUES (354280, 0, 346323, '2011-01-18 15:21:33.71184+00', 513103);
INSERT INTO medium_cdtoc (cdtoc, edits_pending, id, last_updated, medium) VALUES (339838, 0, 346324, '2011-01-18 15:21:33.71184+00', 513103);
INSERT INTO medium_cdtoc (cdtoc, edits_pending, id, last_updated, medium) VALUES (316245, 0, 346325, '2011-01-18 15:21:33.71184+00', 513103);
INSERT INTO medium_cdtoc (cdtoc, edits_pending, id, last_updated, medium) VALUES (295235, 0, 346326, '2011-01-18 15:21:33.71184+00', 513103);
INSERT INTO medium_cdtoc (cdtoc, edits_pending, id, last_updated, medium) VALUES (291363, 0, 346327, '2011-01-18 15:21:33.71184+00', 513103);
INSERT INTO medium_cdtoc (cdtoc, edits_pending, id, last_updated, medium) VALUES (268087, 0, 346328, '2011-01-18 15:21:33.71184+00', 513103);
INSERT INTO medium_cdtoc (cdtoc, edits_pending, id, last_updated, medium) VALUES (108503, 0, 346329, '2011-01-18 15:21:33.71184+00', 513103);
INSERT INTO medium_cdtoc (cdtoc, edits_pending, id, last_updated, medium) VALUES (256078, 0, 346330, '2011-01-18 15:21:33.71184+00', 513103);
INSERT INTO medium_cdtoc (cdtoc, edits_pending, id, last_updated, medium) VALUES (184796, 0, 346331, '2011-01-18 15:21:33.71184+00', 513103);
INSERT INTO medium_cdtoc (cdtoc, edits_pending, id, last_updated, medium) VALUES (121086, 0, 346332, '2011-01-18 15:21:33.71184+00', 513103);
INSERT INTO medium_cdtoc (cdtoc, edits_pending, id, last_updated, medium) VALUES (152998, 0, 346333, '2011-01-18 15:21:33.71184+00', 513103);
INSERT INTO medium_cdtoc (cdtoc, edits_pending, id, last_updated, medium) VALUES (152998, 0, 369030, '2011-01-18 15:21:33.71184+00', 553372);
INSERT INTO medium_cdtoc (cdtoc, edits_pending, id, last_updated, medium) VALUES (121086, 0, 369031, '2011-01-18 15:21:33.71184+00', 553372);
INSERT INTO medium_cdtoc (cdtoc, edits_pending, id, last_updated, medium) VALUES (98281, 0, 369032, '2011-01-18 15:21:33.71184+00', 553372);
INSERT INTO medium_cdtoc (cdtoc, edits_pending, id, last_updated, medium) VALUES (108503, 0, 369033, '2011-01-18 15:21:33.71184+00', 553372);
INSERT INTO medium_cdtoc (cdtoc, edits_pending, id, last_updated, medium) VALUES (181552, 0, 369034, '2011-01-18 15:21:33.71184+00', 553372);
INSERT INTO medium_cdtoc (cdtoc, edits_pending, id, last_updated, medium) VALUES (49930, 0, 369035, '2011-01-18 15:21:33.71184+00', 553372);
INSERT INTO medium_cdtoc (cdtoc, edits_pending, id, last_updated, medium) VALUES (7927, 0, 369036, '2011-01-18 15:21:33.71184+00', 553372);
INSERT INTO medium_cdtoc (cdtoc, edits_pending, id, last_updated, medium) VALUES (184796, 0, 369037, '2011-01-18 15:21:33.71184+00', 553372);
INSERT INTO medium_cdtoc (cdtoc, edits_pending, id, last_updated, medium) VALUES (893, 0, 369038, '2011-01-18 15:21:33.71184+00', 553372);
INSERT INTO medium_cdtoc (cdtoc, edits_pending, id, last_updated, medium) VALUES (256078, 0, 369039, '2011-01-18 15:21:33.71184+00', 553372);
INSERT INTO medium_cdtoc (cdtoc, edits_pending, id, last_updated, medium) VALUES (268087, 0, 369040, '2011-01-18 15:21:33.71184+00', 553372);
INSERT INTO medium_cdtoc (cdtoc, edits_pending, id, last_updated, medium) VALUES (291363, 0, 369041, '2011-01-18 15:21:33.71184+00', 553372);
INSERT INTO medium_cdtoc (cdtoc, edits_pending, id, last_updated, medium) VALUES (295235, 0, 369042, '2011-01-18 15:21:33.71184+00', 553372);
INSERT INTO medium_cdtoc (cdtoc, edits_pending, id, last_updated, medium) VALUES (316245, 0, 369043, '2011-01-18 15:21:33.71184+00', 553372);
INSERT INTO medium_cdtoc (cdtoc, edits_pending, id, last_updated, medium) VALUES (339838, 0, 369044, '2011-01-18 15:21:33.71184+00', 553372);
INSERT INTO medium_cdtoc (cdtoc, edits_pending, id, last_updated, medium) VALUES (354280, 0, 369045, '2011-01-18 15:21:33.71184+00', 553372);
INSERT INTO medium_cdtoc (cdtoc, edits_pending, id, last_updated, medium) VALUES (354280, 0, 394728, '2011-01-18 15:21:33.71184+00', 601118);
INSERT INTO medium_cdtoc (cdtoc, edits_pending, id, last_updated, medium) VALUES (98281, 0, 394729, '2011-01-18 15:21:33.71184+00', 601118);
INSERT INTO medium_cdtoc (cdtoc, edits_pending, id, last_updated, medium) VALUES (339838, 0, 394730, '2011-01-18 15:21:33.71184+00', 601118);
INSERT INTO medium_cdtoc (cdtoc, edits_pending, id, last_updated, medium) VALUES (184796, 0, 394731, '2011-01-18 15:21:33.71184+00', 601118);
INSERT INTO medium_cdtoc (cdtoc, edits_pending, id, last_updated, medium) VALUES (152998, 0, 394732, '2011-01-18 15:21:33.71184+00', 601118);
INSERT INTO medium_cdtoc (cdtoc, edits_pending, id, last_updated, medium) VALUES (7927, 0, 394733, '2011-01-18 15:21:33.71184+00', 601118);
INSERT INTO medium_cdtoc (cdtoc, edits_pending, id, last_updated, medium) VALUES (108503, 0, 394734, '2011-01-18 15:21:33.71184+00', 601118);
INSERT INTO medium_cdtoc (cdtoc, edits_pending, id, last_updated, medium) VALUES (893, 0, 394735, '2011-01-18 15:21:33.71184+00', 601118);
INSERT INTO medium_cdtoc (cdtoc, edits_pending, id, last_updated, medium) VALUES (121086, 0, 394736, '2011-01-18 15:21:33.71184+00', 601118);
INSERT INTO medium_cdtoc (cdtoc, edits_pending, id, last_updated, medium) VALUES (295235, 0, 394737, '2011-01-18 15:21:33.71184+00', 601118);
INSERT INTO medium_cdtoc (cdtoc, edits_pending, id, last_updated, medium) VALUES (181552, 0, 394738, '2011-01-18 15:21:33.71184+00', 601118);
INSERT INTO medium_cdtoc (cdtoc, edits_pending, id, last_updated, medium) VALUES (49930, 0, 394739, '2011-01-18 15:21:33.71184+00', 601118);
INSERT INTO medium_cdtoc (cdtoc, edits_pending, id, last_updated, medium) VALUES (316245, 0, 394740, '2011-01-18 15:21:33.71184+00', 601118);
INSERT INTO medium_cdtoc (cdtoc, edits_pending, id, last_updated, medium) VALUES (291363, 0, 394741, '2011-01-18 15:21:33.71184+00', 601118);
INSERT INTO medium_cdtoc (cdtoc, edits_pending, id, last_updated, medium) VALUES (268087, 0, 394742, '2011-01-18 15:21:33.71184+00', 601118);
INSERT INTO medium_cdtoc (cdtoc, edits_pending, id, last_updated, medium) VALUES (256078, 0, 394743, '2011-01-18 15:21:33.71184+00', 601118);
INSERT INTO medium_cdtoc (cdtoc, edits_pending, id, last_updated, medium) VALUES (893, 0, 408710, '2011-01-18 15:21:33.71184+00', 630918);
INSERT INTO medium_cdtoc (cdtoc, edits_pending, id, last_updated, medium) VALUES (354280, 0, 408711, '2011-01-18 15:21:33.71184+00', 630918);
INSERT INTO medium_cdtoc (cdtoc, edits_pending, id, last_updated, medium) VALUES (339838, 0, 408712, '2011-01-18 15:21:33.71184+00', 630918);
INSERT INTO medium_cdtoc (cdtoc, edits_pending, id, last_updated, medium) VALUES (316245, 0, 408713, '2011-01-18 15:21:33.71184+00', 630918);
INSERT INTO medium_cdtoc (cdtoc, edits_pending, id, last_updated, medium) VALUES (295235, 0, 408714, '2011-01-18 15:21:33.71184+00', 630918);
INSERT INTO medium_cdtoc (cdtoc, edits_pending, id, last_updated, medium) VALUES (291363, 0, 408715, '2011-01-18 15:21:33.71184+00', 630918);
INSERT INTO medium_cdtoc (cdtoc, edits_pending, id, last_updated, medium) VALUES (268087, 0, 408716, '2011-01-18 15:21:33.71184+00', 630918);
INSERT INTO medium_cdtoc (cdtoc, edits_pending, id, last_updated, medium) VALUES (256078, 0, 408717, '2011-01-18 15:21:33.71184+00', 630918);
INSERT INTO medium_cdtoc (cdtoc, edits_pending, id, last_updated, medium) VALUES (184796, 0, 408718, '2011-01-18 15:21:33.71184+00', 630918);
INSERT INTO medium_cdtoc (cdtoc, edits_pending, id, last_updated, medium) VALUES (181552, 0, 408719, '2011-01-18 15:21:33.71184+00', 630918);
INSERT INTO medium_cdtoc (cdtoc, edits_pending, id, last_updated, medium) VALUES (152998, 0, 408720, '2011-01-18 15:21:33.71184+00', 630918);
INSERT INTO medium_cdtoc (cdtoc, edits_pending, id, last_updated, medium) VALUES (121086, 0, 408721, '2011-01-18 15:21:33.71184+00', 630918);
INSERT INTO medium_cdtoc (cdtoc, edits_pending, id, last_updated, medium) VALUES (108503, 0, 408722, '2011-01-18 15:21:33.71184+00', 630918);
INSERT INTO medium_cdtoc (cdtoc, edits_pending, id, last_updated, medium) VALUES (98281, 0, 408723, '2011-01-18 15:21:33.71184+00', 630918);
INSERT INTO medium_cdtoc (cdtoc, edits_pending, id, last_updated, medium) VALUES (49930, 0, 408724, '2011-01-18 15:21:33.71184+00', 630918);
INSERT INTO medium_cdtoc (cdtoc, edits_pending, id, last_updated, medium) VALUES (7927, 0, 408725, '2011-01-18 15:21:33.71184+00', 630918);
INSERT INTO medium_cdtoc (cdtoc, edits_pending, id, last_updated, medium) VALUES (121086, 0, 408726, '2011-01-18 15:21:33.71184+00', 630919);
INSERT INTO medium_cdtoc (cdtoc, edits_pending, id, last_updated, medium) VALUES (893, 0, 408727, '2011-01-18 15:21:33.71184+00', 630919);
INSERT INTO medium_cdtoc (cdtoc, edits_pending, id, last_updated, medium) VALUES (98281, 0, 408728, '2011-01-18 15:21:33.71184+00', 630919);
INSERT INTO medium_cdtoc (cdtoc, edits_pending, id, last_updated, medium) VALUES (108503, 0, 408729, '2011-01-18 15:21:33.71184+00', 630919);
INSERT INTO medium_cdtoc (cdtoc, edits_pending, id, last_updated, medium) VALUES (184796, 0, 408730, '2011-01-18 15:21:33.71184+00', 630919);
INSERT INTO medium_cdtoc (cdtoc, edits_pending, id, last_updated, medium) VALUES (181552, 0, 408731, '2011-01-18 15:21:33.71184+00', 630919);
INSERT INTO medium_cdtoc (cdtoc, edits_pending, id, last_updated, medium) VALUES (268087, 0, 408732, '2011-01-18 15:21:33.71184+00', 630919);
INSERT INTO medium_cdtoc (cdtoc, edits_pending, id, last_updated, medium) VALUES (152998, 0, 408733, '2011-01-18 15:21:33.71184+00', 630919);
INSERT INTO medium_cdtoc (cdtoc, edits_pending, id, last_updated, medium) VALUES (291363, 0, 408734, '2011-01-18 15:21:33.71184+00', 630919);
INSERT INTO medium_cdtoc (cdtoc, edits_pending, id, last_updated, medium) VALUES (354280, 0, 408735, '2011-01-18 15:21:33.71184+00', 630919);
INSERT INTO medium_cdtoc (cdtoc, edits_pending, id, last_updated, medium) VALUES (295235, 0, 408736, '2011-01-18 15:21:33.71184+00', 630919);
INSERT INTO medium_cdtoc (cdtoc, edits_pending, id, last_updated, medium) VALUES (339838, 0, 408737, '2011-01-18 15:21:33.71184+00', 630919);
INSERT INTO medium_cdtoc (cdtoc, edits_pending, id, last_updated, medium) VALUES (49930, 0, 408738, '2011-01-18 15:21:33.71184+00', 630919);
INSERT INTO medium_cdtoc (cdtoc, edits_pending, id, last_updated, medium) VALUES (7927, 0, 408739, '2011-01-18 15:21:33.71184+00', 630919);
INSERT INTO medium_cdtoc (cdtoc, edits_pending, id, last_updated, medium) VALUES (316245, 0, 408740, '2011-01-18 15:21:33.71184+00', 630919);
INSERT INTO medium_cdtoc (cdtoc, edits_pending, id, last_updated, medium) VALUES (256078, 0, 408741, '2011-01-18 15:21:33.71184+00', 630919);
INSERT INTO medium_cdtoc (cdtoc, edits_pending, id, last_updated, medium) VALUES (376870, 0, 50382, '2011-01-18 15:21:33.71184+00', 32094);
INSERT INTO medium_cdtoc (cdtoc, edits_pending, id, last_updated, medium) VALUES (10144, 0, 50383, '2011-01-18 15:21:33.71184+00', 32094);
INSERT INTO medium_cdtoc (cdtoc, edits_pending, id, last_updated, medium) VALUES (112902, 0, 50384, '2011-01-18 15:21:33.71184+00', 32094);
INSERT INTO medium_cdtoc (cdtoc, edits_pending, id, last_updated, medium) VALUES (146522, 0, 50385, '2011-01-18 15:21:33.71184+00', 32094);
INSERT INTO medium_cdtoc (cdtoc, edits_pending, id, last_updated, medium) VALUES (164606, 0, 50386, '2011-01-18 15:21:33.71184+00', 32094);
INSERT INTO medium_cdtoc (cdtoc, edits_pending, id, last_updated, medium) VALUES (252608, 0, 50387, '2011-01-18 15:21:33.71184+00', 32094);
INSERT INTO medium_cdtoc (cdtoc, edits_pending, id, last_updated, medium) VALUES (376870, 0, 344491, '2011-01-18 15:21:33.71184+00', 509518);
INSERT INTO medium_cdtoc (cdtoc, edits_pending, id, last_updated, medium) VALUES (252608, 0, 344492, '2011-01-18 15:21:33.71184+00', 509518);
INSERT INTO medium_cdtoc (cdtoc, edits_pending, id, last_updated, medium) VALUES (164606, 0, 344493, '2011-01-18 15:21:33.71184+00', 509518);
INSERT INTO medium_cdtoc (cdtoc, edits_pending, id, last_updated, medium) VALUES (10144, 0, 344494, '2011-01-18 15:21:33.71184+00', 509518);
INSERT INTO medium_cdtoc (cdtoc, edits_pending, id, last_updated, medium) VALUES (146522, 0, 344495, '2011-01-18 15:21:33.71184+00', 509518);
INSERT INTO medium_cdtoc (cdtoc, edits_pending, id, last_updated, medium) VALUES (112902, 0, 344496, '2011-01-18 15:21:33.71184+00', 509518);
INSERT INTO medium_cdtoc (cdtoc, edits_pending, id, last_updated, medium) VALUES (35066, 0, 168821, '2011-01-18 15:21:33.71184+00', 207481);
INSERT INTO medium_cdtoc (cdtoc, edits_pending, id, last_updated, medium) VALUES (38029, 0, 168822, '2011-01-18 15:21:33.71184+00', 207481);
INSERT INTO medium_cdtoc (cdtoc, edits_pending, id, last_updated, medium) VALUES (339241, 0, 168823, '2011-01-18 15:21:33.71184+00', 207481);
INSERT INTO medium_cdtoc (cdtoc, edits_pending, id, last_updated, medium) VALUES (314632, 0, 168824, '2011-01-18 15:21:33.71184+00', 207481);
INSERT INTO medium_cdtoc (cdtoc, edits_pending, id, last_updated, medium) VALUES (127389, 0, 168825, '2011-01-18 15:21:33.71184+00', 207481);
INSERT INTO medium_cdtoc (cdtoc, edits_pending, id, last_updated, medium) VALUES (258542, 0, 168826, '2011-01-18 15:21:33.71184+00', 207481);
INSERT INTO medium_cdtoc (cdtoc, edits_pending, id, last_updated, medium) VALUES (85413, 0, 168827, '2011-01-18 15:21:33.71184+00', 207481);
INSERT INTO medium_cdtoc (cdtoc, edits_pending, id, last_updated, medium) VALUES (194277, 0, 168828, '2011-01-18 15:21:33.71184+00', 207481);
INSERT INTO medium_cdtoc (cdtoc, edits_pending, id, last_updated, medium) VALUES (141117, 0, 168829, '2011-01-18 15:21:33.71184+00', 207481);
INSERT INTO medium_cdtoc (cdtoc, edits_pending, id, last_updated, medium) VALUES (35066, 0, 392181, '2011-01-18 15:21:33.71184+00', 596491);
INSERT INTO medium_cdtoc (cdtoc, edits_pending, id, last_updated, medium) VALUES (314632, 0, 392182, '2011-01-18 15:21:33.71184+00', 596491);
INSERT INTO medium_cdtoc (cdtoc, edits_pending, id, last_updated, medium) VALUES (85413, 0, 392183, '2011-01-18 15:21:33.71184+00', 596491);
INSERT INTO medium_cdtoc (cdtoc, edits_pending, id, last_updated, medium) VALUES (141117, 0, 392184, '2011-01-18 15:21:33.71184+00', 596491);
INSERT INTO medium_cdtoc (cdtoc, edits_pending, id, last_updated, medium) VALUES (194277, 0, 392185, '2011-01-18 15:21:33.71184+00', 596491);
INSERT INTO medium_cdtoc (cdtoc, edits_pending, id, last_updated, medium) VALUES (258542, 0, 392186, '2011-01-18 15:21:33.71184+00', 596491);
INSERT INTO medium_cdtoc (cdtoc, edits_pending, id, last_updated, medium) VALUES (38029, 0, 392187, '2011-01-18 15:21:33.71184+00', 596491);
INSERT INTO medium_cdtoc (cdtoc, edits_pending, id, last_updated, medium) VALUES (127389, 0, 392188, '2011-01-18 15:21:33.71184+00', 596491);
INSERT INTO medium_cdtoc (cdtoc, edits_pending, id, last_updated, medium) VALUES (339241, 0, 392189, '2011-01-18 15:21:33.71184+00', 596491);
INSERT INTO medium_cdtoc (cdtoc, edits_pending, id, last_updated, medium) VALUES (339241, 0, 392190, '2011-01-18 15:21:33.71184+00', 596492);
INSERT INTO medium_cdtoc (cdtoc, edits_pending, id, last_updated, medium) VALUES (194277, 0, 392191, '2011-01-18 15:21:33.71184+00', 596492);
INSERT INTO medium_cdtoc (cdtoc, edits_pending, id, last_updated, medium) VALUES (38029, 0, 392192, '2011-01-18 15:21:33.71184+00', 596492);
INSERT INTO medium_cdtoc (cdtoc, edits_pending, id, last_updated, medium) VALUES (141117, 0, 392193, '2011-01-18 15:21:33.71184+00', 596492);
INSERT INTO medium_cdtoc (cdtoc, edits_pending, id, last_updated, medium) VALUES (314632, 0, 392194, '2011-01-18 15:21:33.71184+00', 596492);
INSERT INTO medium_cdtoc (cdtoc, edits_pending, id, last_updated, medium) VALUES (258542, 0, 392195, '2011-01-18 15:21:33.71184+00', 596492);
INSERT INTO medium_cdtoc (cdtoc, edits_pending, id, last_updated, medium) VALUES (127389, 0, 392196, '2011-01-18 15:21:33.71184+00', 596492);
INSERT INTO medium_cdtoc (cdtoc, edits_pending, id, last_updated, medium) VALUES (35066, 0, 392197, '2011-01-18 15:21:33.71184+00', 596492);
INSERT INTO medium_cdtoc (cdtoc, edits_pending, id, last_updated, medium) VALUES (85413, 0, 392198, '2011-01-18 15:21:33.71184+00', 596492);
INSERT INTO medium_cdtoc (cdtoc, edits_pending, id, last_updated, medium) VALUES (85413, 0, 430412, '2011-01-18 15:21:33.71184+00', 672077);
INSERT INTO medium_cdtoc (cdtoc, edits_pending, id, last_updated, medium) VALUES (127389, 0, 430413, '2011-01-18 15:21:33.71184+00', 672077);
INSERT INTO medium_cdtoc (cdtoc, edits_pending, id, last_updated, medium) VALUES (141117, 0, 430414, '2011-01-18 15:21:33.71184+00', 672077);
INSERT INTO medium_cdtoc (cdtoc, edits_pending, id, last_updated, medium) VALUES (194277, 0, 430415, '2011-01-18 15:21:33.71184+00', 672077);
INSERT INTO medium_cdtoc (cdtoc, edits_pending, id, last_updated, medium) VALUES (339241, 0, 430416, '2011-01-18 15:21:33.71184+00', 672077);
INSERT INTO medium_cdtoc (cdtoc, edits_pending, id, last_updated, medium) VALUES (38029, 0, 430417, '2011-01-18 15:21:33.71184+00', 672077);
INSERT INTO medium_cdtoc (cdtoc, edits_pending, id, last_updated, medium) VALUES (314632, 0, 430418, '2011-01-18 15:21:33.71184+00', 672077);
INSERT INTO medium_cdtoc (cdtoc, edits_pending, id, last_updated, medium) VALUES (258542, 0, 430419, '2011-01-18 15:21:33.71184+00', 672077);
INSERT INTO medium_cdtoc (cdtoc, edits_pending, id, last_updated, medium) VALUES (35066, 0, 430420, '2011-01-18 15:21:33.71184+00', 672077);
INSERT INTO medium_cdtoc (cdtoc, edits_pending, id, last_updated, medium) VALUES (248388, 0, 269967, '2011-01-18 15:21:33.71184+00', 375273);

-- Assorted

INSERT INTO editor (id, name, password, ha1, email, email_confirm_date) VALUES (95821, 'the-anti-kuno', '{CLEARTEXT}notreally', '79237ef54f6d3b8711030c0d6d5939a0', 'foo@example.com', now());

INSERT INTO edit (autoedit, close_time, data, editor, expire_time, id, language, no_votes, open_time, quality, status, type, yes_votes) VALUES (0, NULL, '{}', 95821, '2013-04-16 17:42:38.063723+00', 1, NULL, 0, '2013-04-02 17:42:38.063723+00', 1, 2, 314, 0);
SELECT setval('edit_id_seq', (SELECT max(id) FROM edit));

INSERT INTO cover_art_archive.cover_art (comment, mime_type, date_uploaded, edit, edits_pending, id, ordering, release) VALUES ('', 'image/jpeg', '2012-05-24 07:35:13.984115+00', 1, 0, '1031598329', 1, 59662);

INSERT INTO cover_art_archive.cover_art_type (id, type_id) VALUES ('1031598329', 1);

-- Relationships

INSERT INTO link_type (child_order, description, entity_type0, entity_type1, gid, id, last_updated, link_phrase, name, parent, priority, reverse_link_phrase, long_link_phrase) VALUES (0, '', 'artist', 'artist', '92859e2a-f2e5-45fa-a680-3f62ba0beccc', 121, '2011-01-18 15:31:00.495651+00', 'musical relationship ', 'musical relationships', NULL, 0, 'musical relationship', 'musical relationships');
INSERT INTO link_type (child_order, description, entity_type0, entity_type1, gid, id, last_updated, link_phrase, name, parent, priority, reverse_link_phrase, long_link_phrase) VALUES (0, 'Indicates a membership in a band/orchestra. Use this for groups that exist over some period of time and possibly have a name. Do not use this for short time projects or cooperations of two artists on a few tracks or one album. Use the cooperation type for such cases. (<a href="http://musicbrainz.org/doc/Member_Of_Band_Relationship_Type">Details</a>)', 'artist', 'artist', '5be4c609-9afa-4ea0-910b-12ffb71e3821', 111, '2011-01-18 15:31:00.495651+00', '{additional} {founder:founding} member of', 'member of band', 121, 0, '{additional} {founder:founding} members', 'member of band');
INSERT INTO link_type (child_order, description, entity_type0, entity_type1, gid, id, last_updated, link_phrase, name, parent, priority, reverse_link_phrase, long_link_phrase) VALUES (0, 'Indicates a collaboration between two artist or among several artists. Use this for projects, single albums, or even tracks where some artists worked together, but did not form a lasting group. For groups you should use the membership type. (<a href="http://musicbrainz.org/doc/Collaboration_Relationship_Type">Details</a>)', 'artist', 'artist', '75c09861-6857-4ec0-9729-84eefde7fc86', 110, '2011-01-18 15:31:00.495651+00', '{additional} {minor} collaborator on', 'collaboration', 121, 0, '{additional} {minor} collaborators', 'collaboration');
INSERT INTO link_type (child_order, description, entity_type0, entity_type1, gid, id, last_updated, link_phrase, name, parent, priority, reverse_link_phrase, long_link_phrase) VALUES (0, '', 'artist', 'recording', 'f8673e29-02a5-47b7-af61-dd4519328dd0', 147, '2011-01-18 15:31:00.495651+00', 'performance', 'performance', NULL, 0, 'performance', 'performance');
INSERT INTO link_type (child_order, description, entity_type0, entity_type1, gid, id, last_updated, link_phrase, name, parent, priority, reverse_link_phrase, long_link_phrase) VALUES (0, 'Indicates an artist that performed on this work. (<a href="http://musicbrainz.org/doc/Performer_Relationship_Type">Details</a>)', 'artist', 'recording', '628a9658-f54c-4142-b0c0-95f031b544da', 165, '2011-01-18 15:31:00.495651+00', '{additional:additionally} {guest} performed', 'performer', 147, 0, '{additional} {guest} performer', 'performer');
INSERT INTO link_type (child_order, description, entity_type0, entity_type1, gid, id, last_updated, link_phrase, name, parent, priority, reverse_link_phrase, long_link_phrase) VALUES (1, 'Indicates an artist performed in a particular voice on this work. (<a href="http://musicbrainz.org/doc/Performer_Relationship_Type">Details</a>)', 'artist', 'recording', '0fdbe3c6-7700-4a31-ae54-b53f06ae1cfa', 158, '2011-01-18 15:31:00.495651+00', '{additional} {guest} {vocal} vocals', 'vocal', 165, 0, '{additional} {guest} {vocal} vocals', 'vocal');
INSERT INTO link_type (child_order, description, entity_type0, entity_type1, gid, id, last_updated, link_phrase, name, parent, priority, reverse_link_phrase, long_link_phrase) VALUES (3, '', 'artist', 'recording', 'b367fae0-c4b0-48b9-a40c-f3ae4c02cffc', 150, '2011-01-18 15:31:00.495651+00', 'production ', 'production ', NULL, 0, 'production', 'production ');
INSERT INTO link_type (child_order, description, entity_type0, entity_type1, gid, id, last_updated, link_phrase, name, parent, priority, reverse_link_phrase, long_link_phrase) VALUES (0, 'Indicates the producer, co-producer, executive producer or co-executive producer for this work. (<a href="http://musicbrainz.org/doc/Producer_Relationship_Type">Details</a>)', 'artist', 'recording', '5c0ceac3-feb4-41f0-868d-dc06f6e27fc0', 149, '2011-01-18 15:31:00.495651+00', '{additional:additionally} {assistant} {associate} {co:co-}{executive:executive }produced', 'producer', 150, 0, '{additional} {assistant} {associate} {co:co-}{executive:executive }producer', 'producer');
INSERT INTO link_type (child_order, description, entity_type0, entity_type1, gid, id, last_updated, link_phrase, name, parent, priority, reverse_link_phrase, long_link_phrase) VALUES (1, 'Indicates the engineer for this work. (<a href="http://musicbrainz.org/doc/Engineer_Relationship_Type">Details</a>)', 'artist', 'recording', '5dcc52af-7064-4051-8d62-7d80f4c3c907', 145, '2011-01-18 15:31:00.495651+00', '{additional:additionally} {assistant} {associate} {co:co-}{executive:executive }engineered', 'engineer', 150, 0, '{additional} {assistant} {associate} {co:co-}{executive:executive }engineer', 'engineer');
INSERT INTO link_type (child_order, description, entity_type0, entity_type1, gid, id, last_updated, link_phrase, name, parent, priority, reverse_link_phrase, long_link_phrase) VALUES (5, 'This relationship links a track or a release to the person who did programming of electronic instruments. (<a href="http://musicbrainz.org/doc/Programming_Relationship_Type">Details</a>)', 'artist', 'recording', '36c50022-44e0-488d-994b-33f11d20301e', 139, '2011-01-18 15:31:00.495651+00', '{additional} {assistant} {associate} {instrument} programming', 'programming', 145, 0, '{additional} {assistant} {associate} {instrument} programming', 'programming');
INSERT INTO link_type (child_order, description, entity_type0, entity_type1, gid, id, last_updated, link_phrase, name, parent, priority, reverse_link_phrase, long_link_phrase) VALUES (0, '', 'artist', 'release', '8db9d0b7-ca39-43a6-8c72-9a47f811229e', 38, '2011-01-18 15:31:00.495651+00', 'performance', 'performance', NULL, 0, 'performance', 'performance');
INSERT INTO link_type (child_order, description, entity_type0, entity_type1, gid, id, last_updated, link_phrase, name, parent, priority, reverse_link_phrase, long_link_phrase) VALUES (0, 'Indicates an artist that performed on this work. (<a href="http://musicbrainz.org/doc/Performer_Relationship_Type">Details</a>)', 'artist', 'release', '888a2320-52e4-4fe8-a8a0-7a4c8dfde167', 55, '2011-01-18 15:31:00.495651+00', '{additional:additionally} {guest} performed', 'performer', 38, 0, '{additional} {guest} performer', 'performer');
INSERT INTO link_type (child_order, description, entity_type0, entity_type1, gid, id, last_updated, link_phrase, name, parent, priority, reverse_link_phrase, long_link_phrase) VALUES (1, 'Indicates an artist performed in a particular voice on this work. (<a href="http://musicbrainz.org/doc/Performer_Relationship_Type">Details</a>)', 'artist', 'release', 'eb10f8a0-0f4c-4dce-aa47-87bcb2bc42f3', 64, '2011-01-18 15:31:00.495651+00', '{additional} {guest} {vocal} vocals', 'vocal', 55, 0, '{additional} {guest} {vocal} vocals', 'vocal');
INSERT INTO link_type (child_order, description, entity_type0, entity_type1, gid, id, last_updated, link_phrase, name, parent, priority, reverse_link_phrase, long_link_phrase) VALUES (3, '', 'artist', 'release', '3172a175-7c9d-44ce-a8b7-9a9187b33762', 58, '2011-01-18 15:31:00.495651+00', 'production', 'production ', NULL, 0, 'production ', 'production ');
INSERT INTO link_type (child_order, description, entity_type0, entity_type1, gid, id, last_updated, link_phrase, name, parent, priority, reverse_link_phrase, long_link_phrase) VALUES (2, 'Indicates a miscellaneous support role. This is usually stated in the liner notes of an album. (<a href="http://musicbrainz.org/doc/Miscellaneous_Production_Relationship_Type">Details</a>)', 'artist', 'release', '0b63af5e-85b2-4891-8234-bddab251399d', 29, '2011-01-18 15:31:00.495651+00', 'miscellaneous roles', 'misc', 58, 0, 'miscellaneous support', 'misc');
INSERT INTO link_type (child_order, description, entity_type0, entity_type1, gid, id, last_updated, link_phrase, name, parent, priority, reverse_link_phrase, long_link_phrase) VALUES (5, 'Indicates a person or agency that did the design/illustration for this album. (<a href="http://musicbrainz.org/doc/Miscellaneous_Production_Relationship_Type">Details</a>)', 'artist', 'release', '307e95dd-88b5-419b-8223-b146d4a0d439', 20, '2011-01-18 15:31:00.495651+00', '{additional} design/illustration', 'design/illustration', 29, 0, '{additional} design/illustration', 'design/illustration');
INSERT INTO link_type (child_order, description, entity_type0, entity_type1, gid, id, last_updated, link_phrase, name, parent, priority, reverse_link_phrase, long_link_phrase) VALUES (0, 'Indicates the producer, co-producer, executive producer or co-executive producer for this work. (<a href="http://musicbrainz.org/doc/Producer_Relationship_Type">Details</a>)', 'artist', 'release', '8bf377ba-8d71-4ecc-97f2-7bb2d8a2a75f', 34, '2011-01-18 15:31:00.495651+00', '{additional:additionally} {assistant} {associate} {co:co-}{executive:executive }produced', 'producer', 58, 0, '{additional} {assistant} {associate} {co:co-}{executive:executive }producer', 'producer');
INSERT INTO link_type (child_order, description, entity_type0, entity_type1, gid, id, last_updated, link_phrase, name, parent, priority, reverse_link_phrase, long_link_phrase) VALUES (4, 'Indicates a person or agency that did the art direction for this album. (<a href="http://musicbrainz.org/doc/Miscellaneous_Production_Relationship_Type">Details</a>)', 'artist', 'release', 'f3b80a09-5ebf-4ad2-9c46-3e6bce971d1b', 19, '2011-01-18 15:31:00.495651+00', '{additional} art direction', 'art direction', 29, 0, '{additional} art direction', 'art direction');
INSERT INTO link_type (child_order, description, entity_type0, entity_type1, gid, id, last_updated, link_phrase, name, parent, priority, reverse_link_phrase, long_link_phrase) VALUES (0, '', 'artist', 'label', 'e74a40e7-0f27-4e05-bdbd-eb10f5309472', 127, '2011-01-18 15:31:00.495651+00', 'contract', 'contract', NULL, 0, 'contract', 'contract');
INSERT INTO link_type (child_order, description, entity_type0, entity_type1, gid, id, last_updated, link_phrase, name, parent, priority, reverse_link_phrase, long_link_phrase) VALUES (2, 'Describes the fact a person was contracted by a label in a creative position. (<a href="http://musicbrainz.org/doc/Creative_Position_Relationship_Type">Details</a>)', 'artist', 'label', '85d1947c-1986-42f0-947c-80aab72a548f', 123, '2011-01-18 15:31:00.495651+00', 'creative position', 'creative position', 127, 0, 'creative persons', 'creative position');
INSERT INTO link_type (child_order, description, entity_type0, entity_type1, gid, id, last_updated, link_phrase, name, parent, priority, reverse_link_phrase, long_link_phrase) VALUES (0, 'This relationship type can be used to link a label to the person(s) who founded it. (<a href="http://musicbrainz.org/doc/Label_Founder_Relationship_Type">Details</a>)', 'artist', 'label', '577996f3-7ff9-45cf-877e-740fb1267a63', 124, '2011-01-18 15:31:00.495651+00', 'founded', 'label founder', 127, 0, 'founders', 'label founder');
INSERT INTO link_type (child_order, description, entity_type0, entity_type1, gid, id, last_updated, link_phrase, name, parent, priority, reverse_link_phrase, long_link_phrase) VALUES (3, 'Should be used to describe the fact an artist signed a recording contract with a label. (<a href="http://musicbrainz.org/doc/Recording_Contract_Relationship_Type">Details</a>)', 'artist', 'label', 'b336d682-592f-4486-9f45-3d5d59895bdc', 129, '2011-01-18 15:31:00.495651+00', 'signed by', 'recording contract', 127, 0, 'signed', 'recording contract');
INSERT INTO link_type (child_order, description, entity_type0, entity_type1, gid, id, last_updated, link_phrase, name, parent, priority, reverse_link_phrase, long_link_phrase) VALUES (3, '', 'artist', 'url', 'd94fb61c-fa20-4e3c-a19a-71a949fb2c55', 196, '2011-01-18 15:31:00.495651+00', 'other databases', 'other databases', NULL, 0, 'other databases', 'other databases');
INSERT INTO link_type (child_order, description, entity_type0, entity_type1, gid, id, last_updated, link_phrase, name, parent, priority, reverse_link_phrase, long_link_phrase) VALUES (1, 'Points to the Discogs page for this artist. Always use the domain <code>www.discogs.com</code> and no genre subdomains. (<a href="http://musicbrainz.org/doc/Discogs_Relationship_Type">Details</a>)', 'artist', 'url', '04a5b104-a4c2-4bac-99a1-7b837c37d9e4', 188, '2011-01-18 15:31:00.495651+00', 'Discogs', 'discogs', 196, 0, 'Discogs page for', 'discogs');
INSERT INTO link_type (child_order, description, entity_type0, entity_type1, gid, id, last_updated, link_phrase, name, parent, priority, reverse_link_phrase, long_link_phrase) VALUES (0, 'Points to the Internet Movie Database page for this artist. URLs should follow the format <code>http://www.imdb.com/name/&lt;ID&gt;/</code>. (<a href="http://musicbrainz.org/doc/IMDb_Relationship_Type">Details</a>)', 'artist', 'url', '94c8b0cc-4477-4106-932c-da60e63de61c', 186, '2011-01-18 15:31:00.495651+00', 'IMDb', 'IMDb', 196, 0, 'IMDb page for', 'IMDb');
INSERT INTO link_type (child_order, description, entity_type0, entity_type1, gid, id, last_updated, link_phrase, name, parent, priority, reverse_link_phrase, long_link_phrase) VALUES (0, '', 'artist', 'url', 'd0c5cf3a-8afb-4d24-ad47-00f43dc509fe', 198, '2011-01-18 15:31:00.495651+00', 'discography ', 'discography ', NULL, 0, 'discography', 'discography ');
INSERT INTO link_type (child_order, description, entity_type0, entity_type1, gid, id, last_updated, link_phrase, name, parent, priority, reverse_link_phrase, long_link_phrase) VALUES (0, 'Indicates a pictorial image (JPEG, GIF, PNG) of an artist. (<a href="http://musicbrainz.org/doc/Image_Relationship_Type">Details</a>)', 'artist', 'url', '221132e9-e30e-43f2-a741-15afc4c5fa7c', 181, '2011-01-18 15:31:00.495651+00', 'pictures', 'image', 198, 0, 'picture of', 'image');
INSERT INTO link_type (child_order, description, entity_type0, entity_type1, gid, id, last_updated, link_phrase, name, parent, priority, reverse_link_phrase, long_link_phrase) VALUES (1, 'This relationship type can be used to link a MusicBrainz artist to their online community pages. In addition to providing a link for users to find more information, and listen to music of the artist, online community sites are often used by many artists in lieu of, or additionally to, their official homepage. (<a href="http://musicbrainz.org/doc/Online_Community_Relationship_Type">Details</a>)', 'artist', 'url', '35b3a50f-bf0e-4309-a3b4-58eeed8cee6a', 193, '2011-01-18 15:31:00.495651+00', 'online communities', 'online community', NULL, 0, 'online community page for', 'online community');
INSERT INTO link_type (child_order, description, entity_type0, entity_type1, gid, id, last_updated, link_phrase, name, parent, priority, reverse_link_phrase, long_link_phrase) VALUES (3, 'This relationship type can be used to link a MusicBrainz artist to their weblogs (<a href="http://musicbrainz.org/doc/Blog_Relationship_Type">Details</a>).', 'artist', 'url', 'eb535226-f8ca-499d-9b18-6a144df4ae6f', 208, '2011-01-18 15:31:00.495651+00', 'blogs', 'blog', 193, 0, 'blog of', 'blog');
INSERT INTO link_type (child_order, description, entity_type0, entity_type1, gid, id, last_updated, link_phrase, name, parent, priority, reverse_link_phrase, long_link_phrase) VALUES (0, 'This relationship type can be used to link a MusicBrainz artist to the equivalent entry in MySpace. Please, use URLs in format <code>http://www.myspace.com/&lt;artist&gt;</code> (<a href="http://musicbrainz.org/doc/MySpace_Relationship_Type">Details</a>)', 'artist', 'url', 'bac47923-ecde-4b59-822e-d08f0cd10156', 197, '2011-01-18 15:31:00.495651+00', 'MySpace', 'myspace', 193, 0, 'MySpace page for', 'myspace');
INSERT INTO link_type (child_order, description, entity_type0, entity_type1, gid, id, last_updated, link_phrase, name, parent, priority, reverse_link_phrase, long_link_phrase) VALUES (0, 'Points to the Wikipedia page for this artist. (<a href="http://musicbrainz.org/doc/Wikipedia_Relationship_Type">Details</a>)', 'artist', 'url', '29651736-fa6d-48e4-aadc-a557c6add1cb', 187, '2011-01-18 15:31:00.495651+00', 'Wikipedia', 'wikipedia', 196, 0, 'Wikipedia page for', 'wikipedia');
INSERT INTO link_type (child_order, description, entity_type0, entity_type1, gid, id, last_updated, link_phrase, name, parent, priority, reverse_link_phrase, long_link_phrase) VALUES (4, 'This link is used to link to specific artists on the /music pages at the BBC web site. (<a href="http://musicbrainz.org/doc/BBC_Music_Relationship_Type">Details</a>)', 'artist', 'url', 'd028a975-000c-4525-9333-d3c8425e4b54', 199, '2011-01-18 15:31:00.495651+00', 'BBC Music', 'BBC Music page', 198, 0, 'BBC Music page for', 'BBC Music page');
INSERT INTO link_type (child_order, description, entity_type0, entity_type1, gid, id, last_updated, link_phrase, name, parent, priority, reverse_link_phrase, long_link_phrase) VALUES (0, 'Indicates the official homepage for an artist. (<a href="http://musicbrainz.org/doc/Official_Homepage_Relationship_Type">Details</a>)', 'artist', 'url', 'fe33d22f-c3b0-4d68-bd53-a856badf2b15', 191, '2011-01-18 15:31:00.495651+00', 'official homepages', 'official homepage', 198, 0, 'official homepage for', 'official homepage');
INSERT INTO link_type (child_order, description, entity_type0, entity_type1, gid, id, last_updated, link_phrase, name, parent, priority, reverse_link_phrase, long_link_phrase) VALUES (1, 'Indicates a homepage by a fan for an artist. (<a href="http://musicbrainz.org/doc/Fanpage_Relationship_Type">Details</a>)', 'artist', 'url', 'f484f897-81cc-406e-96f9-cd799a04ee24', 180, '2011-01-18 15:31:00.495651+00', 'fan pages', 'fanpage', 198, 0, 'fan page for', 'fanpage');
INSERT INTO link_type (child_order, description, entity_type0, entity_type1, gid, id, last_updated, link_phrase, name, parent, priority, reverse_link_phrase, long_link_phrase) VALUES (3, 'Indicates a webpage with a discography of an artist. (<a href="http://musicbrainz.org/doc/Discography_Relationship_Type">Details</a>)', 'artist', 'url', '4fb0eeec-a6eb-4ae3-ad52-b55765b94e8f', 192, '2011-01-18 15:31:00.495651+00', 'discography pages', 'discography', 198, 0, 'discography page for', 'discography');
INSERT INTO link_type (child_order, description, entity_type0, entity_type1, gid, id, last_updated, link_phrase, name, parent, priority, reverse_link_phrase, long_link_phrase) VALUES (2, 'Points to the MusicMoz page for this artist. (<a href="http://musicbrainz.org/doc/MusicMoz_Relationship_Type">Details</a>)', 'artist', 'url', 'ded9a80a-e6de-4831-880c-c78b9981b54b', 189, '2011-01-18 15:31:00.495651+00', 'MusicMoz', 'musicmoz', 196, 0, 'MusicMoz page for', 'musicmoz');
INSERT INTO link_type (child_order, description, entity_type0, entity_type1, gid, id, last_updated, link_phrase, name, parent, priority, reverse_link_phrase, long_link_phrase) VALUES (3, 'This relationship type can be used to link a MusicBrainz artist to their microblog on a service such as Twitter or identi.ca (<a href="http://musicbrainz.org/doc/Microblog_Relationship_Type">Details</a>).', 'artist', 'url', '9309af3a-ebb6-4960-aebb-d286bd3ed1c7', 207, '2011-01-18 15:31:00.495651+00', 'microblogs', 'microblog', 193, 0, 'microblog for', 'microblog');
INSERT INTO link_type (child_order, description, entity_type0, entity_type1, gid, id, last_updated, link_phrase, name, parent, priority, reverse_link_phrase, long_link_phrase) VALUES (1, 'This relationship type can be used to link a MusicBrainz artist to the equivalent entry in PureVolume. Please use URLs in the format <code>http://www.purevolume.com/&lt;artist&gt;</code> (<a href="http://musicbrainz.org/doc/PureVolume_Relationship_Type">Details</a>)', 'artist', 'url', 'b6f02157-a9d3-4f24-9057-0675b2dbc581', 182, '2011-01-18 15:31:00.495651+00', 'PureVolume', 'purevolume', 193, 0, 'PureVolume page for', 'purevolume');
INSERT INTO link_type (child_order, description, entity_type0, entity_type1, gid, id, last_updated, link_phrase, name, parent, priority, reverse_link_phrase, long_link_phrase) VALUES (0, 'This link is used to associate an artist or label with their page on a social networking site such as Facebook or Last.fm. (<a href="http://musicbrainz.org/doc/Social_Networking_Relationship_Type">Details</a>)', 'artist', 'url', '99429741-f3f6-484b-84f8-23af51991770', 202, '2011-01-18 15:31:00.495651+00', 'social networking', 'social network', 193, 3, 'social networking page for', 'social network');
INSERT INTO link_type (child_order, description, entity_type0, entity_type1, gid, id, last_updated, link_phrase, name, parent, priority, reverse_link_phrase, long_link_phrase) VALUES (3, 'Foo', 'artist', 'work', '21d842db-81d4-4d30-a0bd-8c6cc07e1dc2', 1222, '2011-01-18 15:31:00.495651+00', 'composer', 'composer', NULL, 0, 'composer of', 'composer');
INSERT INTO link_type (child_order, description, entity_type0, entity_type1, gid, id, last_updated, link_phrase, name, parent, priority, reverse_link_phrase, long_link_phrase) VALUES (0, '', 'recording', 'recording', '6a76ad99-cc5d-4ebc-a6e4-b2eb2eb3ad98', 245, '2011-01-18 15:31:00.495651+00', 'covers or other versions ', 'covers and versions ', NULL, 0, 'covers or other versions', 'covers and versions ');
INSERT INTO link_type (child_order, description, entity_type0, entity_type1, gid, id, last_updated, link_phrase, name, parent, priority, reverse_link_phrase, long_link_phrase) VALUES (4, 'Indicates that a track is a karaoke version of another track. A karaoke version is a version of the song with the main vocals removed, designed to be used for karaoke. (<a href="/doc/Karaoke_Version_Relationship_Type">Details</a>)', 'recording', 'recording', '39a08d0e-26e4-44fb-ae19-906f5fe9435d', 235, '2011-01-18 15:31:00.495651+00', 'karaoke versions', 'karaoke', 245, 0, 'karaoke version of', 'karaoke');
INSERT INTO link_type (child_order, description, entity_type0, entity_type1, gid, id, last_updated, link_phrase, name, parent, priority, reverse_link_phrase, long_link_phrase) VALUES (1, '', 'recording', 'recording', '1baddd63-4539-4d49-ae43-600df9ef4647', 246, '2011-01-18 15:31:00.495651+00', 'remixes ', 'remixes ', NULL, 0, 'remixes', 'remixes ');
INSERT INTO link_type (child_order, description, entity_type0, entity_type1, gid, id, last_updated, link_phrase, name, parent, priority, reverse_link_phrase, long_link_phrase) VALUES (0, 'Indicates that a track contains samples from another (or more) tracks. (<a href="http://musicbrainz.org/doc/Samples_Relationship_Type">Details</a>)', 'recording', 'recording', '9efd9ce9-e702-448b-8e76-641515e8fe62', 242, '2011-01-18 15:31:00.495651+00', '{additional} samples', 'samples material', 246, 0, '{additional:additionally} sampled by', 'samples material');
INSERT INTO link_type (child_order, description, entity_type0, entity_type1, gid, id, last_updated, link_phrase, name, parent, priority, reverse_link_phrase, long_link_phrase) VALUES (0, '', 'recording', 'work', 'fdc57134-e05c-30bc-aff6-425684475276', 285, '2011-01-18 15:31:00.495651+00', 'is a performance of', 'performance', NULL, 0, 'has performance', 'performance');
INSERT INTO link_type (child_order, description, entity_type0, entity_type1, gid, id, last_updated, link_phrase, name, parent, priority, reverse_link_phrase, long_link_phrase) VALUES (0, 'Indicates that a track contains samples from an album. (<a href="http://musicbrainz.org/doc/Samples_Relationship_Type">Details</a>)', 'recording', 'release', '967746f9-9d79-456c-9d1e-50116f0b27fc', 71, '2011-01-18 15:31:00.495651+00', '{additional} {instrument} samples from', 'samples material', NULL, 0, '{additional:additionally} {instrument} sampled by', 'samples material');
INSERT INTO link_type (child_order, description, entity_type0, entity_type1, gid, id, last_updated, link_phrase, name, parent, priority, reverse_link_phrase, long_link_phrase) VALUES (3, '', 'release_group', 'url', '87d1e331-d265-3e73-b98c-6f3cb69f07a4', 101, '2011-01-18 15:31:00.495651+00', 'other databases', 'other databases', NULL, 0, 'other databases', 'other databases');
INSERT INTO link_type (child_order, description, entity_type0, entity_type1, gid, id, last_updated, link_phrase, name, parent, priority, reverse_link_phrase, long_link_phrase) VALUES (0, 'Points to the Wikipedia page for this album. (<a href="http://musicbrainz.org/doc/Wikipedia_Relationship_Type">Details</a>)', 'release_group', 'url', '6578f0e9-1ace-4095-9de8-6e517ddb1ceb', 94, '2011-01-18 15:31:00.495651+00', 'Wikipedia', 'wikipedia', 101, 0, 'Wikipedia page for', 'wikipedia');
INSERT INTO link_type (child_order, description, entity_type0, entity_type1, gid, id, last_updated, link_phrase, name, parent, priority, reverse_link_phrase, long_link_phrase) VALUES (1, 'Points to the Discogs page for this album. Always use the domain <code>www.discogs.com</code> and no genre subdomains. (<a href="http://musicbrainz.org/doc/Discogs_Relationship_Type">Details</a>)', 'release_group', 'url', '09086c52-8b3b-3894-a8d5-6178e71b62f6', 95, '2011-01-18 15:31:00.495651+00', 'has a Discogs page at', 'discogs', 101, 0, 'is a Discogs page for', 'discogs');
INSERT INTO link_type (child_order, description, entity_type0, entity_type1, gid, id, last_updated, link_phrase, name, parent, priority, reverse_link_phrase, long_link_phrase) VALUES (0, '', 'release', 'release', '3676d4aa-2fa7-435f-b83f-cdbbe4740938', 7, '2011-01-18 15:31:00.495651+00', 'covers or other versions ', 'covers and versions ', NULL, 0, 'covers or other versions', 'covers and versions ');
INSERT INTO link_type (child_order, description, entity_type0, entity_type1, gid, id, last_updated, link_phrase, name, parent, priority, reverse_link_phrase, long_link_phrase) VALUES (5, 'Indicates that an album has translated or transliterated titles on another album release. This relationship does not indicate a cover where the lyrics have been translated (that should be indicated with "cover" instead, although both relationships could apply in some cases). This relationship should only be used when the number, order, and audio of the tracks on the two albums are identical, and each of the titles corresponds in meaning. (<a href="http://musicbrainz.org/doc/Translation_Transliteration_Relationship_Type">Details</a>)', 'release', 'release', 'fc399d47-23a7-4c28-bfcf-0607a562b644', 4, '2011-01-18 15:31:00.495651+00', 'transl{transliterated:iter}ated track listings', 'transl-tracklisting', 7, 0, 'transl{transliterated:iter}ated track listing of', 'transl-tracklisting');
INSERT INTO link_type (child_order, description, entity_type0, entity_type1, gid, id, last_updated, link_phrase, name, parent, priority, reverse_link_phrase, long_link_phrase) VALUES (3, '', 'release', 'url', 'c74dee45-3c85-41e9-a804-92ab1c654446', 87, '2011-01-18 15:31:00.495651+00', 'other databases', 'other databases', NULL, 0, 'other databases', 'other databases');
INSERT INTO link_type (child_order, description, entity_type0, entity_type1, gid, id, last_updated, link_phrase, name, parent, priority, reverse_link_phrase, long_link_phrase) VALUES (1, 'Points to the Discogs page for this album. Always use the domain <code>www.discogs.com</code> and no genre subdomains. (<a href="http://musicbrainz.org/doc/Discogs_Relationship_Type">Details</a>)', 'release', 'url', '4a78823c-1c53-4176-a5f3-58026c76f2bc', 77, '2011-01-18 15:31:00.495651+00', 'Discogs', 'discogs', 87, 0, 'Discogs page for', 'discogs');
INSERT INTO link_type (child_order, description, entity_type0, entity_type1, gid, id, last_updated, link_phrase, name, parent, priority, reverse_link_phrase, long_link_phrase) VALUES (0, '', 'release', 'url', '7c5c80e8-ed3a-4c9d-96bb-1131cdecb89d', 86, '2011-01-18 15:31:00.495651+00', 'links to affiliates', 'Affiliate links', NULL, 0, 'links to affiliates', 'Affiliate links');
INSERT INTO link_type (child_order, description, entity_type0, entity_type1, gid, id, last_updated, link_phrase, name, parent, priority, reverse_link_phrase, long_link_phrase) VALUES (0, 'This link type is used for Amazon ASINs. This allows users to link to the Amazon pages to show the right cover art if MusicBrainz does not have the right ASIN link already. <p/> Paste any URL to any Amazon product page that contains an Amazon ASIN and the ASIN will be parsed from that URL. (<a href="http://musicbrainz.org/doc/Amazon_Relationship_Type">Details</a>)', 'release', 'url', '4f2e710d-166c-480c-a293-2e2c8d658d87', 81, '2011-01-18 15:31:00.495651+00', 'ASIN', 'amazon asin', 86, 0, 'ASIN', 'amazon asin');
INSERT INTO link_type (child_order, description, entity_type0, entity_type1, gid, id, last_updated, link_phrase, name, parent, priority, reverse_link_phrase, long_link_phrase) VALUES (2, 'Points to the MusicMoz page for this album. (<a href="http://musicbrainz.org/doc/MusicMoz_Relationship_Type">Details</a>)', 'release', 'url', 'd111c58d-0d9b-4675-99c1-ddc5a8e01847', 78, '2011-01-18 15:31:00.495651+00', 'MusicMoz', 'musicmoz', 87, 0, 'MusicMoz page for', 'musicmoz');
INSERT INTO link_type (child_order, description, entity_type0, entity_type1, gid, id, last_updated, link_phrase, name, parent, priority, reverse_link_phrase, long_link_phrase) VALUES (2, '', 'release', 'url', '759935d6-c9c6-4362-8978-2f0d46d67deb', 85, '2011-01-18 15:31:00.495651+00', 'get the music ', 'get the music ', NULL, 0, 'get the music', 'get the music ');
INSERT INTO link_type (child_order, description, entity_type0, entity_type1, gid, id, last_updated, link_phrase, name, parent, priority, reverse_link_phrase, long_link_phrase) VALUES (0, 'Indicates a webpage where you can purchase an album for mail-order. (<a href="http://musicbrainz.org/doc/Mail_Order_Relationship_Type">Details</a>)', 'release', 'url', '3ee51e05-a06a-415e-b40c-b3f740dedfd7', 83, '2011-01-18 15:31:00.495651+00', 'purchase for mail-order', 'purchase for mail-order', 85, 0, 'mail-order purchase page for', 'purchase for mail-order');
INSERT INTO link_type (child_order, description, entity_type0, entity_type1, gid, id, last_updated, link_phrase, name, parent, priority, reverse_link_phrase, long_link_phrase) VALUES (1, 'Indicates a webpage where you can purchase an album for download. (<a href="http://musicbrainz.org/doc/Paid_Download_Relationship_Type">Details</a>)', 'release', 'url', '98e08c20-8402-4163-8970-53504bb6a1e4', 75, '2011-01-18 15:31:00.495651+00', 'purchase for download', 'purchase for download', 85, 0, 'download purchase page for', 'purchase for download');
INSERT INTO link_type (child_order, description, entity_type0, entity_type1, gid, id, last_updated, link_phrase, name, parent, priority, reverse_link_phrase, long_link_phrase) VALUES (0, 'This link is used to deep-link to cover art on other retailers sites.<br/><br/> See <a href="http://musicbrainz.org/doc/Cover_Art_Sites">Cover Art Sites</a> for a list of acceptable web sites for this relationship type.', 'release', 'url', '2476be45-3090-43b3-a948-a8f972b4065c', 82, '2011-01-18 15:31:00.495651+00', 'cover art', 'cover art link', NULL, 0, 'cover art for', 'cover art link');
INSERT INTO link_type (child_order, description, entity_type0, entity_type1, gid, id, last_updated, link_phrase, name, parent, priority, reverse_link_phrase, long_link_phrase) VALUES (1, 'Indicates the publisher of this album (<a href="http://musicbrainz.org/doc/Publisher_Relationship_Type">Details</a>)<br/><br/> Note that this is <strong><em>NOT</em></strong> the record label, use the "Label" field in release events for record labels.', 'label', 'recording', '51e4a303-8215-4db6-9a9f-ebe95442dbef', 215, '2011-01-18 15:31:00.495651+00', 'published', 'publishing', NULL, 0, 'publisher', 'publishing');
INSERT INTO link_type (child_order, description, entity_type0, entity_type1, gid, id, last_updated, link_phrase, name, parent, priority, reverse_link_phrase, long_link_phrase) VALUES (1, 'Indicates the publisher of this album (<a href="http://musicbrainz.org/doc/Publisher_Relationship_Type">Details</a>)<br/><br/> Note that this is <strong><em>NOT</em></strong> the record label, use the "Label" field in release events for record labels.', 'label', 'release', 'cee6eeeb-14f5-4079-9789-632b46acfd33', 68, '2011-01-18 15:31:00.495651+00', 'published', 'publishing', NULL, 0, 'publisher', 'publishing');
INSERT INTO link_type (child_order, description, entity_type0, entity_type1, gid, id, last_updated, link_phrase, name, parent, priority, reverse_link_phrase, long_link_phrase) VALUES (0, '', 'label', 'label', '0c1ff137-fca5-4148-82b7-8bce3c69165a', 214, '2011-01-18 15:31:00.495651+00', 'business association', 'business association', NULL, 0, 'business association', 'business association');
INSERT INTO link_type (child_order, description, entity_type0, entity_type1, gid, id, last_updated, link_phrase, name, parent, priority, reverse_link_phrase, long_link_phrase) VALUES (0, 'This describes the fact that a label is (or was) a subsidiary of another label, during a given period of time. This should be used either to describe the fact a label has been bought by another one, or that a label is a subdivision of another one. (<a href="http://musicbrainz.org/doc/Label_Ownership_Relationship_Type">Details</a>)', 'label', 'label', 'ab7a9be0-c060-4852-8f2e-4faf5b33231e', 209, '2011-01-18 15:31:00.495651+00', 'subsidiaries', 'label ownership', 214, 0, 'parent label', 'label ownership');
INSERT INTO link_type (child_order, description, entity_type0, entity_type1, gid, id, last_updated, link_phrase, name, parent, priority, reverse_link_phrase, long_link_phrase) VALUES (2, 'This describes the fact that a label has changed its name, be it for purely aesthetic reasons, or following a buyout/sellout/spin-off. (<a href="http://musicbrainz.org/doc/Label_Rename_Relationship_Type">Details</a>)', 'label', 'label', 'e6159066-6013-4d09-a2f8-bc473f21e89e', 211, '2011-01-18 15:31:00.495651+00', 'renamed into', 'label rename', 214, 0, 'renamed from', 'label rename');
INSERT INTO link_type (child_order, description, entity_type0, entity_type1, gid, id, last_updated, link_phrase, name, parent, priority, reverse_link_phrase, long_link_phrase) VALUES (0, '', 'label', 'url', '5f82afae-0473-458d-9f17-8a2fa1ce7918', 230, '2011-01-18 15:31:00.495651+00', 'online data', 'online data', NULL, 0, 'online data', 'online data');
INSERT INTO link_type (child_order, description, entity_type0, entity_type1, gid, id, last_updated, link_phrase, name, parent, priority, reverse_link_phrase, long_link_phrase) VALUES (2, 'This link points to a site that contains a catalog (eg: list) of records published by the label. (<a href="http://musicbrainz.org/doc/Catalog_Site_Relationship_Type">Details</a>)', 'label', 'url', '5ac35a29-d29b-4390-b279-587bcd42fc73', 221, '2011-01-18 15:31:00.495651+00', 'catalog of records', 'catalog site', 230, 0, 'catalog of records', 'catalog site');
INSERT INTO link_type (child_order, description, entity_type0, entity_type1, gid, id, last_updated, link_phrase, name, parent, priority, reverse_link_phrase, long_link_phrase) VALUES (1, '', 'label', 'url', '83eca2b3-5ae1-43f5-a732-56fa9a8591b1', 231, '2011-01-18 15:31:00.495651+00', 'other databases', 'other databases', NULL, 0, 'other databases', 'other databases');
INSERT INTO link_type (child_order, description, entity_type0, entity_type1, gid, id, last_updated, link_phrase, name, parent, priority, reverse_link_phrase, long_link_phrase) VALUES (0, 'This is used to link a label to its corresponding Wikipedia page. (<a href="http://musicbrainz.org/doc/Wikipedia_Relationship_Type">Details</a>)', 'label', 'url', '51e9db21-8864-49b3-aa58-470d7b81fa50', 225, '2011-01-18 15:31:00.495651+00', 'Wikipedia', 'wikipedia', 231, 0, 'Wikipedia page for', 'wikipedia');
INSERT INTO link_type (child_order, description, entity_type0, entity_type1, gid, id, last_updated, link_phrase, name, parent, priority, reverse_link_phrase, long_link_phrase) VALUES (0, 'This link points to (one of) the official website(s) of the label (<a href="http://musicbrainz.org/doc/Official_Site_Relationship_Type">Details</a>).', 'label', 'url', 'fe108f43-acb9-4ad1-8be3-57e6ec5b17b6', 228, '2011-01-18 15:31:00.495651+00', 'official homepages', 'official site', 230, 0, 'official homepage for', 'official site');
INSERT INTO link_type (child_order, description, entity_type0, entity_type1, gid, id, last_updated, link_phrase, name, parent, priority, reverse_link_phrase, long_link_phrase) VALUES (1, 'This is used to link a Label to the equivalent entry in Discogs. In addition to providing a link for users to find more information, this will hopefully eventually provide an index between the two systems, allowing MusicBrainz and Discogs to share data. (<a href="http://musicbrainz.org/doc/Discogs_Relationship_Type">Details</a>)', 'label', 'url', '5b987f87-25bc-4a2d-b3f1-3618795b8207', 226, '2011-01-18 15:31:00.495651+00', 'Discogs', 'discogs', 231, 0, 'Discogs page for', 'discogs');
INSERT INTO link_type (child_order, description, entity_type0, entity_type1, gid, id, last_updated, link_phrase, name, parent, priority, reverse_link_phrase, long_link_phrase) VALUES (1, 'This link points to a site describing relevant facts about the label history. (<a href="http://musicbrainz.org/doc/History_Site_Relationship_Type">Details</a>)', 'label', 'url', '5261835c-0c23-4a63-94db-ad3a86bda846', 220, '2011-01-18 15:31:00.495651+00', 'history page', 'history site', 230, 0, 'history page for', 'history site');
INSERT INTO link_type (child_order, description, entity_type0, entity_type1, gid, id, last_updated, link_phrase, name, parent, priority, reverse_link_phrase, long_link_phrase) VALUES (5, 'This relationship type can be used to link a MusicBrainz label to the equivalent entry in MySpace. (<a href="http://musicbrainz.org/doc/MySpace_Relationship_Type">Details</a>)', 'label', 'url', '240ba9dc-9898-4505-9bf7-32a53a695612', 224, '2011-01-18 15:31:00.495651+00', 'MySpace', 'myspace', 230, 0, 'MySpace page for', 'myspace');
INSERT INTO link_type (child_order, description, entity_type0, entity_type1, gid, id, last_updated, link_phrase, name, parent, priority, reverse_link_phrase, long_link_phrase) VALUES (7, 'This relationship type can be used to link a label to the equivalent entry in YouTube. URLs should follow the format http://www.youtube.com/user/&lt;username&gt;. (<a href="http://musicbrainz.org/doc/YouTube_Relationship_Type">Details</a>)', 'label', 'url', 'd9c71059-ba9d-4135-b909-481d12cf84e3', 234, '2011-01-18 15:31:00.495651+00', 'YouTube channels', 'youtube', 230, 0, 'YouTube channel for', 'youtube');
INSERT INTO link_type (child_order, description, entity_type0, entity_type1, gid, id, last_updated, link_phrase, name, parent, priority, reverse_link_phrase, long_link_phrase) VALUES (0, 'This relationship links a label to its corresponding page on VGMdb.', 'label', 'url', '8a2d3e55-d291-4b99-87a0-c59c6b121762', 219, '2011-01-18 15:31:00.495651+00', 'VGMdb', 'vgmdb', 231, 0, 'VGMdb page for', 'VGMdb');
INSERT INTO link_type (child_order, description, entity_type0, entity_type1, gid, id, last_updated, link_phrase, name, parent, priority, reverse_link_phrase, long_link_phrase) VALUES (3, 'This is used to provide a logo for the label. (<a href="http://musicbrainz.org/doc/Logo_Relationship_Type">Details</a>)', 'label', 'url', 'b35f7822-bf3c-4148-b306-fb723c63ee8b', 222, '2011-01-18 15:31:00.495651+00', 'logos', 'logo', 230, 0, 'logo of', 'logo');

INSERT INTO link_attribute_type (child_order, description, gid, id, last_updated, name, parent, root) VALUES (0, 'This attribute indicates a ''guest'' performance where the performer is not usually part of the band.', 'b3045913-62ac-433e-9211-ac683cdf6b5c', 194, '2011-01-18 15:31:00.495651+00', 'guest', NULL, 194);
INSERT INTO link_attribute_type (child_order, description, gid, id, last_updated, name, parent, root) VALUES (2, 'This attribute describes a type of vocal performance.', 'd92884b7-ee0c-46d5-96f3-918196ba8c5b', 3, '2011-01-18 15:31:00.495651+00', 'vocal', NULL, 3);
INSERT INTO link_attribute_type (child_order, description, gid, id, last_updated, name, parent, root) VALUES (0, 'Lead or solo vocal', '8e2a3255-87c2-4809-a174-98cb3704f1a5', 4, '2011-01-18 15:31:00.495651+00', 'Lead', 3, 3);
INSERT INTO link_attribute_type (child_order, description, gid, id, last_updated, name, parent, root) VALUES (1, 'Transliterated track listings don''t change the language, just the script or spelling.', 'a74533a5-ed6c-4b30-9519-43a449872f9d', 477, '2011-01-18 15:31:00.495651+00', 'transliterated', NULL, 477);

INSERT INTO link_type_attribute_type (attribute_type, last_updated, link_type, max, min) VALUES (194, '2011-01-18 15:31:00.495651+00', 165, 1, 0);
INSERT INTO link_type_attribute_type (attribute_type, last_updated, link_type, max, min) VALUES (3, '2011-01-18 15:31:00.495651+00', 158, NULL, 0);
INSERT INTO link_type_attribute_type (attribute_type, last_updated, link_type, max, min) VALUES (194, '2011-01-18 15:31:00.495651+00', 158, 1, 0);
INSERT INTO link_type_attribute_type (attribute_type, last_updated, link_type, max, min) VALUES (194, '2011-01-18 15:31:00.495651+00', 55, 1, 0);
INSERT INTO link_type_attribute_type (attribute_type, last_updated, link_type, max, min) VALUES (3, '2011-01-18 15:31:00.495651+00', 64, NULL, 0);
INSERT INTO link_type_attribute_type (attribute_type, last_updated, link_type, max, min) VALUES (194, '2011-01-18 15:31:00.495651+00', 64, 1, 0);
INSERT INTO link_type_attribute_type (attribute_type, last_updated, link_type, max, min) VALUES (477, '2011-01-18 15:31:00.495651+00', 4, 1, 0);
INSERT INTO link_type_attribute_type (attribute_type, last_updated, link_type, max, min) VALUES (14, '2011-01-18 15:31:00.495651+00', 147, NULL, 0);

INSERT INTO link_creditable_attribute_type (attribute_type) VALUES (229);

INSERT INTO link (attribute_count, begin_date_day, begin_date_month, begin_date_year, created, end_date_day, end_date_month, end_date_year, ended, id, link_type) VALUES (0, NULL, NULL, NULL, '2011-01-18 15:31:00.495651+00', NULL, NULL, NULL, '0', 6101, 111);
INSERT INTO link (attribute_count, begin_date_day, begin_date_month, begin_date_year, created, end_date_day, end_date_month, end_date_year, ended, id, link_type) VALUES (0, NULL, NULL, NULL, '2011-01-18 15:31:00.495651+00', NULL, NULL, NULL, '0', 6103, 110);
INSERT INTO link (attribute_count, begin_date_day, begin_date_month, begin_date_year, created, end_date_day, end_date_month, end_date_year, ended, id, link_type) VALUES (1, NULL, NULL, NULL, '2011-01-18 15:31:00.495651+00', NULL, NULL, NULL, '0', 12351, 158);
INSERT INTO link (attribute_count, begin_date_day, begin_date_month, begin_date_year, created, end_date_day, end_date_month, end_date_year, ended, id, link_type) VALUES (1, NULL, NULL, NULL, '2011-01-18 15:31:00.495651+00', NULL, NULL, NULL, '0', 12282, 147);
INSERT INTO link (attribute_count, begin_date_day, begin_date_month, begin_date_year, created, end_date_day, end_date_month, end_date_year, ended, id, link_type) VALUES (0, NULL, NULL, NULL, '2011-01-18 15:31:00.495651+00', NULL, NULL, NULL, '0', 12281, 149);
INSERT INTO link (attribute_count, begin_date_day, begin_date_month, begin_date_year, created, end_date_day, end_date_month, end_date_year, ended, id, link_type) VALUES (0, NULL, NULL, NULL, '2011-01-18 15:31:00.495651+00', NULL, NULL, NULL, '0', 12810, 139);
INSERT INTO link (attribute_count, begin_date_day, begin_date_month, begin_date_year, created, end_date_day, end_date_month, end_date_year, ended, id, link_type) VALUES (1, NULL, NULL, 2007, '2011-01-18 15:31:00.495651+00', NULL, NULL, NULL, '0', 1956, 64);
INSERT INTO link (attribute_count, begin_date_day, begin_date_month, begin_date_year, created, end_date_day, end_date_month, end_date_year, ended, id, link_type) VALUES (0, NULL, NULL, NULL, '2011-01-18 15:31:00.495651+00', NULL, NULL, NULL, '0', 34, 20);
INSERT INTO link (attribute_count, begin_date_day, begin_date_month, begin_date_year, created, end_date_day, end_date_month, end_date_year, ended, id, link_type) VALUES (0, NULL, NULL, NULL, '2011-01-18 15:31:00.495651+00', NULL, NULL, NULL, '0', 33, 34);
INSERT INTO link (attribute_count, begin_date_day, begin_date_month, begin_date_year, created, end_date_day, end_date_month, end_date_year, ended, id, link_type) VALUES (0, NULL, NULL, NULL, '2011-01-18 15:31:00.495651+00', NULL, NULL, NULL, '0', 63, 19);
INSERT INTO link (attribute_count, begin_date_day, begin_date_month, begin_date_year, created, end_date_day, end_date_month, end_date_year, ended, id, link_type) VALUES (0, 2, 6, 2003, '2011-01-18 15:31:00.495651+00', NULL, NULL, NULL, '0', 11764, 123);
INSERT INTO link (attribute_count, begin_date_day, begin_date_month, begin_date_year, created, end_date_day, end_date_month, end_date_year, ended, id, link_type) VALUES (0, NULL, NULL, NULL, '2011-01-18 15:31:00.495651+00', NULL, NULL, NULL, '0', 11714, 124);
INSERT INTO link (attribute_count, begin_date_day, begin_date_month, begin_date_year, created, end_date_day, end_date_month, end_date_year, ended, id, link_type) VALUES (0, NULL, NULL, 1993, '2011-01-18 15:31:00.495651+00', NULL, NULL, 2001, '1', 11999, 129);
INSERT INTO link (attribute_count, begin_date_day, begin_date_month, begin_date_year, created, end_date_day, end_date_month, end_date_year, ended, id, link_type) VALUES (0, NULL, NULL, 2001, '2011-05-16 15:03:23.368437+00', NULL, NULL, NULL, '0', 6490, 111);
INSERT INTO link (attribute_count, begin_date_day, begin_date_month, begin_date_year, created, end_date_day, end_date_month, end_date_year, ended, id, link_type) VALUES (0, NULL, NULL, NULL, '2011-01-18 15:31:00.495651+00', NULL, NULL, NULL, '0', 22986, 188);
INSERT INTO link (attribute_count, begin_date_day, begin_date_month, begin_date_year, created, end_date_day, end_date_month, end_date_year, ended, id, link_type) VALUES (0, NULL, NULL, NULL, '2011-01-18 15:31:00.495651+00', NULL, NULL, NULL, '0', 22988, 186);
INSERT INTO link (attribute_count, begin_date_day, begin_date_month, begin_date_year, created, end_date_day, end_date_month, end_date_year, ended, id, link_type) VALUES (0, NULL, NULL, NULL, '2011-01-18 15:31:00.495651+00', NULL, NULL, NULL, '0', 22992, 181);
INSERT INTO link (attribute_count, begin_date_day, begin_date_month, begin_date_year, created, end_date_day, end_date_month, end_date_year, ended, id, link_type) VALUES (0, NULL, NULL, NULL, '2011-01-18 15:31:00.495651+00', NULL, NULL, NULL, '0', 22998, 208);
INSERT INTO link (attribute_count, begin_date_day, begin_date_month, begin_date_year, created, end_date_day, end_date_month, end_date_year, ended, id, link_type) VALUES (0, NULL, NULL, NULL, '2011-01-18 15:31:00.495651+00', NULL, NULL, NULL, '0', 23005, 193);
INSERT INTO link (attribute_count, begin_date_day, begin_date_month, begin_date_year, created, end_date_day, end_date_month, end_date_year, ended, id, link_type) VALUES (0, NULL, NULL, NULL, '2011-01-18 15:31:00.495651+00', NULL, NULL, NULL, '0', 22987, 197);
INSERT INTO link (attribute_count, begin_date_day, begin_date_month, begin_date_year, created, end_date_day, end_date_month, end_date_year, ended, id, link_type) VALUES (0, NULL, NULL, NULL, '2011-01-18 15:31:00.495651+00', NULL, NULL, NULL, '0', 22989, 187);
INSERT INTO link (attribute_count, begin_date_day, begin_date_month, begin_date_year, created, end_date_day, end_date_month, end_date_year, ended, id, link_type) VALUES (0, NULL, NULL, NULL, '2011-01-18 15:31:00.495651+00', NULL, NULL, NULL, '0', 22994, 199);
INSERT INTO link (attribute_count, begin_date_day, begin_date_month, begin_date_year, created, end_date_day, end_date_month, end_date_year, ended, id, link_type) VALUES (0, NULL, NULL, NULL, '2011-01-18 15:31:00.495651+00', NULL, NULL, NULL, '0', 22990, 191);
INSERT INTO link (attribute_count, begin_date_day, begin_date_month, begin_date_year, created, end_date_day, end_date_month, end_date_year, ended, id, link_type) VALUES (0, NULL, NULL, NULL, '2011-01-18 15:31:00.495651+00', NULL, NULL, NULL, '0', 22993, 180);
INSERT INTO link (attribute_count, begin_date_day, begin_date_month, begin_date_year, created, end_date_day, end_date_month, end_date_year, ended, id, link_type) VALUES (0, NULL, NULL, NULL, '2011-01-18 15:31:00.495651+00', NULL, NULL, NULL, '0', 22991, 192);
INSERT INTO link (attribute_count, begin_date_day, begin_date_month, begin_date_year, created, end_date_day, end_date_month, end_date_year, ended, id, link_type) VALUES (0, NULL, NULL, NULL, '2011-01-18 15:31:00.495651+00', NULL, NULL, NULL, '0', 22999, 189);
INSERT INTO link (attribute_count, begin_date_day, begin_date_month, begin_date_year, created, end_date_day, end_date_month, end_date_year, ended, id, link_type) VALUES (0, 20, 11, 2007, '2011-01-18 15:31:00.495651+00', NULL, NULL, NULL, '0', 23198, 191);
INSERT INTO link (attribute_count, begin_date_day, begin_date_month, begin_date_year, created, end_date_day, end_date_month, end_date_year, ended, id, link_type) VALUES (0, NULL, NULL, NULL, '2011-01-18 15:31:00.495651+00', NULL, NULL, NULL, '0', 23007, 207);
INSERT INTO link (attribute_count, begin_date_day, begin_date_month, begin_date_year, created, end_date_day, end_date_month, end_date_year, ended, id, link_type) VALUES (0, NULL, NULL, NULL, '2011-01-18 15:31:00.495651+00', NULL, NULL, NULL, '0', 23008, 182);
INSERT INTO link (attribute_count, begin_date_day, begin_date_month, begin_date_year, created, end_date_day, end_date_month, end_date_year, ended, id, link_type) VALUES (0, NULL, NULL, NULL, '2011-01-18 15:31:00.495651+00', NULL, NULL, NULL, '0', 23004, 202);
INSERT INTO link (attribute_count, begin_date_day, begin_date_month, begin_date_year, created, end_date_day, end_date_month, end_date_year, ended, id, link_type) VALUES (0, NULL, NULL, NULL, '2011-01-18 15:31:00.495651+00', NULL, NULL, NULL, '0', 1123780, 1222);
INSERT INTO link (attribute_count, begin_date_day, begin_date_month, begin_date_year, created, end_date_day, end_date_month, end_date_year, ended, id, link_type) VALUES (0, NULL, NULL, NULL, '2011-01-18 15:31:00.495651+00', NULL, NULL, NULL, '0', 23805, 235);
INSERT INTO link (attribute_count, begin_date_day, begin_date_month, begin_date_year, created, end_date_day, end_date_month, end_date_year, ended, id, link_type) VALUES (0, NULL, NULL, NULL, '2011-01-18 15:31:00.495651+00', NULL, NULL, NULL, '0', 23799, 242);
INSERT INTO link (attribute_count, begin_date_day, begin_date_month, begin_date_year, created, end_date_day, end_date_month, end_date_year, ended, id, link_type) VALUES (0, NULL, NULL, NULL, '2011-01-18 15:31:00.495651+00', NULL, NULL, NULL, '0', 23865, 285);
INSERT INTO link (attribute_count, begin_date_day, begin_date_month, begin_date_year, created, end_date_day, end_date_month, end_date_year, ended, id, link_type) VALUES (0, NULL, NULL, 2008, '2011-01-18 15:31:00.495651+00', NULL, NULL, NULL, '0', 6059, 71);
INSERT INTO link (attribute_count, begin_date_day, begin_date_month, begin_date_year, created, end_date_day, end_date_month, end_date_year, ended, id, link_type) VALUES (0, NULL, NULL, NULL, '2011-01-18 15:31:00.495651+00', NULL, NULL, NULL, '0', 6067, 94);
INSERT INTO link (attribute_count, begin_date_day, begin_date_month, begin_date_year, created, end_date_day, end_date_month, end_date_year, ended, id, link_type) VALUES (0, NULL, NULL, NULL, '2011-01-18 15:31:00.495651+00', NULL, NULL, NULL, '0', 6073, 95);
INSERT INTO link (attribute_count, begin_date_day, begin_date_month, begin_date_year, created, end_date_day, end_date_month, end_date_year, ended, id, link_type) VALUES (1, NULL, NULL, NULL, '2011-01-18 15:31:00.495651+00', NULL, NULL, NULL, '0', 4, 4);
INSERT INTO link (attribute_count, begin_date_day, begin_date_month, begin_date_year, created, end_date_day, end_date_month, end_date_year, ended, id, link_type) VALUES (0, NULL, NULL, NULL, '2011-01-18 15:31:00.495651+00', NULL, NULL, NULL, '0', 6065, 77);
INSERT INTO link (attribute_count, begin_date_day, begin_date_month, begin_date_year, created, end_date_day, end_date_month, end_date_year, ended, id, link_type) VALUES (0, NULL, NULL, NULL, '2011-01-18 15:31:00.495651+00', NULL, NULL, NULL, '0', 6064, 81);
INSERT INTO link (attribute_count, begin_date_day, begin_date_month, begin_date_year, created, end_date_day, end_date_month, end_date_year, ended, id, link_type) VALUES (0, NULL, NULL, NULL, '2011-01-18 15:31:00.495651+00', NULL, NULL, NULL, '0', 6076, 78);
INSERT INTO link (attribute_count, begin_date_day, begin_date_month, begin_date_year, created, end_date_day, end_date_month, end_date_year, ended, id, link_type) VALUES (0, NULL, NULL, NULL, '2011-01-18 15:31:00.495651+00', NULL, NULL, NULL, '0', 6066, 83);
INSERT INTO link (attribute_count, begin_date_day, begin_date_month, begin_date_year, created, end_date_day, end_date_month, end_date_year, ended, id, link_type) VALUES (0, NULL, NULL, NULL, '2011-01-18 15:31:00.495651+00', NULL, NULL, NULL, '0', 6077, 75);
INSERT INTO link (attribute_count, begin_date_day, begin_date_month, begin_date_year, created, end_date_day, end_date_month, end_date_year, ended, id, link_type) VALUES (0, NULL, NULL, NULL, '2011-01-18 15:31:00.495651+00', NULL, NULL, NULL, '0', 6070, 82);
INSERT INTO link (attribute_count, begin_date_day, begin_date_month, begin_date_year, created, end_date_day, end_date_month, end_date_year, ended, id, link_type) VALUES (0, NULL, NULL, NULL, '2011-01-18 15:31:00.495651+00', NULL, NULL, NULL, '0', 23758, 215);
INSERT INTO link (attribute_count, begin_date_day, begin_date_month, begin_date_year, created, end_date_day, end_date_month, end_date_year, ended, id, link_type) VALUES (0, NULL, NULL, NULL, '2011-01-18 15:31:00.495651+00', NULL, NULL, NULL, '0', 6012, 68);
INSERT INTO link (attribute_count, begin_date_day, begin_date_month, begin_date_year, created, end_date_day, end_date_month, end_date_year, ended, id, link_type) VALUES (0, NULL, NULL, NULL, '2011-01-18 15:31:00.495651+00', NULL, NULL, NULL, '0', 23367, 209);
INSERT INTO link (attribute_count, begin_date_day, begin_date_month, begin_date_year, created, end_date_day, end_date_month, end_date_year, ended, id, link_type) VALUES (0, NULL, NULL, 1965, '2011-01-18 15:31:00.495651+00', NULL, NULL, 1965, '1', 23622, 211);
INSERT INTO link (attribute_count, begin_date_day, begin_date_month, begin_date_year, created, end_date_day, end_date_month, end_date_year, ended, id, link_type) VALUES (0, NULL, NULL, 1995, '2011-01-18 15:31:00.495651+00', NULL, NULL, 1998, '1', 23403, 209);
INSERT INTO link (attribute_count, begin_date_day, begin_date_month, begin_date_year, created, end_date_day, end_date_month, end_date_year, ended, id, link_type) VALUES (0, NULL, NULL, NULL, '2011-01-18 15:31:00.495651+00', NULL, NULL, NULL, '0', 23775, 221);
INSERT INTO link (attribute_count, begin_date_day, begin_date_month, begin_date_year, created, end_date_day, end_date_month, end_date_year, ended, id, link_type) VALUES (0, NULL, NULL, NULL, '2011-01-18 15:31:00.495651+00', NULL, NULL, NULL, '0', 23776, 225);
INSERT INTO link (attribute_count, begin_date_day, begin_date_month, begin_date_year, created, end_date_day, end_date_month, end_date_year, ended, id, link_type) VALUES (0, NULL, NULL, NULL, '2011-01-18 15:31:00.495651+00', NULL, NULL, NULL, '0', 23777, 228);
INSERT INTO link (attribute_count, begin_date_day, begin_date_month, begin_date_year, created, end_date_day, end_date_month, end_date_year, ended, id, link_type) VALUES (0, NULL, NULL, NULL, '2011-01-18 15:31:00.495651+00', NULL, NULL, NULL, '0', 23778, 226);
INSERT INTO link (attribute_count, begin_date_day, begin_date_month, begin_date_year, created, end_date_day, end_date_month, end_date_year, ended, id, link_type) VALUES (0, NULL, NULL, NULL, '2011-01-18 15:31:00.495651+00', NULL, NULL, NULL, '0', 23781, 220);
INSERT INTO link (attribute_count, begin_date_day, begin_date_month, begin_date_year, created, end_date_day, end_date_month, end_date_year, ended, id, link_type) VALUES (0, NULL, NULL, NULL, '2011-01-18 15:31:00.495651+00', NULL, NULL, NULL, '0', 23779, 224);
INSERT INTO link (attribute_count, begin_date_day, begin_date_month, begin_date_year, created, end_date_day, end_date_month, end_date_year, ended, id, link_type) VALUES (0, NULL, NULL, NULL, '2011-01-18 15:31:00.495651+00', NULL, NULL, NULL, '0', 23782, 234);
INSERT INTO link (attribute_count, begin_date_day, begin_date_month, begin_date_year, created, end_date_day, end_date_month, end_date_year, ended, id, link_type) VALUES (0, NULL, NULL, NULL, '2011-01-18 15:31:00.495651+00', NULL, NULL, NULL, '0', 23785, 219);
INSERT INTO link (attribute_count, begin_date_day, begin_date_month, begin_date_year, created, end_date_day, end_date_month, end_date_year, ended, id, link_type) VALUES (0, NULL, NULL, NULL, '2011-01-18 15:31:00.495651+00', NULL, NULL, NULL, '0', 23780, 222);

INSERT INTO link_attribute (attribute_type, created, link) VALUES (194, '2011-01-18 15:31:00.495651+00', 12351);
INSERT INTO link_attribute (attribute_type, created, link) VALUES (4, '2011-01-18 15:31:00.495651+00', 1956);
INSERT INTO link_attribute (attribute_type, created, link) VALUES (477, '2011-01-18 15:31:00.495651+00', 4);
INSERT INTO link_attribute (attribute_type, created, link) VALUES (229, '2011-01-18 15:31:00.495651+00', 12282);

INSERT INTO link_attribute_credit (link, attribute_type, credited_as) VALUES (12282, 229, 'crazy guitar');

INSERT INTO l_artist_artist (edits_pending, entity0, entity1, id, last_updated, link) VALUES (0, 398598, 398438, 45799, '2011-01-18 15:31:00.495651+00', 6101);
INSERT INTO l_artist_artist (edits_pending, entity0, entity1, id, last_updated, link) VALUES (0, 100300, 180273, 4168, '2011-01-18 15:31:00.495651+00', 6103);
INSERT INTO l_artist_artist (edits_pending, entity0, entity1, id, last_updated, link) VALUES (0, 82524, 265420, 127517, '2011-05-16 15:03:23.368437+00', 6490);

INSERT INTO l_artist_label (edits_pending, entity0, entity1, id, last_updated, link) VALUES (0, 398438, 3933, 201, '2011-01-18 15:31:00.495651+00', 11764);
INSERT INTO l_artist_label (edits_pending, entity0, entity1, id, last_updated, link) VALUES (0, 9772, 1949, 2367, '2011-01-18 15:31:00.495651+00', 11714);
INSERT INTO l_artist_label (edits_pending, entity0, entity1, id, last_updated, link) VALUES (0, 9772, 3545, 2492, '2011-01-18 15:31:00.495651+00', 11714);
INSERT INTO l_artist_label (edits_pending, entity0, entity1, id, last_updated, link) VALUES (0, 779, 33, 1294, '2011-01-18 15:31:00.495651+00', 11999);
INSERT INTO l_artist_label (edits_pending, entity0, entity1, id, last_updated, link) VALUES (0, 242, 2988, 2893, '2011-01-18 15:31:00.495651+00', 11714);

INSERT INTO l_artist_recording (edits_pending, entity0, entity1, id, last_updated, link) VALUES (0, 9496, 4525123, 6751, '2011-01-18 15:56:00.408782+00', 12351);
INSERT INTO l_artist_recording (edits_pending, entity0, entity1, id, last_updated, link) VALUES (0, 135345, 4525123, 508792, '2011-01-18 15:56:00.408782+00', 12281);
INSERT INTO l_artist_recording (edits_pending, entity0, entity1, id, last_updated, link) VALUES (0, 135345, 4525123, 508809, '2011-01-18 15:56:00.408782+00', 12810);
INSERT INTO l_artist_recording (edits_pending, entity0, entity1, id, last_updated, link) VALUES (0, 11545, 1542682, 515098, '2011-01-18 15:56:00.408782+00', 12281);
INSERT INTO l_artist_recording (edits_pending, entity0, entity1, id, last_updated, link) VALUES (0, 11545, 1542683, 515099, '2011-01-18 15:56:00.408782+00', 12281);
INSERT INTO l_artist_recording (edits_pending, entity0, entity1, id, last_updated, link) VALUES (0, 11545, 1542684, 515100, '2011-01-18 15:56:00.408782+00', 12281);
INSERT INTO l_artist_recording (edits_pending, entity0, entity1, id, last_updated, link) VALUES (0, 11545, 1542685, 515101, '2011-01-18 15:56:00.408782+00', 12281);
INSERT INTO l_artist_recording (edits_pending, entity0, entity1, id, last_updated, link) VALUES (0, 11545, 1542686, 515102, '2011-01-18 15:56:00.408782+00', 12281);
INSERT INTO l_artist_recording (edits_pending, entity0, entity1, id, last_updated, link) VALUES (0, 11545, 1542687, 515103, '2011-01-18 15:56:00.408782+00', 12281);
INSERT INTO l_artist_recording (edits_pending, entity0, entity1, id, last_updated, link) VALUES (0, 11545, 1542688, 515104, '2011-01-18 15:56:00.408782+00', 12281);
INSERT INTO l_artist_recording (edits_pending, entity0, entity1, id, last_updated, link) VALUES (0, 11545, 1542689, 515105, '2011-01-18 15:56:00.408782+00', 12281);
INSERT INTO l_artist_recording (edits_pending, entity0, entity1, id, last_updated, link) VALUES (0, 11545, 1542690, 515106, '2011-01-18 15:56:00.408782+00', 12281);
INSERT INTO l_artist_recording (edits_pending, entity0, entity1, id, last_updated, link) VALUES (0, 11545, 1542691, 515107, '2011-01-18 15:56:00.408782+00', 12281);
INSERT INTO l_artist_recording (edits_pending, entity0, entity1, id, last_updated, link) VALUES (0, 283833, 2726274, 515108, '2011-01-18 15:56:00.408782+00', 12282);

INSERT INTO l_artist_release (edits_pending, entity0, entity1, id, last_updated, link) VALUES (0, 398598, 459740, 79005, '2011-01-18 15:52:02.917556+00', 1956);
INSERT INTO l_artist_release (edits_pending, entity0, entity1, id, last_updated, link) VALUES (0, 11545, 24752, 219815, '2011-01-18 15:52:02.917556+00', 34);
INSERT INTO l_artist_release (edits_pending, entity0, entity1, id, last_updated, link) VALUES (0, 11545, 243064, 219813, '2011-01-18 15:52:02.917556+00', 34);
INSERT INTO l_artist_release (edits_pending, entity0, entity1, id, last_updated, link) VALUES (0, 11545, 654729, 219814, '2011-01-18 15:52:02.917556+00', 34);
INSERT INTO l_artist_release (edits_pending, entity0, entity1, id, last_updated, link) VALUES (0, 242, 19969, 210524, '2011-01-18 15:52:02.917556+00', 33);
INSERT INTO l_artist_release (edits_pending, entity0, entity1, id, last_updated, link) VALUES (0, 242, 31689, 210527, '2011-01-18 15:52:02.917556+00', 33);
INSERT INTO l_artist_release (edits_pending, entity0, entity1, id, last_updated, link) VALUES (0, 242, 31690, 210523, '2011-01-18 15:52:02.917556+00', 33);
INSERT INTO l_artist_release (edits_pending, entity0, entity1, id, last_updated, link) VALUES (0, 242, 278075, 210522, '2011-01-18 15:52:02.917556+00', 33);
INSERT INTO l_artist_release (edits_pending, entity0, entity1, id, last_updated, link) VALUES (0, 242, 338506, 210525, '2011-01-18 15:52:02.917556+00', 33);
INSERT INTO l_artist_release (edits_pending, entity0, entity1, id, last_updated, link) VALUES (0, 242, 748905, 210526, '2011-01-18 15:52:02.917556+00', 33);
INSERT INTO l_artist_release (edits_pending, entity0, entity1, id, last_updated, link) VALUES (0, 242, 19969, 212053, '2011-01-18 15:52:02.917556+00', 63);
INSERT INTO l_artist_release (edits_pending, entity0, entity1, id, last_updated, link) VALUES (0, 242, 31689, 212056, '2011-01-18 15:52:02.917556+00', 63);
INSERT INTO l_artist_release (edits_pending, entity0, entity1, id, last_updated, link) VALUES (0, 242, 31690, 212052, '2011-01-18 15:52:02.917556+00', 63);
INSERT INTO l_artist_release (edits_pending, entity0, entity1, id, last_updated, link) VALUES (0, 242, 278075, 212051, '2011-01-18 15:52:02.917556+00', 63);
INSERT INTO l_artist_release (edits_pending, entity0, entity1, id, last_updated, link) VALUES (0, 242, 338506, 212054, '2011-01-18 15:52:02.917556+00', 63);
INSERT INTO l_artist_release (edits_pending, entity0, entity1, id, last_updated, link) VALUES (0, 242, 748905, 212055, '2011-01-18 15:52:02.917556+00', 63);

INSERT INTO l_artist_url (edits_pending, entity0, entity1, id, last_updated, link) VALUES (0, 398598, 788382, 293369, '2011-01-18 16:23:37.789736+00', 22986);
INSERT INTO l_artist_url (edits_pending, entity0, entity1, id, last_updated, link) VALUES (0, 398598, 788379, 293371, '2011-01-18 16:23:37.789736+00', 22988);
INSERT INTO l_artist_url (edits_pending, entity0, entity1, id, last_updated, link) VALUES (0, 398598, 788384, 293368, '2011-01-18 16:23:37.789736+00', 22992);
INSERT INTO l_artist_url (edits_pending, entity0, entity1, id, last_updated, link) VALUES (0, 398598, 788381, 293370, '2011-01-18 16:23:37.789736+00', 22998);
INSERT INTO l_artist_url (edits_pending, entity0, entity1, id, last_updated, link) VALUES (0, 398598, 788385, 293367, '2011-01-18 16:23:37.789736+00', 23005);
INSERT INTO l_artist_url (edits_pending, entity0, entity1, id, last_updated, link) VALUES (0, 57874, 98095, 140305, '2011-01-18 16:23:37.789736+00', 22986);
INSERT INTO l_artist_url (edits_pending, entity0, entity1, id, last_updated, link) VALUES (0, 100300, 203616, 46765, '2011-01-18 16:23:37.789736+00', 22986);
INSERT INTO l_artist_url (edits_pending, entity0, entity1, id, last_updated, link) VALUES (0, 199379, 93917, 145010, '2011-01-18 16:23:37.789736+00', 22986);
INSERT INTO l_artist_url (edits_pending, entity0, entity1, id, last_updated, link) VALUES (0, 199379, 447789, 168990, '2011-01-18 16:23:37.789736+00', 22987);
INSERT INTO l_artist_url (edits_pending, entity0, entity1, id, last_updated, link) VALUES (0, 199379, 447788, 168835, '2011-01-18 16:23:37.789736+00', 22989);
INSERT INTO l_artist_url (edits_pending, entity0, entity1, id, last_updated, link) VALUES (0, 199379, 663949, 110447, '2011-01-18 16:23:37.789736+00', 22994);
INSERT INTO l_artist_url (edits_pending, entity0, entity1, id, last_updated, link) VALUES (0, 273135, 215816, 45846, '2011-01-18 16:23:37.789736+00', 22986);
INSERT INTO l_artist_url (edits_pending, entity0, entity1, id, last_updated, link) VALUES (0, 9496, 537138, 71062, '2011-01-18 16:23:37.789736+00', 22987);
INSERT INTO l_artist_url (edits_pending, entity0, entity1, id, last_updated, link) VALUES (0, 9496, 13742, 216914, '2011-01-18 16:23:37.789736+00', 22989);
INSERT INTO l_artist_url (edits_pending, entity0, entity1, id, last_updated, link) VALUES (0, 9496, 205022, 45705, '2011-01-18 16:23:37.789736+00', 22989);
INSERT INTO l_artist_url (edits_pending, entity0, entity1, id, last_updated, link) VALUES (0, 9496, 455886, 267803, '2011-01-18 16:23:37.789736+00', 22989);
INSERT INTO l_artist_url (edits_pending, entity0, entity1, id, last_updated, link) VALUES (0, 9496, 13741, 214353, '2011-01-18 16:23:37.789736+00', 22990);
INSERT INTO l_artist_url (edits_pending, entity0, entity1, id, last_updated, link) VALUES (0, 9496, 205030, 45703, '2011-01-18 16:23:37.789736+00', 22990);
INSERT INTO l_artist_url (edits_pending, entity0, entity1, id, last_updated, link) VALUES (0, 9496, 537139, 71219, '2011-01-18 16:23:37.789736+00', 22990);
INSERT INTO l_artist_url (edits_pending, entity0, entity1, id, last_updated, link) VALUES (0, 9496, 729251, 180605, '2011-01-18 16:23:37.789736+00', 22992);
INSERT INTO l_artist_url (edits_pending, entity0, entity1, id, last_updated, link) VALUES (0, 9496, 729246, 180131, '2011-01-18 16:23:37.789736+00', 22993);
INSERT INTO l_artist_url (edits_pending, entity0, entity1, id, last_updated, link) VALUES (0, 135345, 30977, 196119, '2011-01-18 16:23:37.789736+00', 22986);
INSERT INTO l_artist_url (edits_pending, entity0, entity1, id, last_updated, link) VALUES (0, 135345, 14419, 214536, '2011-01-18 16:23:37.789736+00', 22989);
INSERT INTO l_artist_url (edits_pending, entity0, entity1, id, last_updated, link) VALUES (0, 135345, 151929, 92855, '2011-01-18 16:23:37.789736+00', 22989);
INSERT INTO l_artist_url (edits_pending, entity0, entity1, id, last_updated, link) VALUES (0, 135345, 14418, 214374, '2011-01-18 16:23:37.789736+00', 22990);
INSERT INTO l_artist_url (edits_pending, entity0, entity1, id, last_updated, link) VALUES (0, 135345, 149960, 94885, '2011-01-18 16:23:37.789736+00', 22990);
INSERT INTO l_artist_url (edits_pending, entity0, entity1, id, last_updated, link) VALUES (0, 388, 8720, 224349, '2011-01-18 16:23:37.789736+00', 22986);
INSERT INTO l_artist_url (edits_pending, entity0, entity1, id, last_updated, link) VALUES (0, 388, 314780, 61045, '2011-01-18 16:23:37.789736+00', 22988);
INSERT INTO l_artist_url (edits_pending, entity0, entity1, id, last_updated, link) VALUES (0, 388, 2734, 234696, '2011-01-18 16:23:37.789736+00', 22989);
INSERT INTO l_artist_url (edits_pending, entity0, entity1, id, last_updated, link) VALUES (0, 388, 425366, 237249, '2011-01-18 16:23:37.789736+00', 22991);
INSERT INTO l_artist_url (edits_pending, entity0, entity1, id, last_updated, link) VALUES (0, 388, 722912, 250565, '2011-01-18 16:23:37.789736+00', 22993);
INSERT INTO l_artist_url (edits_pending, entity0, entity1, id, last_updated, link) VALUES (0, 388, 755940, 159196, '2011-01-18 16:23:37.789736+00', 22993);
INSERT INTO l_artist_url (edits_pending, entity0, entity1, id, last_updated, link) VALUES (0, 388, 583587, 153073, '2011-01-18 16:23:37.789736+00', 22994);
INSERT INTO l_artist_url (edits_pending, entity0, entity1, id, last_updated, link) VALUES (0, 388, 4117, 228277, '2011-01-18 16:23:37.789736+00', 22999);
INSERT INTO l_artist_url (edits_pending, entity0, entity1, id, last_updated, link) VALUES (0, 388, 722911, 250721, '2011-01-18 16:23:37.789736+00', 23005);
INSERT INTO l_artist_url (edits_pending, entity0, entity1, id, last_updated, link) VALUES (0, 388, 2414, 253817, '2011-01-18 16:23:37.789736+00', 23198);
INSERT INTO l_artist_url (edits_pending, entity0, entity1, id, last_updated, link) VALUES (0, 199821, 151, 239050, '2011-01-18 16:23:37.789736+00', 22990);
INSERT INTO l_artist_url (edits_pending, entity0, entity1, id, last_updated, link) VALUES (0, 22492, 164731, 82996, '2011-01-18 16:23:37.789736+00', 22986);
INSERT INTO l_artist_url (edits_pending, entity0, entity1, id, last_updated, link) VALUES (0, 22492, 164730, 85077, '2011-01-18 16:23:37.789736+00', 22988);
INSERT INTO l_artist_url (edits_pending, entity0, entity1, id, last_updated, link) VALUES (0, 22492, 13319, 218571, '2011-01-18 16:23:37.789736+00', 22989);
INSERT INTO l_artist_url (edits_pending, entity0, entity1, id, last_updated, link) VALUES (0, 22492, 164732, 82979, '2011-01-18 16:23:37.789736+00', 22990);
INSERT INTO l_artist_url (edits_pending, entity0, entity1, id, last_updated, link) VALUES (0, 22492, 584827, 282401, '2011-01-18 16:23:37.789736+00', 22994);
INSERT INTO l_artist_url (edits_pending, entity0, entity1, id, last_updated, link) VALUES (0, 11545, 151489, 95185, '2011-01-18 16:23:37.789736+00', 22986);
INSERT INTO l_artist_url (edits_pending, entity0, entity1, id, last_updated, link) VALUES (0, 11545, 151485, 94596, '2011-01-18 16:23:37.789736+00', 22989);
INSERT INTO l_artist_url (edits_pending, entity0, entity1, id, last_updated, link) VALUES (0, 398438, 132657, 82166, '2011-01-18 16:23:37.789736+00', 22986);
INSERT INTO l_artist_url (edits_pending, entity0, entity1, id, last_updated, link) VALUES (0, 398438, 132428, 109121, '2011-01-18 16:23:37.789736+00', 22990);
INSERT INTO l_artist_url (edits_pending, entity0, entity1, id, last_updated, link) VALUES (0, 9772, 28273, 196412, '2011-01-18 16:23:37.789736+00', 22986);
INSERT INTO l_artist_url (edits_pending, entity0, entity1, id, last_updated, link) VALUES (0, 9772, 329915, 37002, '2011-01-18 16:23:37.789736+00', 22989);
INSERT INTO l_artist_url (edits_pending, entity0, entity1, id, last_updated, link) VALUES (0, 283833, 24048, 201534, '2011-01-18 16:23:37.789736+00', 22990);
INSERT INTO l_artist_url (edits_pending, entity0, entity1, id, last_updated, link) VALUES (0, 427385, 181389, 69567, '2011-01-18 16:23:37.789736+00', 22986);
INSERT INTO l_artist_url (edits_pending, entity0, entity1, id, last_updated, link) VALUES (0, 427385, 670179, 36743, '2011-01-18 16:23:37.789736+00', 22987);
INSERT INTO l_artist_url (edits_pending, entity0, entity1, id, last_updated, link) VALUES (0, 427385, 670181, 37052, '2011-01-18 16:23:37.789736+00', 22989);
INSERT INTO l_artist_url (edits_pending, entity0, entity1, id, last_updated, link) VALUES (0, 427385, 670180, 36870, '2011-01-18 16:23:37.789736+00', 22998);
INSERT INTO l_artist_url (edits_pending, entity0, entity1, id, last_updated, link) VALUES (0, 779, 4576, 233255, '2011-01-18 16:23:37.789736+00', 22986);
INSERT INTO l_artist_url (edits_pending, entity0, entity1, id, last_updated, link) VALUES (0, 779, 315339, 109146, '2011-01-18 16:23:37.789736+00', 22987);
INSERT INTO l_artist_url (edits_pending, entity0, entity1, id, last_updated, link) VALUES (0, 779, 315341, 109459, '2011-01-18 16:23:37.789736+00', 22988);
INSERT INTO l_artist_url (edits_pending, entity0, entity1, id, last_updated, link) VALUES (0, 779, 862, 238737, '2011-01-18 16:23:37.789736+00', 22989);
INSERT INTO l_artist_url (edits_pending, entity0, entity1, id, last_updated, link) VALUES (0, 779, 5017, 228777, '2011-01-18 16:23:37.789736+00', 22989);
INSERT INTO l_artist_url (edits_pending, entity0, entity1, id, last_updated, link) VALUES (0, 779, 845, 238299, '2011-01-18 16:23:37.789736+00', 22990);
INSERT INTO l_artist_url (edits_pending, entity0, entity1, id, last_updated, link) VALUES (0, 779, 4577, 233469, '2011-01-18 16:23:37.789736+00', 22993);
INSERT INTO l_artist_url (edits_pending, entity0, entity1, id, last_updated, link) VALUES (0, 779, 583417, 133397, '2011-01-18 16:23:37.789736+00', 22994);
INSERT INTO l_artist_url (edits_pending, entity0, entity1, id, last_updated, link) VALUES (0, 779, 6731, 229674, '2011-01-18 16:23:37.789736+00', 22999);
INSERT INTO l_artist_url (edits_pending, entity0, entity1, id, last_updated, link) VALUES (0, 779, 823931, 303311, '2011-01-18 16:23:37.789736+00', 23007);
INSERT INTO l_artist_url (edits_pending, entity0, entity1, id, last_updated, link) VALUES (0, 779, 315340, 109304, '2011-01-18 16:23:37.789736+00', 23008);
INSERT INTO l_artist_url (edits_pending, entity0, entity1, id, last_updated, link) VALUES (0, 180273, 415041, 247653, '2011-01-18 16:23:37.789736+00', 22986);
INSERT INTO l_artist_url (edits_pending, entity0, entity1, id, last_updated, link) VALUES (0, 242, 12091, 219221, '2011-01-18 16:23:37.789736+00', 22986);
INSERT INTO l_artist_url (edits_pending, entity0, entity1, id, last_updated, link) VALUES (0, 242, 293562, 268950, '2011-01-18 16:23:37.789736+00', 22987);
INSERT INTO l_artist_url (edits_pending, entity0, entity1, id, last_updated, link) VALUES (0, 242, 546974, 275820, '2011-01-18 16:23:37.789736+00', 22988);
INSERT INTO l_artist_url (edits_pending, entity0, entity1, id, last_updated, link) VALUES (0, 242, 2943, 234381, '2011-01-18 16:23:37.789736+00', 22989);
INSERT INTO l_artist_url (edits_pending, entity0, entity1, id, last_updated, link) VALUES (0, 242, 567, 239389, '2011-01-18 16:23:37.789736+00', 22990);
INSERT INTO l_artist_url (edits_pending, entity0, entity1, id, last_updated, link) VALUES (0, 242, 17013, 212368, '2011-01-18 16:23:37.789736+00', 22990);
INSERT INTO l_artist_url (edits_pending, entity0, entity1, id, last_updated, link) VALUES (0, 242, 76927, 153908, '2011-01-18 16:23:37.789736+00', 22990);
INSERT INTO l_artist_url (edits_pending, entity0, entity1, id, last_updated, link) VALUES (0, 242, 583680, 163538, '2011-01-18 16:23:37.789736+00', 22994);
INSERT INTO l_artist_url (edits_pending, entity0, entity1, id, last_updated, link) VALUES (0, 242, 3905, 227845, '2011-01-18 16:23:37.789736+00', 22999);
INSERT INTO l_artist_url (edits_pending, entity0, entity1, id, last_updated, link) VALUES (0, 242, 759131, 256572, '2011-01-18 16:23:37.789736+00', 23004);
INSERT INTO l_artist_url (edits_pending, entity0, entity1, id, last_updated, link) VALUES (0, 242, 759135, 256254, '2011-01-18 16:23:37.789736+00', 23004);
INSERT INTO l_artist_url (edits_pending, entity0, entity1, id, last_updated, link) VALUES (0, 242, 759133, 256416, '2011-01-18 16:23:37.789736+00', 23007);
INSERT INTO l_artist_url (edits_pending, entity0, entity1, id, last_updated, link) VALUES (0, 242, 546973, 275968, '2011-01-18 16:23:37.789736+00', 23008);

INSERT INTO l_artist_work (edits_pending, entity0, entity1, id, last_updated, link) VALUES (0, 427385, 7905446, 1117124, '2013-04-02 17:42:38.063723+00', 1123780);

INSERT INTO l_recording_recording (edits_pending, entity0, entity1, id, last_updated, link) VALUES (0, 4223059, 4223061, 37160, '2011-01-18 15:56:00.408782+00', 23805);
INSERT INTO l_recording_recording (edits_pending, entity0, entity1, id, last_updated, link) VALUES (0, 2726271, 1462891, 53211, '2011-01-18 15:56:00.408782+00', 23799);

INSERT INTO l_recording_release (edits_pending, entity0, entity1, id, last_updated, link) VALUES (0, 7905440, 459740, 1, '2011-01-18 15:56:00.408782+00', 6059);

INSERT INTO l_recording_work (edits_pending, entity0, entity1, id, last_updated, link) VALUES (0, 7905446, 7905446, 43140, '2011-01-18 16:15:33.876477+00', 23865);
INSERT INTO l_recording_work (edits_pending, entity0, entity1, id, last_updated, link) VALUES (0, 4223061, 4223059, 60649, '2011-01-18 16:15:33.876477+00', 23865);
INSERT INTO l_recording_work (edits_pending, entity0, entity1, id, last_updated, link) VALUES (0, 1542682, 1542682, 239469, '2011-01-18 16:15:33.876477+00', 23865);
INSERT INTO l_recording_work (edits_pending, entity0, entity1, id, last_updated, link) VALUES (0, 1542684, 1542684, 76476, '2011-01-18 16:15:33.876477+00', 23865);
INSERT INTO l_recording_work (edits_pending, entity0, entity1, id, last_updated, link) VALUES (0, 7905443, 7905443, 186752, '2011-01-18 16:15:33.876477+00', 23865);
INSERT INTO l_recording_work (edits_pending, entity0, entity1, id, last_updated, link) VALUES (0, 7905441, 7905441, 263470, '2011-01-18 16:15:33.876477+00', 23865);
INSERT INTO l_recording_work (edits_pending, entity0, entity1, id, last_updated, link) VALUES (0, 162926, 162926, 265759, '2011-01-18 16:15:33.876477+00', 23865);
INSERT INTO l_recording_work (edits_pending, entity0, entity1, id, last_updated, link) VALUES (0, 1542685, 1542685, 145893, '2011-01-18 16:15:33.876477+00', 23865);
INSERT INTO l_recording_work (edits_pending, entity0, entity1, id, last_updated, link) VALUES (0, 3622825, 3622825, 73089, '2011-01-18 16:15:33.876477+00', 23865);
INSERT INTO l_recording_work (edits_pending, entity0, entity1, id, last_updated, link) VALUES (0, 1307406, 1307406, 107026, '2011-01-18 16:15:33.876477+00', 23865);
INSERT INTO l_recording_work (edits_pending, entity0, entity1, id, last_updated, link) VALUES (0, 3451975, 3451975, 257745, '2011-01-18 16:15:33.876477+00', 23865);
INSERT INTO l_recording_work (edits_pending, entity0, entity1, id, last_updated, link) VALUES (0, 3622823, 3622823, 41700, '2011-01-18 16:15:33.876477+00', 23865);
INSERT INTO l_recording_work (edits_pending, entity0, entity1, id, last_updated, link) VALUES (0, 1542691, 1542691, 116653, '2011-01-18 16:15:33.876477+00', 23865);
INSERT INTO l_recording_work (edits_pending, entity0, entity1, id, last_updated, link) VALUES (0, 4223059, 4223059, 83730, '2011-01-18 16:15:33.876477+00', 23865);
INSERT INTO l_recording_work (edits_pending, entity0, entity1, id, last_updated, link) VALUES (0, 162924, 162924, 237367, '2011-01-18 16:15:33.876477+00', 23865);
INSERT INTO l_recording_work (edits_pending, entity0, entity1, id, last_updated, link) VALUES (0, 1542690, 1542690, 35331, '2011-01-18 16:15:33.876477+00', 23865);
INSERT INTO l_recording_work (edits_pending, entity0, entity1, id, last_updated, link) VALUES (0, 7905439, 7905439, 123565, '2011-01-18 16:15:33.876477+00', 23865);
INSERT INTO l_recording_work (edits_pending, entity0, entity1, id, last_updated, link) VALUES (0, 7905445, 7905445, 248093, '2011-01-18 16:15:33.876477+00', 23865);
INSERT INTO l_recording_work (edits_pending, entity0, entity1, id, last_updated, link) VALUES (0, 1542688, 1542688, 169875, '2011-01-18 16:15:33.876477+00', 23865);
INSERT INTO l_recording_work (edits_pending, entity0, entity1, id, last_updated, link) VALUES (0, 4525123, 4525123, 186192, '2011-01-18 16:15:33.876477+00', 23865);
INSERT INTO l_recording_work (edits_pending, entity0, entity1, id, last_updated, link) VALUES (0, 2726271, 2726271, 145497, '2011-01-18 16:15:33.876477+00', 23865);
INSERT INTO l_recording_work (edits_pending, entity0, entity1, id, last_updated, link) VALUES (0, 162922, 162922, 32868, '2011-01-18 16:15:33.876477+00', 23865);
INSERT INTO l_recording_work (edits_pending, entity0, entity1, id, last_updated, link) VALUES (0, 3622831, 3622831, 255365, '2011-01-18 16:15:33.876477+00', 23865);
INSERT INTO l_recording_work (edits_pending, entity0, entity1, id, last_updated, link) VALUES (0, 4844122, 1353887, 102645, '2011-01-18 16:15:33.876477+00', 23865);
INSERT INTO l_recording_work (edits_pending, entity0, entity1, id, last_updated, link) VALUES (0, 3451976, 3451976, 126513, '2011-01-18 16:15:33.876477+00', 23865);
INSERT INTO l_recording_work (edits_pending, entity0, entity1, id, last_updated, link) VALUES (0, 7905442, 7905442, 56348, '2011-01-18 16:15:33.876477+00', 23865);
INSERT INTO l_recording_work (edits_pending, entity0, entity1, id, last_updated, link) VALUES (0, 3622828, 3622828, 71959, '2011-01-18 16:15:33.876477+00', 23865);
INSERT INTO l_recording_work (edits_pending, entity0, entity1, id, last_updated, link) VALUES (0, 1353886, 1353886, 256888, '2011-01-18 16:15:33.876477+00', 23865);
INSERT INTO l_recording_work (edits_pending, entity0, entity1, id, last_updated, link) VALUES (0, 3584195, 3584195, 163067, '2011-01-18 16:15:33.876477+00', 23865);
INSERT INTO l_recording_work (edits_pending, entity0, entity1, id, last_updated, link) VALUES (0, 2726278, 2726278, 226592, '2011-01-18 16:15:33.876477+00', 23865);
INSERT INTO l_recording_work (edits_pending, entity0, entity1, id, last_updated, link) VALUES (0, 2726280, 2726280, 242615, '2011-01-18 16:15:33.876477+00', 23865);
INSERT INTO l_recording_work (edits_pending, entity0, entity1, id, last_updated, link) VALUES (0, 1542686, 1542686, 274154, '2011-01-18 16:15:33.876477+00', 23865);
INSERT INTO l_recording_work (edits_pending, entity0, entity1, id, last_updated, link) VALUES (0, 2726276, 2726276, 255756, '2011-01-18 16:15:33.876477+00', 23865);
INSERT INTO l_recording_work (edits_pending, entity0, entity1, id, last_updated, link) VALUES (0, 1062699, 203492, 223131, '2011-01-18 16:15:33.876477+00', 23865);
INSERT INTO l_recording_work (edits_pending, entity0, entity1, id, last_updated, link) VALUES (0, 1542683, 1542683, 120208, '2011-01-18 16:15:33.876477+00', 23865);
INSERT INTO l_recording_work (edits_pending, entity0, entity1, id, last_updated, link) VALUES (0, 3622826, 3622826, 51390, '2011-01-18 16:15:33.876477+00', 23865);
INSERT INTO l_recording_work (edits_pending, entity0, entity1, id, last_updated, link) VALUES (0, 162923, 162923, 72207, '2011-01-18 16:15:33.876477+00', 23865);
INSERT INTO l_recording_work (edits_pending, entity0, entity1, id, last_updated, link) VALUES (0, 160074, 162920, 180364, '2011-01-18 16:15:33.876477+00', 23865);
INSERT INTO l_recording_work (edits_pending, entity0, entity1, id, last_updated, link) VALUES (0, 162925, 162925, 13295, '2011-01-18 16:15:33.876477+00', 23865);
INSERT INTO l_recording_work (edits_pending, entity0, entity1, id, last_updated, link) VALUES (0, 7905440, 7905440, 102181, '2011-01-18 16:15:33.876477+00', 23865);
INSERT INTO l_recording_work (edits_pending, entity0, entity1, id, last_updated, link) VALUES (0, 2726272, 2726272, 53184, '2011-01-18 16:15:33.876477+00', 23865);
INSERT INTO l_recording_work (edits_pending, entity0, entity1, id, last_updated, link) VALUES (0, 3622830, 3622830, 30381, '2011-01-18 16:15:33.876477+00', 23865);
INSERT INTO l_recording_work (edits_pending, entity0, entity1, id, last_updated, link) VALUES (0, 3622827, 3622827, 243421, '2011-01-18 16:15:33.876477+00', 23865);
INSERT INTO l_recording_work (edits_pending, entity0, entity1, id, last_updated, link) VALUES (0, 1542687, 1542687, 151402, '2011-01-18 16:15:33.876477+00', 23865);
INSERT INTO l_recording_work (edits_pending, entity0, entity1, id, last_updated, link) VALUES (0, 2726281, 2726281, 251750, '2011-01-18 16:15:33.876477+00', 23865);
INSERT INTO l_recording_work (edits_pending, entity0, entity1, id, last_updated, link) VALUES (0, 1542689, 1542689, 60385, '2011-01-18 16:15:33.876477+00', 23865);
INSERT INTO l_recording_work (edits_pending, entity0, entity1, id, last_updated, link) VALUES (0, 4844121, 203493, 208511, '2011-01-18 16:15:33.876477+00', 23865);
INSERT INTO l_recording_work (edits_pending, entity0, entity1, id, last_updated, link) VALUES (0, 4223060, 4223060, 172361, '2011-01-18 16:15:33.876477+00', 23865);
INSERT INTO l_recording_work (edits_pending, entity0, entity1, id, last_updated, link) VALUES (0, 2726274, 2726274, 228828, '2011-01-18 16:15:33.876477+00', 23865);
INSERT INTO l_recording_work (edits_pending, entity0, entity1, id, last_updated, link) VALUES (0, 4844123, 1353888, 218392, '2011-01-18 16:15:33.876477+00', 23865);
INSERT INTO l_recording_work (edits_pending, entity0, entity1, id, last_updated, link) VALUES (0, 3622822, 3622822, 2172, '2011-01-18 16:15:33.876477+00', 23865);
INSERT INTO l_recording_work (edits_pending, entity0, entity1, id, last_updated, link) VALUES (0, 162927, 162927, 245715, '2011-01-18 16:15:33.876477+00', 23865);
INSERT INTO l_recording_work (edits_pending, entity0, entity1, id, last_updated, link) VALUES (0, 3584196, 3584196, 249614, '2011-01-18 16:15:33.876477+00', 23865);
INSERT INTO l_recording_work (edits_pending, entity0, entity1, id, last_updated, link) VALUES (0, 3584196, 3622832, 99903, '2011-01-18 16:15:33.876477+00', 23865);
INSERT INTO l_recording_work (edits_pending, entity0, entity1, id, last_updated, link) VALUES (0, 162921, 162921, 207495, '2011-01-18 16:15:33.876477+00', 23865);
INSERT INTO l_recording_work (edits_pending, entity0, entity1, id, last_updated, link) VALUES (0, 2726275, 211564, 8120, '2011-01-18 16:15:33.876477+00', 23865);
INSERT INTO l_recording_work (edits_pending, entity0, entity1, id, last_updated, link) VALUES (0, 2726277, 2726277, 230405, '2011-01-18 16:15:33.876477+00', 23865);

INSERT INTO l_release_group_url (edits_pending, entity0, entity1, id, last_updated, link) VALUES (0, 403214, 615313, 4356, '2011-01-18 16:23:37.789736+00', 6067);
INSERT INTO l_release_group_url (edits_pending, entity0, entity1, id, last_updated, link) VALUES (0, 403214, 615327, 4613, '2011-01-18 16:23:37.789736+00', 6067);
INSERT INTO l_release_group_url (edits_pending, entity0, entity1, id, last_updated, link) VALUES (0, 155364, 151488, 35912, '2011-01-18 16:23:37.789736+00', 6067);
INSERT INTO l_release_group_url (edits_pending, entity0, entity1, id, last_updated, link) VALUES (0, 87135, 525896, 36214, '2011-01-18 16:23:37.789736+00', 6067);
INSERT INTO l_release_group_url (edits_pending, entity0, entity1, id, last_updated, link) VALUES (0, 724150, 118623, 40271, '2011-01-18 16:23:37.789736+00', 6067);
INSERT INTO l_release_group_url (edits_pending, entity0, entity1, id, last_updated, link) VALUES (0, 326504, 263365, 149, '2011-01-18 16:23:37.789736+00', 6067);
INSERT INTO l_release_group_url (edits_pending, entity0, entity1, id, last_updated, link) VALUES (0, 326504, 639380, 4774, '2011-01-18 16:23:37.789736+00', 6067);
INSERT INTO l_release_group_url (edits_pending, entity0, entity1, id, last_updated, link) VALUES (0, 326504, 639381, 4913, '2011-01-18 16:23:37.789736+00', 6073);
INSERT INTO l_release_group_url (edits_pending, entity0, entity1, id, last_updated, link) VALUES (0, 47743, 148612, 37131, '2011-01-18 16:23:37.789736+00', 6067);
INSERT INTO l_release_group_url (edits_pending, entity0, entity1, id, last_updated, link) VALUES (0, 18759, 8714, 45144, '2011-01-18 16:23:37.789736+00', 6067);

INSERT INTO l_release_release (edits_pending, entity0, entity1, id, last_updated, link) VALUES (0, 49161, 123054, 4671, '2011-01-18 15:52:02.917556+00', 4);
INSERT INTO l_release_release (edits_pending, entity0, entity1, id, last_updated, link) VALUES (0, 558940, 4675, 23136, '2011-01-18 15:52:02.917556+00', 4);
INSERT INTO l_release_release (edits_pending, entity0, entity1, id, last_updated, link) VALUES (0, 59312, 4675, 23137, '2011-01-18 15:52:02.917556+00', 4);

INSERT INTO l_release_url (edits_pending, entity0, entity1, id, last_updated, link) VALUES (0, 596488, 718203, 317263, '2011-01-18 16:23:37.789736+00', 6065);
INSERT INTO l_release_url (edits_pending, entity0, entity1, id, last_updated, link) VALUES (0, 601118, 198087, 187319, '2011-01-18 16:23:37.789736+00', 6064);
INSERT INTO l_release_url (edits_pending, entity0, entity1, id, last_updated, link) VALUES (0, 601118, 431688, 75387, '2011-01-18 16:23:37.789736+00', 6065);
INSERT INTO l_release_url (edits_pending, entity0, entity1, id, last_updated, link) VALUES (0, 601118, 672191, 271892, '2011-01-18 16:23:37.789736+00', 6065);
INSERT INTO l_release_url (edits_pending, entity0, entity1, id, last_updated, link) VALUES (0, 601118, 727332, 256226, '2011-01-18 16:23:37.789736+00', 6065);
INSERT INTO l_release_url (edits_pending, entity0, entity1, id, last_updated, link) VALUES (0, 400930, 415535, 413582, '2011-01-18 16:23:37.789736+00', 6064);
INSERT INTO l_release_url (edits_pending, entity0, entity1, id, last_updated, link) VALUES (0, 400930, 415537, 414387, '2011-01-18 16:23:37.789736+00', 6065);
INSERT INTO l_release_url (edits_pending, entity0, entity1, id, last_updated, link) VALUES (0, 596489, 718203, 317264, '2011-01-18 16:23:37.789736+00', 6065);
INSERT INTO l_release_url (edits_pending, entity0, entity1, id, last_updated, link) VALUES (0, 372913, 336227, 367851, '2011-01-18 16:23:37.789736+00', 6065);
INSERT INTO l_release_url (edits_pending, entity0, entity1, id, last_updated, link) VALUES (0, 596492, 718203, 317267, '2011-01-18 16:23:37.789736+00', 6065);
INSERT INTO l_release_url (edits_pending, entity0, entity1, id, last_updated, link) VALUES (0, 630919, 431688, 75394, '2011-01-18 16:23:37.789736+00', 6065);
INSERT INTO l_release_url (edits_pending, entity0, entity1, id, last_updated, link) VALUES (0, 630919, 672191, 271899, '2011-01-18 16:23:37.789736+00', 6065);
INSERT INTO l_release_url (edits_pending, entity0, entity1, id, last_updated, link) VALUES (0, 630919, 727332, 256233, '2011-01-18 16:23:37.789736+00', 6065);
INSERT INTO l_release_url (edits_pending, entity0, entity1, id, last_updated, link) VALUES (0, 479654, 431688, 75395, '2011-01-18 16:23:37.789736+00', 6065);
INSERT INTO l_release_url (edits_pending, entity0, entity1, id, last_updated, link) VALUES (0, 479654, 672191, 271900, '2011-01-18 16:23:37.789736+00', 6065);
INSERT INTO l_release_url (edits_pending, entity0, entity1, id, last_updated, link) VALUES (0, 479654, 727332, 256234, '2011-01-18 16:23:37.789736+00', 6065);
INSERT INTO l_release_url (edits_pending, entity0, entity1, id, last_updated, link) VALUES (0, 446581, 748185, 227728, '2011-01-18 16:23:37.789736+00', 6064);
INSERT INTO l_release_url (edits_pending, entity0, entity1, id, last_updated, link) VALUES (0, 446581, 748186, 227877, '2011-01-18 16:23:37.789736+00', 6065);
INSERT INTO l_release_url (edits_pending, entity0, entity1, id, last_updated, link) VALUES (0, 361465, 323033, 7868, '2011-01-18 16:23:37.789736+00', 6065);
INSERT INTO l_release_url (edits_pending, entity0, entity1, id, last_updated, link) VALUES (0, 442242, 464482, 93030, '2011-01-18 16:23:37.789736+00', 6064);
INSERT INTO l_release_url (edits_pending, entity0, entity1, id, last_updated, link) VALUES (0, 19969, 219565, 143706, '2011-01-18 16:23:37.789736+00', 6064);
INSERT INTO l_release_url (edits_pending, entity0, entity1, id, last_updated, link) VALUES (0, 19969, 219569, 143553, '2011-01-18 16:23:37.789736+00', 6065);
INSERT INTO l_release_url (edits_pending, entity0, entity1, id, last_updated, link) VALUES (0, 19969, 293952, 105179, '2011-01-18 16:23:37.789736+00', 6065);
INSERT INTO l_release_url (edits_pending, entity0, entity1, id, last_updated, link) VALUES (0, 207481, 355925, 352360, '2011-01-18 16:23:37.789736+00', 6064);
INSERT INTO l_release_url (edits_pending, entity0, entity1, id, last_updated, link) VALUES (0, 207481, 718203, 317261, '2011-01-18 16:23:37.789736+00', 6065);
INSERT INTO l_release_url (edits_pending, entity0, entity1, id, last_updated, link) VALUES (0, 441328, 431688, 75389, '2011-01-18 16:23:37.789736+00', 6065);
INSERT INTO l_release_url (edits_pending, entity0, entity1, id, last_updated, link) VALUES (0, 441328, 672191, 271894, '2011-01-18 16:23:37.789736+00', 6065);
INSERT INTO l_release_url (edits_pending, entity0, entity1, id, last_updated, link) VALUES (0, 441328, 727332, 256228, '2011-01-18 16:23:37.789736+00', 6065);
INSERT INTO l_release_url (edits_pending, entity0, entity1, id, last_updated, link) VALUES (0, 24752, 151497, 308465, '2011-01-18 16:23:37.789736+00', 6065);
INSERT INTO l_release_url (edits_pending, entity0, entity1, id, last_updated, link) VALUES (0, 24752, 177282, 248391, '2011-01-18 16:23:37.789736+00', 6065);
INSERT INTO l_release_url (edits_pending, entity0, entity1, id, last_updated, link) VALUES (0, 24752, 366634, 367276, '2011-01-18 16:23:37.789736+00', 6064);
INSERT INTO l_release_url (edits_pending, entity0, entity1, id, last_updated, link) VALUES (0, 24752, 697220, 412426, '2011-01-18 16:23:37.789736+00', 6065);
INSERT INTO l_release_url (edits_pending, entity0, entity1, id, last_updated, link) VALUES (0, 329521, 283347, 431090, '2011-01-18 16:23:37.789736+00', 6065);
INSERT INTO l_release_url (edits_pending, entity0, entity1, id, last_updated, link) VALUES (0, 4675, 80267, 495908, '2011-01-18 16:23:37.789736+00', 6064);
INSERT INTO l_release_url (edits_pending, entity0, entity1, id, last_updated, link) VALUES (0, 238598, 172029, 262661, '2011-01-18 16:23:37.789736+00', 6065);
INSERT INTO l_release_url (edits_pending, entity0, entity1, id, last_updated, link) VALUES (0, 748905, 219569, 143555, '2011-01-18 16:23:37.789736+00', 6065);
INSERT INTO l_release_url (edits_pending, entity0, entity1, id, last_updated, link) VALUES (0, 748905, 293952, 105181, '2011-01-18 16:23:37.789736+00', 6065);
INSERT INTO l_release_url (edits_pending, entity0, entity1, id, last_updated, link) VALUES (0, 59662, 573314, 22747, '2011-01-18 16:23:37.789736+00', 6064);
INSERT INTO l_release_url (edits_pending, entity0, entity1, id, last_updated, link) VALUES (0, 31689, 219569, 143556, '2011-01-18 16:23:37.789736+00', 6065);
INSERT INTO l_release_url (edits_pending, entity0, entity1, id, last_updated, link) VALUES (0, 31689, 293952, 105182, '2011-01-18 16:23:37.789736+00', 6065);
INSERT INTO l_release_url (edits_pending, entity0, entity1, id, last_updated, link) VALUES (0, 580942, 718203, 317262, '2011-01-18 16:23:37.789736+00', 6065);
INSERT INTO l_release_url (edits_pending, entity0, entity1, id, last_updated, link) VALUES (0, 49161, 71412, 15028, '2011-01-18 16:23:37.789736+00', 6064);
INSERT INTO l_release_url (edits_pending, entity0, entity1, id, last_updated, link) VALUES (0, 32094, 148610, 322283, '2011-01-18 16:23:37.789736+00', 6065);
INSERT INTO l_release_url (edits_pending, entity0, entity1, id, last_updated, link) VALUES (0, 32094, 148611, 85985, '2011-01-18 16:23:37.789736+00', 6064);
INSERT INTO l_release_url (edits_pending, entity0, entity1, id, last_updated, link) VALUES (0, 32094, 612805, 122520, '2011-01-18 16:23:37.789736+00', 6076);
INSERT INTO l_release_url (edits_pending, entity0, entity1, id, last_updated, link) VALUES (0, 243064, 151497, 308463, '2011-01-18 16:23:37.789736+00', 6065);
INSERT INTO l_release_url (edits_pending, entity0, entity1, id, last_updated, link) VALUES (0, 243064, 177282, 248389, '2011-01-18 16:23:37.789736+00', 6065);
INSERT INTO l_release_url (edits_pending, entity0, entity1, id, last_updated, link) VALUES (0, 243064, 366634, 367275, '2011-01-18 16:23:37.789736+00', 6064);
INSERT INTO l_release_url (edits_pending, entity0, entity1, id, last_updated, link) VALUES (0, 243064, 697220, 412424, '2011-01-18 16:23:37.789736+00', 6065);
INSERT INTO l_release_url (edits_pending, entity0, entity1, id, last_updated, link) VALUES (0, 12998, 431688, 75393, '2011-01-18 16:23:37.789736+00', 6065);
INSERT INTO l_release_url (edits_pending, entity0, entity1, id, last_updated, link) VALUES (0, 12998, 672191, 271898, '2011-01-18 16:23:37.789736+00', 6065);
INSERT INTO l_release_url (edits_pending, entity0, entity1, id, last_updated, link) VALUES (0, 12998, 727332, 256232, '2011-01-18 16:23:37.789736+00', 6065);
INSERT INTO l_release_url (edits_pending, entity0, entity1, id, last_updated, link) VALUES (0, 278984, 198087, 187320, '2011-01-18 16:23:37.789736+00', 6064);
INSERT INTO l_release_url (edits_pending, entity0, entity1, id, last_updated, link) VALUES (0, 278984, 431688, 75388, '2011-01-18 16:23:37.789736+00', 6065);
INSERT INTO l_release_url (edits_pending, entity0, entity1, id, last_updated, link) VALUES (0, 278984, 672191, 271893, '2011-01-18 16:23:37.789736+00', 6065);
INSERT INTO l_release_url (edits_pending, entity0, entity1, id, last_updated, link) VALUES (0, 278984, 727332, 256227, '2011-01-18 16:23:37.789736+00', 6065);
INSERT INTO l_release_url (edits_pending, entity0, entity1, id, last_updated, link) VALUES (0, 375273, 132428, 191108, '2011-01-18 16:23:37.789736+00', 6066);
INSERT INTO l_release_url (edits_pending, entity0, entity1, id, last_updated, link) VALUES (0, 375273, 339078, 190583, '2011-01-18 16:23:37.789736+00', 6064);
INSERT INTO l_release_url (edits_pending, entity0, entity1, id, last_updated, link) VALUES (0, 375273, 339083, 191617, '2011-01-18 16:23:37.789736+00', 6077);
INSERT INTO l_release_url (edits_pending, entity0, entity1, id, last_updated, link) VALUES (0, 596490, 718203, 317265, '2011-01-18 16:23:37.789736+00', 6065);
INSERT INTO l_release_url (edits_pending, entity0, entity1, id, last_updated, link) VALUES (0, 654729, 151497, 308464, '2011-01-18 16:23:37.789736+00', 6065);
INSERT INTO l_release_url (edits_pending, entity0, entity1, id, last_updated, link) VALUES (0, 654729, 177282, 248390, '2011-01-18 16:23:37.789736+00', 6065);
INSERT INTO l_release_url (edits_pending, entity0, entity1, id, last_updated, link) VALUES (0, 654729, 697220, 412425, '2011-01-18 16:23:37.789736+00', 6065);
INSERT INTO l_release_url (edits_pending, entity0, entity1, id, last_updated, link) VALUES (0, 278075, 219569, 143551, '2011-01-18 16:23:37.789736+00', 6065);
INSERT INTO l_release_url (edits_pending, entity0, entity1, id, last_updated, link) VALUES (0, 278075, 293952, 105177, '2011-01-18 16:23:37.789736+00', 6065);
INSERT INTO l_release_url (edits_pending, entity0, entity1, id, last_updated, link) VALUES (0, 558940, 80267, 124990, '2011-01-18 16:23:37.789736+00', 6064);
INSERT INTO l_release_url (edits_pending, entity0, entity1, id, last_updated, link) VALUES (0, 59312, 81849, 499308, '2011-01-18 16:23:37.789736+00', 6064);
INSERT INTO l_release_url (edits_pending, entity0, entity1, id, last_updated, link) VALUES (0, 748906, 464482, 93031, '2011-01-18 16:23:37.789736+00', 6064);
INSERT INTO l_release_url (edits_pending, entity0, entity1, id, last_updated, link) VALUES (0, 31690, 219565, 143705, '2011-01-18 16:23:37.789736+00', 6064);
INSERT INTO l_release_url (edits_pending, entity0, entity1, id, last_updated, link) VALUES (0, 31690, 219569, 143552, '2011-01-18 16:23:37.789736+00', 6065);
INSERT INTO l_release_url (edits_pending, entity0, entity1, id, last_updated, link) VALUES (0, 31690, 293952, 105178, '2011-01-18 16:23:37.789736+00', 6065);
INSERT INTO l_release_url (edits_pending, entity0, entity1, id, last_updated, link) VALUES (0, 8312, 239030, 81086, '2011-01-18 16:23:37.789736+00', 6065);
INSERT INTO l_release_url (edits_pending, entity0, entity1, id, last_updated, link) VALUES (0, 8312, 345264, 337984, '2011-01-18 16:23:37.789736+00', 6064);
INSERT INTO l_release_url (edits_pending, entity0, entity1, id, last_updated, link) VALUES (0, 513103, 431688, 75390, '2011-01-18 16:23:37.789736+00', 6065);
INSERT INTO l_release_url (edits_pending, entity0, entity1, id, last_updated, link) VALUES (0, 513103, 672191, 271895, '2011-01-18 16:23:37.789736+00', 6065);
INSERT INTO l_release_url (edits_pending, entity0, entity1, id, last_updated, link) VALUES (0, 513103, 727332, 256229, '2011-01-18 16:23:37.789736+00', 6065);
INSERT INTO l_release_url (edits_pending, entity0, entity1, id, last_updated, link) VALUES (0, 596491, 718203, 317266, '2011-01-18 16:23:37.789736+00', 6065);
INSERT INTO l_release_url (edits_pending, entity0, entity1, id, last_updated, link) VALUES (0, 630918, 431688, 75396, '2011-01-18 16:23:37.789736+00', 6065);
INSERT INTO l_release_url (edits_pending, entity0, entity1, id, last_updated, link) VALUES (0, 630918, 672191, 271901, '2011-01-18 16:23:37.789736+00', 6065);
INSERT INTO l_release_url (edits_pending, entity0, entity1, id, last_updated, link) VALUES (0, 630918, 727332, 256235, '2011-01-18 16:23:37.789736+00', 6065);
INSERT INTO l_release_url (edits_pending, entity0, entity1, id, last_updated, link) VALUES (0, 523041, 431688, 75391, '2011-01-18 16:23:37.789736+00', 6065);
INSERT INTO l_release_url (edits_pending, entity0, entity1, id, last_updated, link) VALUES (0, 523041, 672191, 271896, '2011-01-18 16:23:37.789736+00', 6065);
INSERT INTO l_release_url (edits_pending, entity0, entity1, id, last_updated, link) VALUES (0, 523041, 727332, 256230, '2011-01-18 16:23:37.789736+00', 6065);
INSERT INTO l_release_url (edits_pending, entity0, entity1, id, last_updated, link) VALUES (0, 246898, 181390, 229435, '2011-01-18 16:23:37.789736+00', 6065);
INSERT INTO l_release_url (edits_pending, entity0, entity1, id, last_updated, link) VALUES (0, 246898, 197281, 175461, '2011-01-18 16:23:37.789736+00', 6064);
INSERT INTO l_release_url (edits_pending, entity0, entity1, id, last_updated, link) VALUES (0, 123054, 71412, 492344, '2011-01-18 16:23:37.789736+00', 6064);
INSERT INTO l_release_url (edits_pending, entity0, entity1, id, last_updated, link) VALUES (0, 338506, 219569, 143554, '2011-01-18 16:23:37.789736+00', 6065);
INSERT INTO l_release_url (edits_pending, entity0, entity1, id, last_updated, link) VALUES (0, 338506, 293951, 105029, '2011-01-18 16:23:37.789736+00', 6064);
INSERT INTO l_release_url (edits_pending, entity0, entity1, id, last_updated, link) VALUES (0, 338506, 293952, 105180, '2011-01-18 16:23:37.789736+00', 6065);
INSERT INTO l_release_url (edits_pending, entity0, entity1, id, last_updated, link) VALUES (0, 553372, 431688, 75392, '2011-01-18 16:23:37.789736+00', 6065);
INSERT INTO l_release_url (edits_pending, entity0, entity1, id, last_updated, link) VALUES (0, 553372, 672191, 271897, '2011-01-18 16:23:37.789736+00', 6065);
INSERT INTO l_release_url (edits_pending, entity0, entity1, id, last_updated, link) VALUES (0, 553372, 727332, 256231, '2011-01-18 16:23:37.789736+00', 6065);
INSERT INTO l_release_url (edits_pending, entity0, entity1, id, last_updated, link) VALUES (0, 672077, 718203, 317268, '2011-01-18 16:23:37.789736+00', 6065);
INSERT INTO l_release_url (edits_pending, entity0, entity1, id, last_updated, link) VALUES (0, 509518, 148610, 322284, '2011-01-18 16:23:37.789736+00', 6065);
INSERT INTO l_release_url (edits_pending, entity0, entity1, id, last_updated, link) VALUES (0, 509518, 612805, 122521, '2011-01-18 16:23:37.789736+00', 6076);
INSERT INTO l_release_url (edits_pending, entity0, entity1, id, last_updated, link) VALUES (0, 459740, 485359, 75581, '2011-01-18 16:23:37.789736+00', 6064);
INSERT INTO l_release_url (edits_pending, entity0, entity1, id, last_updated, link) VALUES (0, 459740, 493018, 148046, '2011-01-18 16:23:37.789736+00', 6070);
INSERT INTO l_release_url (edits_pending, entity0, entity1, id, last_updated, link) VALUES (0, 459740, 493020, 317798, '2011-01-18 16:23:37.789736+00', 6064);

INSERT INTO l_label_recording (edits_pending, entity0, entity1, id, last_updated, link) VALUES (0, 36456, 1062699, 989, '2011-01-18 15:56:00.408782+00', 23758);
INSERT INTO l_label_recording (edits_pending, entity0, entity1, id, last_updated, link) VALUES (0, 36456, 1353886, 288, '2011-01-18 15:56:00.408782+00', 23758);
INSERT INTO l_label_recording (edits_pending, entity0, entity1, id, last_updated, link) VALUES (0, 36456, 2726271, 993, '2011-01-18 15:56:00.408782+00', 23758);
INSERT INTO l_label_recording (edits_pending, entity0, entity1, id, last_updated, link) VALUES (0, 36456, 2726272, 983, '2011-01-18 15:56:00.408782+00', 23758);
INSERT INTO l_label_recording (edits_pending, entity0, entity1, id, last_updated, link) VALUES (0, 36456, 2726274, 985, '2011-01-18 15:56:00.408782+00', 23758);
INSERT INTO l_label_recording (edits_pending, entity0, entity1, id, last_updated, link) VALUES (0, 36456, 2726275, 43, '2011-01-18 15:56:00.408782+00', 23758);
INSERT INTO l_label_recording (edits_pending, entity0, entity1, id, last_updated, link) VALUES (0, 36456, 2726276, 995, '2011-01-18 15:56:00.408782+00', 23758);
INSERT INTO l_label_recording (edits_pending, entity0, entity1, id, last_updated, link) VALUES (0, 36456, 2726277, 987, '2011-01-18 15:56:00.408782+00', 23758);
INSERT INTO l_label_recording (edits_pending, entity0, entity1, id, last_updated, link) VALUES (0, 36456, 2726278, 1001, '2011-01-18 15:56:00.408782+00', 23758);
INSERT INTO l_label_recording (edits_pending, entity0, entity1, id, last_updated, link) VALUES (0, 36456, 2726280, 1003, '2011-01-18 15:56:00.408782+00', 23758);
INSERT INTO l_label_recording (edits_pending, entity0, entity1, id, last_updated, link) VALUES (0, 36456, 2726281, 991, '2011-01-18 15:56:00.408782+00', 23758);

INSERT INTO l_label_release (edits_pending, entity0, entity1, id, last_updated, link) VALUES (0, 33, 32094, 170, '2011-01-18 15:52:02.917556+00', 6012);
INSERT INTO l_label_release (edits_pending, entity0, entity1, id, last_updated, link) VALUES (0, 33, 509518, 171, '2011-01-18 15:52:02.917556+00', 6012);
INSERT INTO l_label_release (edits_pending, entity0, entity1, id, last_updated, link) VALUES (0, 395, 32094, 166, '2011-01-18 15:52:02.917556+00', 6012);
INSERT INTO l_label_release (edits_pending, entity0, entity1, id, last_updated, link) VALUES (0, 395, 509518, 167, '2011-01-18 15:52:02.917556+00', 6012);

INSERT INTO l_label_label (edits_pending, entity0, entity1, id, last_updated, link) VALUES (0, 33, 839, 3252, '2011-01-18 15:31:00.495651+00', 23367);
INSERT INTO l_label_label (edits_pending, entity0, entity1, id, last_updated, link) VALUES (0, 1949, 3545, 2182, '2011-01-18 15:31:00.495651+00', 23367);
INSERT INTO l_label_label (edits_pending, entity0, entity1, id, last_updated, link) VALUES (0, 15288, 2333, 2818, '2011-01-18 15:31:00.495651+00', 23622);
INSERT INTO l_label_label (edits_pending, entity0, entity1, id, last_updated, link) VALUES (0, 95, 132, 340, '2011-01-18 15:31:00.495651+00', 23403);
INSERT INTO l_label_label (edits_pending, entity0, entity1, id, last_updated, link) VALUES (0, 95, 9632, 999, '2011-01-18 15:31:00.495651+00', 23367);
INSERT INTO l_label_label (edits_pending, entity0, entity1, id, last_updated, link) VALUES (0, 95, 2988, 2484, '2011-01-18 15:31:00.495651+00', 23367);

INSERT INTO l_label_url (edits_pending, entity0, entity1, id, last_updated, link) VALUES (0, 124, 304383, 16552, '2011-01-18 16:23:37.789736+00', 23775);
INSERT INTO l_label_url (edits_pending, entity0, entity1, id, last_updated, link) VALUES (0, 124, 211986, 9156, '2011-01-18 16:23:37.789736+00', 23776);
INSERT INTO l_label_url (edits_pending, entity0, entity1, id, last_updated, link) VALUES (0, 124, 211985, 9157, '2011-01-18 16:23:37.789736+00', 23777);
INSERT INTO l_label_url (edits_pending, entity0, entity1, id, last_updated, link) VALUES (0, 124, 194146, 24952, '2011-01-18 16:23:37.789736+00', 23778);
INSERT INTO l_label_url (edits_pending, entity0, entity1, id, last_updated, link) VALUES (0, 33, 188096, 24026, '2011-01-18 16:23:37.789736+00', 23775);
INSERT INTO l_label_url (edits_pending, entity0, entity1, id, last_updated, link) VALUES (0, 33, 193591, 18376, '2011-01-18 16:23:37.789736+00', 23775);
INSERT INTO l_label_url (edits_pending, entity0, entity1, id, last_updated, link) VALUES (0, 33, 187469, 24966, '2011-01-18 16:23:37.789736+00', 23776);
INSERT INTO l_label_url (edits_pending, entity0, entity1, id, last_updated, link) VALUES (0, 33, 188095, 24025, '2011-01-18 16:23:37.789736+00', 23777);
INSERT INTO l_label_url (edits_pending, entity0, entity1, id, last_updated, link) VALUES (0, 33, 188115, 23244, '2011-01-18 16:23:37.789736+00', 23778);
INSERT INTO l_label_url (edits_pending, entity0, entity1, id, last_updated, link) VALUES (0, 33, 188097, 23226, '2011-01-18 16:23:37.789736+00', 23781);
INSERT INTO l_label_url (edits_pending, entity0, entity1, id, last_updated, link) VALUES (0, 1949, 447791, 6505, '2011-01-18 16:23:37.789736+00', 23776);
INSERT INTO l_label_url (edits_pending, entity0, entity1, id, last_updated, link) VALUES (0, 1949, 192299, 19632, '2011-01-18 16:23:37.789736+00', 23777);
INSERT INTO l_label_url (edits_pending, entity0, entity1, id, last_updated, link) VALUES (0, 1949, 192298, 19631, '2011-01-18 16:23:37.789736+00', 23778);
INSERT INTO l_label_url (edits_pending, entity0, entity1, id, last_updated, link) VALUES (0, 1949, 447790, 25391, '2011-01-18 16:23:37.789736+00', 23779);
INSERT INTO l_label_url (edits_pending, entity0, entity1, id, last_updated, link) VALUES (0, 839, 657961, 22713, '2011-01-18 16:23:37.789736+00', 23776);
INSERT INTO l_label_url (edits_pending, entity0, entity1, id, last_updated, link) VALUES (0, 839, 189173, 22559, '2011-01-18 16:23:37.789736+00', 23777);
INSERT INTO l_label_url (edits_pending, entity0, entity1, id, last_updated, link) VALUES (0, 839, 189172, 16838, '2011-01-18 16:23:37.789736+00', 23778);
INSERT INTO l_label_url (edits_pending, entity0, entity1, id, last_updated, link) VALUES (0, 839, 669770, 20215, '2011-01-18 16:23:37.789736+00', 23779);
INSERT INTO l_label_url (edits_pending, entity0, entity1, id, last_updated, link) VALUES (0, 347, 188281, 23045, '2011-01-18 16:23:37.789736+00', 23776);
INSERT INTO l_label_url (edits_pending, entity0, entity1, id, last_updated, link) VALUES (0, 347, 280534, 2035, '2011-01-18 16:23:37.789736+00', 23778);
INSERT INTO l_label_url (edits_pending, entity0, entity1, id, last_updated, link) VALUES (0, 288, 252353, 2809, '2011-01-18 16:23:37.789736+00', 23776);
INSERT INTO l_label_url (edits_pending, entity0, entity1, id, last_updated, link) VALUES (0, 288, 199936, 13394, '2011-01-18 16:23:37.789736+00', 23777);
INSERT INTO l_label_url (edits_pending, entity0, entity1, id, last_updated, link) VALUES (0, 288, 187944, 18203, '2011-01-18 16:23:37.789736+00', 23778);
INSERT INTO l_label_url (edits_pending, entity0, entity1, id, last_updated, link) VALUES (0, 288, 662311, 15063, '2011-01-18 16:23:37.789736+00', 23779);
INSERT INTO l_label_url (edits_pending, entity0, entity1, id, last_updated, link) VALUES (0, 3545, 197683, 14330, '2011-01-18 16:23:37.789736+00', 23778);
INSERT INTO l_label_url (edits_pending, entity0, entity1, id, last_updated, link) VALUES (0, 46, 272299, 22317, '2011-01-18 16:23:37.789736+00', 23776);
INSERT INTO l_label_url (edits_pending, entity0, entity1, id, last_updated, link) VALUES (0, 46, 188070, 18099, '2011-01-18 16:23:37.789736+00', 23777);
INSERT INTO l_label_url (edits_pending, entity0, entity1, id, last_updated, link) VALUES (0, 46, 576270, 20813, '2011-01-18 16:23:37.789736+00', 23777);
INSERT INTO l_label_url (edits_pending, entity0, entity1, id, last_updated, link) VALUES (0, 46, 188540, 22470, '2011-01-18 16:23:37.789736+00', 23778);
INSERT INTO l_label_url (edits_pending, entity0, entity1, id, last_updated, link) VALUES (0, 6553, 455097, 25314, '2011-01-18 16:23:37.789736+00', 23776);
INSERT INTO l_label_url (edits_pending, entity0, entity1, id, last_updated, link) VALUES (0, 6553, 217313, 8094, '2011-01-18 16:23:37.789736+00', 23777);
INSERT INTO l_label_url (edits_pending, entity0, entity1, id, last_updated, link) VALUES (0, 6553, 779346, 26043, '2011-01-18 16:23:37.789736+00', 23778);
INSERT INTO l_label_url (edits_pending, entity0, entity1, id, last_updated, link) VALUES (0, 8092, 228559, 6978, '2011-01-18 16:23:37.789736+00', 23777);
INSERT INTO l_label_url (edits_pending, entity0, entity1, id, last_updated, link) VALUES (0, 8092, 528577, 16281, '2011-01-18 16:23:37.789736+00', 23778);
INSERT INTO l_label_url (edits_pending, entity0, entity1, id, last_updated, link) VALUES (0, 3592, 337590, 15626, '2011-01-18 16:23:37.789736+00', 23775);
INSERT INTO l_label_url (edits_pending, entity0, entity1, id, last_updated, link) VALUES (0, 3592, 107027, 15774, '2011-01-18 16:23:37.789736+00', 23777);
INSERT INTO l_label_url (edits_pending, entity0, entity1, id, last_updated, link) VALUES (0, 3592, 312133, 15930, '2011-01-18 16:23:37.789736+00', 23778);
INSERT INTO l_label_url (edits_pending, entity0, entity1, id, last_updated, link) VALUES (0, 28, 196160, 14502, '2011-01-18 16:23:37.789736+00', 23776);
INSERT INTO l_label_url (edits_pending, entity0, entity1, id, last_updated, link) VALUES (0, 28, 188071, 17272, '2011-01-18 16:23:37.789736+00', 23777);
INSERT INTO l_label_url (edits_pending, entity0, entity1, id, last_updated, link) VALUES (0, 28, 187454, 25086, '2011-01-18 16:23:37.789736+00', 23778);
INSERT INTO l_label_url (edits_pending, entity0, entity1, id, last_updated, link) VALUES (0, 28, 543359, 12225, '2011-01-18 16:23:37.789736+00', 23782);
INSERT INTO l_label_url (edits_pending, entity0, entity1, id, last_updated, link) VALUES (0, 28, 716589, 18665, '2011-01-18 16:23:37.789736+00', 23785);
INSERT INTO l_label_url (edits_pending, entity0, entity1, id, last_updated, link) VALUES (0, 95, 250562, 2619, '2011-01-18 16:23:37.789736+00', 23775);
INSERT INTO l_label_url (edits_pending, entity0, entity1, id, last_updated, link) VALUES (0, 95, 188046, 23877, '2011-01-18 16:23:37.789736+00', 23776);
INSERT INTO l_label_url (edits_pending, entity0, entity1, id, last_updated, link) VALUES (0, 95, 188047, 23878, '2011-01-18 16:23:37.789736+00', 23777);
INSERT INTO l_label_url (edits_pending, entity0, entity1, id, last_updated, link) VALUES (0, 95, 192791, 19176, '2011-01-18 16:23:37.789736+00', 23778);
INSERT INTO l_label_url (edits_pending, entity0, entity1, id, last_updated, link) VALUES (0, 95, 198425, 25915, '2011-01-18 16:23:37.789736+00', 23778);
INSERT INTO l_label_url (edits_pending, entity0, entity1, id, last_updated, link) VALUES (0, 369, 210459, 9330, '2011-01-18 16:23:37.789736+00', 23776);
INSERT INTO l_label_url (edits_pending, entity0, entity1, id, last_updated, link) VALUES (0, 369, 210458, 9331, '2011-01-18 16:23:37.789736+00', 23777);
INSERT INTO l_label_url (edits_pending, entity0, entity1, id, last_updated, link) VALUES (0, 369, 575949, 19877, '2011-01-18 16:23:37.789736+00', 23778);
INSERT INTO l_label_url (edits_pending, entity0, entity1, id, last_updated, link) VALUES (0, 369, 716203, 27226, '2011-01-18 16:23:37.789736+00', 23785);
INSERT INTO l_label_url (edits_pending, entity0, entity1, id, last_updated, link) VALUES (0, 381, 272300, 22474, '2011-01-18 16:23:37.789736+00', 23776);
INSERT INTO l_label_url (edits_pending, entity0, entity1, id, last_updated, link) VALUES (0, 381, 344826, 1582, '2011-01-18 16:23:37.789736+00', 23776);
INSERT INTO l_label_url (edits_pending, entity0, entity1, id, last_updated, link) VALUES (0, 381, 344840, 2517, '2011-01-18 16:23:37.789736+00', 23778);
INSERT INTO l_label_url (edits_pending, entity0, entity1, id, last_updated, link) VALUES (0, 381, 827387, 27803, '2011-01-18 16:23:37.789736+00', 23780);
INSERT INTO l_label_url (edits_pending, entity0, entity1, id, last_updated, link) VALUES (0, 2333, 216602, 8547, '2011-01-18 16:23:37.789736+00', 23775);
INSERT INTO l_label_url (edits_pending, entity0, entity1, id, last_updated, link) VALUES (0, 2333, 227782, 7930, '2011-01-18 16:23:37.789736+00', 23776);
INSERT INTO l_label_url (edits_pending, entity0, entity1, id, last_updated, link) VALUES (0, 2333, 216601, 9363, '2011-01-18 16:23:37.789736+00', 23778);
INSERT INTO l_label_url (edits_pending, entity0, entity1, id, last_updated, link) VALUES (0, 3933, 483691, 13153, '2011-01-18 16:23:37.789736+00', 23775);
INSERT INTO l_label_url (edits_pending, entity0, entity1, id, last_updated, link) VALUES (0, 3933, 483688, 12996, '2011-01-18 16:23:37.789736+00', 23777);
INSERT INTO l_label_url (edits_pending, entity0, entity1, id, last_updated, link) VALUES (0, 3933, 483691, 13309, '2011-01-18 16:23:37.789736+00', 23780);
INSERT INTO l_label_url (edits_pending, entity0, entity1, id, last_updated, link) VALUES (0, 3933, 483703, 13464, '2011-01-18 16:23:37.789736+00', 23781);
INSERT INTO l_label_url (edits_pending, entity0, entity1, id, last_updated, link) VALUES (0, 395, 188140, 23558, '2011-01-18 16:23:37.789736+00', 23776);
INSERT INTO l_label_url (edits_pending, entity0, entity1, id, last_updated, link) VALUES (0, 395, 188141, 23559, '2011-01-18 16:23:37.789736+00', 23777);
INSERT INTO l_label_url (edits_pending, entity0, entity1, id, last_updated, link) VALUES (0, 395, 610808, 6780, '2011-01-18 16:23:37.789736+00', 23778);
INSERT INTO l_label_url (edits_pending, entity0, entity1, id, last_updated, link) VALUES (0, 395, 194658, 18840, '2011-01-18 16:23:37.789736+00', 23780);
INSERT INTO l_label_url (edits_pending, entity0, entity1, id, last_updated, link) VALUES (0, 395, 578123, 2407, '2011-01-18 16:23:37.789736+00', 23782);
INSERT INTO l_label_url (edits_pending, entity0, entity1, id, last_updated, link) VALUES (0, 2882, 194973, 15099, '2011-01-18 16:23:37.789736+00', 23776);
INSERT INTO l_label_url (edits_pending, entity0, entity1, id, last_updated, link) VALUES (0, 2882, 194976, 15096, '2011-01-18 16:23:37.789736+00', 23776);
INSERT INTO l_label_url (edits_pending, entity0, entity1, id, last_updated, link) VALUES (0, 2882, 445083, 13458, '2011-01-18 16:23:37.789736+00', 23777);
INSERT INTO l_label_url (edits_pending, entity0, entity1, id, last_updated, link) VALUES (0, 2882, 194975, 15097, '2011-01-18 16:23:37.789736+00', 23778);
INSERT INTO l_label_url (edits_pending, entity0, entity1, id, last_updated, link) VALUES (0, 132, 272431, 24660, '2011-01-18 16:23:37.789736+00', 23776);
INSERT INTO l_label_url (edits_pending, entity0, entity1, id, last_updated, link) VALUES (0, 132, 190240, 21503, '2011-01-18 16:23:37.789736+00', 23777);
INSERT INTO l_label_url (edits_pending, entity0, entity1, id, last_updated, link) VALUES (0, 132, 190234, 21498, '2011-01-18 16:23:37.789736+00', 23778);
INSERT INTO l_label_url (edits_pending, entity0, entity1, id, last_updated, link) VALUES (0, 132, 190241, 21504, '2011-01-18 16:23:37.789736+00', 23779);
INSERT INTO l_label_url (edits_pending, entity0, entity1, id, last_updated, link) VALUES (0, 4349, 458872, 20166, '2011-01-18 16:23:37.789736+00', 23775);
INSERT INTO l_label_url (edits_pending, entity0, entity1, id, last_updated, link) VALUES (0, 4349, 197521, 12756, '2011-01-18 16:23:37.789736+00', 23776);
INSERT INTO l_label_url (edits_pending, entity0, entity1, id, last_updated, link) VALUES (0, 4349, 201512, 13059, '2011-01-18 16:23:37.789736+00', 23777);
INSERT INTO l_label_url (edits_pending, entity0, entity1, id, last_updated, link) VALUES (0, 4349, 612649, 20975, '2011-01-18 16:23:37.789736+00', 23778);
INSERT INTO l_label_url (edits_pending, entity0, entity1, id, last_updated, link) VALUES (0, 187, 194156, 20733, '2011-01-18 16:23:37.789736+00', 23776);
INSERT INTO l_label_url (edits_pending, entity0, entity1, id, last_updated, link) VALUES (0, 187, 187787, 24912, '2011-01-18 16:23:37.789736+00', 23777);
INSERT INTO l_label_url (edits_pending, entity0, entity1, id, last_updated, link) VALUES (0, 187, 191819, 20111, '2011-01-18 16:23:37.789736+00', 23778);
INSERT INTO l_label_url (edits_pending, entity0, entity1, id, last_updated, link) VALUES (0, 187, 191818, 20110, '2011-01-18 16:23:37.789736+00', 23779);
INSERT INTO l_label_url (edits_pending, entity0, entity1, id, last_updated, link) VALUES (0, 2988, 195251, 21646, '2011-01-18 16:23:37.789736+00', 23776);
INSERT INTO l_label_url (edits_pending, entity0, entity1, id, last_updated, link) VALUES (0, 2988, 195250, 17124, '2011-01-18 16:23:37.789736+00', 23778);

UPDATE medium
SET track_count = tc.count
FROM (SELECT count(id),medium FROM track GROUP BY medium) tc
WHERE tc.medium = medium.id;
